/************ CARGA DE LA TABLA MECANICO (CODIGO, NOMBRE, CIUDAD) ************/

insert into MECANICO values (1, 'Técnica Rápido de Autos', 'Girona');
insert into MECANICO values (2, 'Electromecánica Preciso Automotriz', 'Huelva');
insert into MECANICO values (3, 'Neumáticos Experto Total', 'Almería');
insert into MECANICO values (4, 'Mantenimiento Eficiente de Coches', 'Teruel');
insert into MECANICO values (5, 'Chapa y Pintura Profesional Automotriz', 'Cáceres');
insert into MECANICO values (6, 'Técnica Hábil Técnico', 'Castellón de la Plana');
insert into MECANICO values (7, 'Neumáticos Fiable de Reparación', 'Burgos');
insert into MECANICO values (8, 'Automotriz Rápido Automotriz', 'Zamora');
insert into MECANICO values (9, 'Reparación Fiable Automotriz', 'Cuenca');
insert into MECANICO values (10, 'Técnica Innovador Mantenimiento', 'Lugo');


/************ CARGA DE LA TABLA MARCA (CODIGO, NOMBRE, SEDE) ************/
insert into MARCA values(1, 'Toyota', 'Japón');
insert into MARCA values(2, 'Ford', 'Estados Unidos');
insert into MARCA values(3, 'BMW', 'Alemania');
insert into MARCA values(4, 'Audi', 'Alemania');
insert into MARCA values(5, 'Mercedes-Benz', 'Alemania');
insert into MARCA values(6, 'Volkswagen', 'Alemania');
insert into MARCA values(7, 'Nissan', 'Japón');
insert into MARCA values(8, 'Chevrolet', 'Estados Unidos');
insert into MARCA values(9, 'Honda', 'Japón');
insert into MARCA values(10, 'Hyundai', 'Corea del Sur');
insert into MARCA values(11, 'Kia', 'Corea del Sur');
insert into MARCA values(12, 'Mazda', 'Japón');
insert into MARCA values(13, 'Volvo', 'Suecia');
insert into MARCA values(14, 'Peugeot', 'Francia');
insert into MARCA values(15, 'Fiat', 'Italia');
insert into MARCA values(16, 'Seat', 'España');
insert into MARCA values(17, 'Tesla', 'Estados Unidos');
insert into MARCA values(18, 'Renault ', 'Francia');


/************ CARGA DE LA TABLA COCHE (CODIGO, COD_MARCA, MODELO, PROPULSION) ************/
insert into COCHE values (1, 1, 'Corolla', 'Gasolina');
insert into COCHE values (2, 1, 'Corolla', 'Híbrido eléctrico');
insert into COCHE values (3, 1, 'Yaris', 'Gasolina');
insert into COCHE values (4, 1, 'Yaris', 'Híbrido eléctrico');
insert into COCHE values (5, 1, 'RAV4', 'Gasolina');
insert into COCHE values (6, 1, 'RAV4', 'Híbrido eléctrico');
insert into COCHE values (7, 1, 'C-HR', 'Gasolina');
insert into COCHE values (8, 1, 'C-HR', 'Híbrido eléctrico');
insert into COCHE values (9, 1, 'Camry', 'Gasolina');
insert into COCHE values (10, 1, 'Camry', 'Híbrido eléctrico');
insert into COCHE values (11, 1, 'Prius', 'Híbrido eléctrico');
insert into COCHE values (12, 1, 'Mirai', 'Hidrógeno');
insert into COCHE values (13, 1, 'GR Supra', 'Gasolina');
insert into COCHE values (14, 1, 'GT86', 'Gasolina');
insert into COCHE values (15, 1, 'Land Cruiser', 'Gasolina');
insert into COCHE values (16, 1, 'Land Cruiser', 'Diésel');
insert into COCHE values (17, 2, 'Fiesta', 'Gasolina');
insert into COCHE values (18, 2, 'Fiesta', 'Diésel');
insert into COCHE values (19, 2, 'Focus', 'Gasolina');
insert into COCHE values (20, 2, 'Focus', 'Diésel');
insert into COCHE values (21, 2, 'Focus', 'Híbrido eléctrico');
insert into COCHE values (22, 2, 'Mondeo', 'Gasolina');
insert into COCHE values (23, 2, 'Mondeo', 'Diésel');
insert into COCHE values (24, 2, 'Mondeo', 'Híbrido eléctrico');
insert into COCHE values (25, 2, 'Kuga', 'Gasolina');
insert into COCHE values (26, 2, 'Kuga', 'Diésel');
insert into COCHE values (27, 2, 'Kuga', 'Híbrido enchufable');
insert into COCHE values (28, 2, 'EcoSport', 'Gasolina');
insert into COCHE values (29, 2, 'EcoSport', 'Diésel');
insert into COCHE values (30, 2, 'Puma', 'Gasolina');
insert into COCHE values (31, 2, 'Puma', 'Diésel');
insert into COCHE values (32, 2, 'Puma', 'Híbrido eléctrico');
insert into COCHE values (33, 2, 'Mustang', 'Gasolina');
insert into COCHE values (34, 2, 'Edge', 'Diésel');
insert into COCHE values (35, 2, 'Ranger', 'Diésel');
insert into COCHE values (36, 2, 'Transit', 'Diésel');
insert into COCHE values (37, 3, 'Serie 1', 'Gasolina');
insert into COCHE values (38, 3, 'Serie 1', 'Diésel');
insert into COCHE values (39, 3, 'Serie 1', 'Híbrido enchufable');
insert into COCHE values (40, 3, 'Serie 2', 'Gasolina');
insert into COCHE values (41, 3, 'Serie 2', 'Diésel');
insert into COCHE values (42, 3, 'Serie 2', 'Híbrido enchufable');
insert into COCHE values (43, 3, 'Serie 3', 'Gasolina');
insert into COCHE values (44, 3, 'Serie 3', 'Diésel');
insert into COCHE values (45, 3, 'Serie 3', 'Híbrido enchufable');
insert into COCHE values (46, 3, 'Serie 4', 'Gasolina');
insert into COCHE values (47, 3, 'Serie 4', 'Diésel');
insert into COCHE values (48, 3, 'Serie 4', 'Híbrido enchufable');
insert into COCHE values (49, 3, 'Serie 5', 'Gasolina');
insert into COCHE values (50, 3, 'Serie 5', 'Diésel');
insert into COCHE values (51, 3, 'Serie 5', 'Híbrido enchufable');
insert into COCHE values (52, 3, 'Serie 6', 'Gasolina');
insert into COCHE values (53, 3, 'Serie 6', 'Diésel');
insert into COCHE values (54, 3, 'Serie 6', 'Híbrido enchufable');
insert into COCHE values (55, 3, 'Serie 7', 'Gasolina');
insert into COCHE values (56, 3, 'Serie 7', 'Diésel');
insert into COCHE values (57, 3, 'Serie 7', 'Híbrido enchufable');
insert into COCHE values (58, 3, 'X1', 'Gasolina');
insert into COCHE values (59, 3, 'X1', 'Diésel');
insert into COCHE values (60, 3, 'X1', 'Híbrido enchufable');
insert into COCHE values (61, 3, 'X2', 'Gasolina');
insert into COCHE values (62, 3, 'X2', 'Diésel');
insert into COCHE values (63, 3, 'X2', 'Híbrido enchufable');
insert into COCHE values (64, 3, 'X3', 'Gasolina');
insert into COCHE values (65, 3, 'X3', 'Diésel');
insert into COCHE values (66, 3, 'X3', 'Híbrido enchufable');
insert into COCHE values (67, 3, 'X4', 'Gasolina');
insert into COCHE values (68, 3, 'X4', 'Diésel');
insert into COCHE values (69, 3, 'X4', 'Híbrido enchufable');
insert into COCHE values (70, 3, 'X5', 'Gasolina');
insert into COCHE values (71, 3, 'X5', 'Diésel');
insert into COCHE values (72, 3, 'X5', 'Híbrido enchufable');
insert into COCHE values (73, 3, 'X6', 'Gasolina');
insert into COCHE values (74, 3, 'X6', 'Diésel');
insert into COCHE values (75, 3, 'X6', 'Híbrido enchufable');
insert into COCHE values (76, 3, 'X7', 'Gasolina');
insert into COCHE values (77, 3, 'X7', 'Diésel');
insert into COCHE values (78, 3, 'X7', 'Híbrido enchufable');
insert into COCHE values (79, 3, 'i3', 'Eléctrico');
insert into COCHE values (80, 3, 'i3', 'Híbrido enchufable');
insert into COCHE values (81, 3, 'i8', 'Híbrido enchufable');
insert into COCHE values (82, 4, 'A1', 'Gasolina');
insert into COCHE values (83, 4, 'A2', 'Gasolina');
insert into COCHE values (84, 4, 'A3', 'Gasolina');
insert into COCHE values (85, 4, 'A4', 'Diesel');
insert into COCHE values (86, 4, 'A5', 'Gasolina');
insert into COCHE values (87, 4, 'A6', 'Diesel');
insert into COCHE values (88, 4, 'A7', 'Gasolina');
insert into COCHE values (89, 4, 'A8', 'Híbrido');
insert into COCHE values (90, 4, 'Q2', 'Gasolina');
insert into COCHE values (91, 4, 'Q3', 'Diesel');
insert into COCHE values (92, 4, 'Q4', 'Eléctrico');
insert into COCHE values (93, 4, 'Q5', 'Híbrido');
insert into COCHE values (94, 4, 'Q7', 'Diesel');
insert into COCHE values (95, 4, 'Q8', 'Gasolina');
insert into COCHE values (96, 4, 'TT', 'Gasolina');
insert into COCHE values (97, 5, 'Clase A', 'Gasolina');
insert into COCHE values (98, 5, 'Clase B', 'Diésel');
insert into COCHE values (99, 5, 'Clase C', 'Híbrido');
insert into COCHE values (100, 5, 'Clase E', 'Eléctrico');
insert into COCHE values (101, 5, 'Clase G', 'Gasolina');
insert into COCHE values (102, 5, 'Clase S', 'Híbrido');
insert into COCHE values (103, 5, 'GLA', 'Gasolina');
insert into COCHE values (104, 5, 'GLB', 'Diésel');
insert into COCHE values (105, 5, 'GLC', 'Híbrido');
insert into COCHE values (106, 5, 'GLE', 'Eléctrico');
insert into COCHE values (107, 5, 'GLS', 'Gasolina');
insert into COCHE values (108, 5, 'AMG GT', 'Gasolina');
insert into COCHE values (109, 5, 'EQC', 'Eléctrico');
insert into COCHE values (110, 6, 'Golf', 'Gasolina');
insert into COCHE values (111, 6, 'Golf', 'Diésel');
insert into COCHE values (112, 6, 'Golf', 'Híbrido');
insert into COCHE values (113, 6, 'Golf', 'Eléctrico');
insert into COCHE values (114, 6, 'Polo', 'Gasolina');
insert into COCHE values (115, 6, 'Polo', 'Diésel');
insert into COCHE values (116, 6, 'Polo', 'Híbrido');
insert into COCHE values (117, 6, 'Passat', 'Gasolina');
insert into COCHE values (118, 6, 'Passat', 'Diésel');
insert into COCHE values (119, 6, 'Passat', 'Híbrido');
insert into COCHE values (120, 6, 'Tiguan', 'Gasolina');
insert into COCHE values (121, 6, 'Tiguan', 'Diésel');
insert into COCHE values (122, 6, 'Tiguan', 'Híbrido');
insert into COCHE values (123, 6, 'Touareg', 'Gasolina');
insert into COCHE values (124, 6, 'Touareg', 'Diésel');
insert into COCHE values (125, 6, 'Touareg', 'Híbrido');
insert into COCHE values (126, 6, 'Arteon', 'Gasolina');
insert into COCHE values (127, 6, 'Arteon', 'Diésel');
insert into COCHE values (128, 6, 'Arteon', 'Híbrido');
insert into COCHE values (129, 6, 'Up', 'Gasolina');
insert into COCHE values (130, 6, 'Up', 'Eléctrico');
insert into COCHE values (131, 6, 'ID.3', 'Eléctrico');
insert into COCHE values (132, 6, 'ID.4', 'Eléctrico');
insert into COCHE values (133, 6, 'Caddy', 'Gasolina');
insert into COCHE values (134, 6, 'Caddy', 'Diésel');
insert into COCHE values (135, 6, 'Caddy', 'Híbrido');
insert into COCHE values (136, 7, 'Micra', 'Gasolina');
insert into COCHE values (137, 7, 'Micra', 'Eléctrico');
insert into COCHE values (138, 7, 'Qashqai', 'Gasolina');
insert into COCHE values (139, 7, 'Qashqai', 'Diésel');
insert into COCHE values (140, 7, 'Qashqai', 'Híbrido');
insert into COCHE values (141, 7, 'Qashqai', 'Eléctrico');
insert into COCHE values (142, 7, 'Juke', 'Gasolina');
insert into COCHE values (143, 7, 'Juke', 'Diésel');
insert into COCHE values (144, 7, 'Juke', 'Híbrido');
insert into COCHE values (145, 7, 'Leaf', 'Eléctrico');
insert into COCHE values (146, 7, 'GT-R', 'Gasolina');
insert into COCHE values (147, 8, 'Bel Air', 'Gasolina');
insert into COCHE values (148, 8, 'Camaro', 'Gasolina');
insert into COCHE values (149, 8, 'Chevelle', 'Gasolina');
insert into COCHE values (150, 8, 'Corvette', 'Gasolina');
insert into COCHE values (151, 8, 'Impala', 'Gasolina');
insert into COCHE values (152, 8, 'Nova', 'Gasolina');
insert into COCHE values (153, 9, 'Accord', 'Gasolina');
insert into COCHE values (154, 9, 'Accord', 'Diésel');
insert into COCHE values (155, 9, 'Civic', 'Gasolina');
insert into COCHE values (156, 9, 'Civic', 'Diésel');
insert into COCHE values (157, 9, 'Civic', 'Eléctrico');
insert into COCHE values (158, 9, 'CR-V', 'Gasolina');
insert into COCHE values (159, 9, 'CR-V', 'Híbrido');
insert into COCHE values (160, 9, 'HR-V', 'Gasolina');
insert into COCHE values (161, 9, 'HR-V', 'Híbrido');
insert into COCHE values (162, 9, 'Jazz', 'Gasolina');
insert into COCHE values (163, 9, 'Jazz', 'Híbrido');
insert into COCHE values (164, 9, 'NSX', 'Híbrido');
insert into COCHE values (165, 10, 'Accent', 'Gasolina');
insert into COCHE values (166, 10, 'Elantra', 'Gasolina');
insert into COCHE values (167, 10, 'Elantra', 'Híbrido');
insert into COCHE values (168, 10, 'i10', 'Gasolina');
insert into COCHE values (169, 10, 'i20', 'Gasolina');
insert into COCHE values (170, 10, 'i20', 'Diésel');
insert into COCHE values (171, 10, 'i30', 'Gasolina');
insert into COCHE values (172, 10, 'i30', 'Diésel');
insert into COCHE values (173, 10, 'i30', 'Híbrido');
insert into COCHE values (174, 10, 'Kona', 'Gasolina');
insert into COCHE values (175, 10, 'Kona', 'Híbrido');
insert into COCHE values (176, 10, 'Kona', 'Eléctrico');
insert into COCHE values (177, 10, 'Santa Fe', 'Gasolina');
insert into COCHE values (178, 10, 'Santa Fe', 'Diésel');
insert into COCHE values (179, 10, 'Santa Fe', 'Híbrido');
insert into COCHE values (180, 10, 'Tucson', 'Gasolina');
insert into COCHE values (181, 10, 'Tucson', 'Diésel');
insert into COCHE values (182, 10, 'Tucson', 'Híbrido');
insert into COCHE values (183, 11, 'Picanto', 'Gasolina');
insert into COCHE values (184, 11, 'Picanto', 'Diesel');
insert into COCHE values (185, 11, 'Rio', 'Gasolina');
insert into COCHE values (186, 11, 'Rio', 'Diesel');
insert into COCHE values (187, 11, 'Stonic', 'Gasolina');
insert into COCHE values (188, 11, 'Stonic', 'Diesel');
insert into COCHE values (189, 11, 'Niro', 'Híbrido');
insert into COCHE values (190, 11, 'Niro', 'Eléctrico');
insert into COCHE values (191, 11, 'Ceed', 'Gasolina');
insert into COCHE values (192, 11, 'Ceed', 'Diesel');
insert into COCHE values (193, 11, 'Sportage', 'Gasolina');
insert into COCHE values (194, 11, 'Sportage', 'Diesel');
insert into COCHE values (195, 11, 'Sorento', 'Gasolina');
insert into COCHE values (196, 11, 'Sorento', 'Diesel');
insert into COCHE values (197, 11, 'Telluride', 'Gasolina');
insert into COCHE values (198, 12, '2', 'Gasolina');
insert into COCHE values (199, 12, '2', 'Diesel');
insert into COCHE values (200, 12, '2', 'Híbrido');
insert into COCHE values (201, 12, '3', 'Gasolina');
insert into COCHE values (202, 12, '3', 'Diesel');
insert into COCHE values (203, 12, '3', 'Híbrido');
insert into COCHE values (204, 12, 'CX-30', 'Gasolina');
insert into COCHE values (205, 12, 'CX-30', 'Diesel');
insert into COCHE values (206, 12, 'CX-30', 'Híbrido');
insert into COCHE values (207, 12, 'CX-5', 'Gasolina');
insert into COCHE values (208, 12, 'CX-5', 'Diesel');
insert into COCHE values (209, 12, 'CX-5', 'Híbrido');
insert into COCHE values (210, 13, 'XC90', 'Gasolina');
insert into COCHE values (211, 13, 'XC90', 'Diésel');
insert into COCHE values (212, 13, 'XC90', 'Híbrido enchufable');
insert into COCHE values (213, 13, 'XC90', 'Eléctrico');
insert into COCHE values (214, 13, 'XC60', 'Gasolina');
insert into COCHE values (215, 13, 'XC60', 'Diésel');
insert into COCHE values (216, 13, 'XC60', 'Híbrido enchufable');
insert into COCHE values (217, 13, 'XC60', 'Eléctrico');
insert into COCHE values (218, 13, 'XC40', 'Gasolina');
insert into COCHE values (219, 13, 'XC40', 'Diésel');
insert into COCHE values (220, 13, 'XC40', 'Híbrido enchufable');
insert into COCHE values (221, 13, 'XC40', 'Eléctrico');
insert into COCHE values (222, 13, 'S90', 'Gasolina');
insert into COCHE values (223, 13, 'S90', 'Diésel');
insert into COCHE values (224, 13, 'S90', 'Híbrido enchufable');
insert into COCHE values (225, 13, 'S60', 'Gasolina');
insert into COCHE values (226, 13, 'S60', 'Diésel');
insert into COCHE values (227, 13, 'S60', 'Híbrido enchufable');
insert into COCHE values (228, 13, 'V90', 'Gasolina');
insert into COCHE values (229, 13, 'V90', 'Diésel');
insert into COCHE values (230, 13, 'V90', 'Híbrido enchufable');
insert into COCHE values (231, 13, 'V60', 'Gasolina');
insert into COCHE values (232, 13, 'V60', 'Diésel');
insert into COCHE values (233, 13, 'V60', 'Híbrido enchufable');
insert into COCHE values (234, 14, '108', 'Gasolina');
insert into COCHE values (235, 14, '208', 'Gasolina');
insert into COCHE values (236, 14, '208', 'Diesel');
insert into COCHE values (237, 14, '208', 'Eléctrico');
insert into COCHE values (238, 14, '2008', 'Gasolina');
insert into COCHE values (239, 14, '2008', 'Diesel');
insert into COCHE values (240, 14, '2008', 'Eléctrico');
insert into COCHE values (241, 14, '308', 'Gasolina');
insert into COCHE values (242, 14, '308', 'Diesel');
insert into COCHE values (243, 14, '3008', 'Gasolina');
insert into COCHE values (244, 14, '3008', 'Diesel');
insert into COCHE values (245, 14, '3008', 'Eléctrico');
insert into COCHE values (246, 14, '508', 'Gasolina');
insert into COCHE values (247, 14, '508', 'Diesel');
insert into COCHE values (248, 14, '508', 'Eléctrico');
insert into COCHE values (249, 14, '5008', 'Gasolina');
insert into COCHE values (250, 14, '5008', 'Diesel');
insert into COCHE values (251, 14, '5008', 'Eléctrico');
insert into COCHE values (252, 14, 'Rifter', 'Gasolina');
insert into COCHE values (253, 14, 'Rifter', 'Diesel');
insert into COCHE values (254, 14, 'Traveller', 'Gasolina');
insert into COCHE values (255, 14, 'Traveller', 'Diesel');
insert into COCHE values (256, 14, 'Partner', 'Gasolina');
insert into COCHE values (257, 14, 'Partner', 'Diesel');
insert into COCHE values (258, 14, 'Expert', 'Gasolina');
insert into COCHE values (259, 14, 'Expert', 'Diesel');
insert into COCHE values (260, 14, 'Boxer', 'Gasolina');
insert into COCHE values (261, 14, 'Boxer', 'Diesel');
insert into COCHE values (262, 15, '500', 'Gasolina');
insert into COCHE values (263, 15, '500', 'Eléctrico');
insert into COCHE values (264, 15, '500L', 'Gasolina');
insert into COCHE values (265, 15, '500X', 'Gasolina');
insert into COCHE values (266, 15, 'Panda', 'Gasolina');
insert into COCHE values (267, 15, 'Panda', 'GNC');
insert into COCHE values (268, 15, 'Tipo', 'Gasolina');
insert into COCHE values (269, 15, 'Tipo', 'Diésel');
insert into COCHE values (270, 15, 'Tipo', 'GNC');
insert into COCHE values (271, 15, 'Doblo', 'Gasolina');
insert into COCHE values (272, 15, 'Doblo', 'Diésel');
insert into COCHE values (273, 15, 'Doblo', 'GNC');
insert into COCHE values (274, 15, 'Qubo', 'Gasolina');
insert into COCHE values (275, 15, 'Qubo', 'Diésel');
insert into COCHE values (276, 15, 'Tipo Cross', 'Gasolina');
insert into COCHE values (277, 15, 'Tipo Cross', 'Diésel');
insert into COCHE values (278, 15, '500e', 'Eléctrico');
insert into COCHE values (279, 15, '500C', 'Gasolina');
insert into COCHE values (280, 15, 'Talento', 'Diésel');
insert into COCHE values (281, 15, 'Ducato', 'Diésel');
insert into COCHE values (282, 15, 'Punto', 'Gasolina');
insert into COCHE values (283, 15, 'Punto', 'Diésel');
insert into COCHE values (284, 15, 'Freemont', 'Gasolina');
insert into COCHE values (285, 15, 'Freemont', 'Diésel');
insert into COCHE values (286, 15, '500L Living', 'Gasolina');
insert into COCHE values (287, 15, '500L Living', 'Diésel');
insert into COCHE values (288, 15, '124 Spider', 'Gasolina');
insert into COCHE values (289, 15, 'Fullback', 'Diésel');
insert into COCHE values (290, 15, 'Tipo Station Wagon', 'Gasolina');
insert into COCHE values (291, 15, 'Tipo Station Wagon', 'Diésel');
insert into COCHE values (292, 15, 'Tipo Sedan', 'Gasolina');
insert into COCHE values (293, 15, 'Tipo Sedan', 'Diésel');
insert into COCHE values (294, 15, 'Tipo Sedan', 'GNC');
insert into COCHE values (295, 15, '500L Cross', 'Gasolina');
insert into COCHE values (296, 15, '500L Cross', 'Diésel');
insert into COCHE values (297, 15, '500L Trekking', 'Gasolina');
insert into COCHE values (298, 15, '500L Trekking', 'Diésel');
insert into COCHE values (299, 15, '500L Urban', 'Gasolina');
insert into COCHE values (300, 15, '500L Urban', 'Diésel');
insert into COCHE values (301, 15, '500S', 'Gasolina');
insert into COCHE values (302, 15, '500C Cabrio', 'Gasolina');
insert into COCHE values (303, 15, '500L MPV', 'Gasolina');
insert into COCHE values (304, 15, '500L MPV', 'Diésel');
insert into COCHE values (305, 15, '500 Spiaggina 58', 'Gasolina');
insert into COCHE values (306, 16, 'Arona', 'Gasolina');
insert into COCHE values (307, 16, 'Arona', 'Diésel');
insert into COCHE values (308, 16, 'Arona', 'Eléctrico');
insert into COCHE values (309, 16, 'Arona', 'Híbrido enchufable');
insert into COCHE values (310, 16, 'Ateca', 'Gasolina');
insert into COCHE values (311, 16, 'Ateca', 'Diésel');
insert into COCHE values (312, 16, 'Ateca', 'Híbrido enchufable');
insert into COCHE values (313, 16, 'Ibiza', 'Gasolina');
insert into COCHE values (314, 16, 'Ibiza', 'Diésel');
insert into COCHE values (315, 16, 'Leon', 'Gasolina');
insert into COCHE values (316, 16, 'Leon', 'Diésel');
insert into COCHE values (317, 16, 'Leon', 'Eléctrico');
insert into COCHE values (318, 16, 'Leon', 'Híbrido enchufable');
insert into COCHE values (319, 16, 'Tarraco', 'Gasolina');
insert into COCHE values (320, 16, 'Tarraco', 'Diésel');
insert into COCHE values (321, 16, 'Tarraco', 'Híbrido enchufable');
insert into COCHE values (322, 17, 'Model S', 'Eléctrico');
insert into COCHE values (323, 17, 'Model 3', 'Eléctrico');
insert into COCHE values (324, 17, 'Model X', 'Eléctrico');
insert into COCHE values (325, 17, 'Model Y', 'Eléctrico');
insert into COCHE values (326, 18, 'Clio', 'Gasolina');
insert into COCHE values (327, 18, 'Clio', 'Diésel');
insert into COCHE values (328, 18, 'Clio', 'Híbrido');
insert into COCHE values (329, 18, 'Mégane', 'Gasolina');
insert into COCHE values (330, 18, 'Mégane', 'Diésel');
insert into COCHE values (331, 18, 'Mégane', 'Híbrido');
insert into COCHE values (332, 18, 'Captur', 'Gasolina');
insert into COCHE values (333, 18, 'Captur', 'Diésel');
insert into COCHE values (334, 18, 'Captur', 'Híbrido');
insert into COCHE values (335, 18, 'Zoe', 'Eléctrico');
insert into COCHE values (336, 18, 'Kadjar', 'Gasolina');
insert into COCHE values (337, 18, 'Kadjar', 'Diésel');
insert into COCHE values (338, 18, 'Kadjar', 'Híbrido');
insert into COCHE values (339, 18, 'Talisman', 'Gasolina');
insert into COCHE values (340, 18, 'Talisman', 'Diésel');
insert into COCHE values (341, 18, 'Talisman', 'Híbrido');
insert into COCHE values (342, 18, 'Scénic', 'Gasolina');
insert into COCHE values (343, 18, 'Scénic', 'Diésel');
insert into COCHE values (344, 18, 'Scénic', 'Híbrido');
insert into COCHE values (345, 18, 'Twingo', 'Gasolina');
insert into COCHE values (346, 18, 'Twingo', 'Eléctrico');
insert into COCHE values (347, 18, 'Koleos', 'Gasolina');
insert into COCHE values (348, 18, 'Koleos', 'Diésel');
insert into COCHE values (349, 18, 'Koleos', 'Híbrido');
insert into COCHE values (350, 18, 'Clio', 'Gasolina');
insert into COCHE values (351, 18, 'Laguna', 'Gasolina');
insert into COCHE values (352, 18, 'Laguna', 'Diésel');
insert into COCHE values (353, 18, 'Laguna', 'Híbrido');


/************ CARGA DE LA TABLA REPARA (ID, COD_MECANICO, COD_COCHE, FECHA, PRECIO) ************/
insert into REPARA values (1, 3, 215, '2017-02-06', 885.22);
insert into REPARA values (2, 10, 205, '2015-10-20', 654.85);
insert into REPARA values (3, 8, 199, '2016-01-03', 4405.33);
insert into REPARA values (4, 8, 155, '2020-07-06', 1895.21);
insert into REPARA values (5, 2, 192, '2015-11-21', 3255.21);
insert into REPARA values (6, 10, 259, '2023-01-04', 2728.65);
insert into REPARA values (7, 8, 71, '2015-07-23', 4398.47);
insert into REPARA values (8, 3, 43, '2017-11-20', 4301.43);
insert into REPARA values (9, 7, 226, '2018-04-26', 3802.00);
insert into REPARA values (10, 2, 309, '2019-04-24', 4209.99);
insert into REPARA values (11, 1, 102, '2021-10-27', 1919.72);
insert into REPARA values (12, 2, 67, '2019-08-08', 181.66);
insert into REPARA values (13, 3, 158, '2018-05-21', 4213.43);
insert into REPARA values (14, 10, 339, '2017-03-09', 4357.47);
insert into REPARA values (15, 4, 351, '2021-04-16', 3776.10);
insert into REPARA values (16, 5, 352, '2016-11-22', 2817.88);
insert into REPARA values (17, 8, 349, '2015-06-02', 3702.18);
insert into REPARA values (18, 9, 30, '2021-11-10', 3780.69);
insert into REPARA values (19, 8, 181, '2015-06-10', 3100.96);
insert into REPARA values (20, 6, 12, '2017-11-28', 615.35);
insert into REPARA values (21, 1, 337, '2021-07-27', 1091.28);
insert into REPARA values (22, 6, 126, '2018-09-22', 3122.75);
insert into REPARA values (23, 8, 146, '2022-01-06', 4069.18);
insert into REPARA values (24, 2, 145, '2019-09-24', 4588.55);
insert into REPARA values (25, 5, 244, '2019-04-29', 1230.98);
insert into REPARA values (26, 7, 334, '2017-12-26', 1720.48);
insert into REPARA values (27, 6, 28, '2019-06-11', 602.62);
insert into REPARA values (28, 2, 134, '2016-12-19', 3866.00);
insert into REPARA values (29, 4, 280, '2015-07-07', 4813.10);
insert into REPARA values (30, 2, 324, '2023-01-03', 3360.50);
insert into REPARA values (31, 10, 302, '2021-05-02', 1348.65);
insert into REPARA values (32, 6, 240, '2019-02-18', 1483.44);
insert into REPARA values (33, 9, 222, '2019-09-07', 4602.89);
insert into REPARA values (34, 8, 164, '2015-05-05', 1775.37);
insert into REPARA values (35, 4, 280, '2018-05-21', 4694.66);
insert into REPARA values (36, 6, 30, '2019-12-11', 3097.97);
insert into REPARA values (37, 4, 254, '2017-12-16', 2813.12);
insert into REPARA values (38, 4, 63, '2020-03-07', 1799.90);
insert into REPARA values (39, 4, 170, '2019-02-11', 2562.71);
insert into REPARA values (40, 3, 244, '2022-07-10', 1770.24);
insert into REPARA values (41, 8, 279, '2019-03-11', 1928.04);
insert into REPARA values (42, 1, 315, '2021-02-01', 3650.95);
insert into REPARA values (43, 1, 94, '2018-03-24', 1390.25);
insert into REPARA values (44, 10, 284, '2018-12-24', 3673.53);
insert into REPARA values (45, 6, 82, '2018-09-21', 3392.90);
insert into REPARA values (46, 10, 151, '2022-01-31', 4015.89);
insert into REPARA values (47, 8, 139, '2020-12-18', 422.47);
insert into REPARA values (48, 3, 219, '2016-11-24', 1801.03);
insert into REPARA values (49, 2, 94, '2015-10-17', 4725.82);
insert into REPARA values (50, 5, 115, '2021-01-14', 951.43);
insert into REPARA values (51, 5, 307, '2020-08-14', 1629.69);
insert into REPARA values (52, 9, 2, '2018-12-11', 2514.29);
insert into REPARA values (53, 9, 221, '2021-09-12', 4272.79);
insert into REPARA values (54, 3, 105, '2016-11-02', 2497.98);
insert into REPARA values (55, 4, 313, '2021-07-07', 2418.27);
insert into REPARA values (56, 6, 237, '2018-02-14', 369.17);
insert into REPARA values (57, 9, 188, '2019-11-26', 1678.65);
insert into REPARA values (58, 4, 116, '2020-07-09', 4993.84);
insert into REPARA values (59, 3, 334, '2017-02-21', 1058.65);
insert into REPARA values (60, 1, 346, '2022-08-03', 281.20);
insert into REPARA values (61, 7, 190, '2016-05-24', 4711.17);
insert into REPARA values (62, 3, 46, '2022-01-19', 3173.31);
insert into REPARA values (63, 1, 119, '2019-05-10', 2248.03);
insert into REPARA values (64, 6, 152, '2018-03-20', 4275.80);
insert into REPARA values (65, 2, 326, '2022-01-03', 2930.71);
insert into REPARA values (66, 6, 36, '2022-08-25', 225.34);
insert into REPARA values (67, 8, 323, '2016-10-29', 1004.30);
insert into REPARA values (68, 10, 185, '2020-11-15', 1589.67);
insert into REPARA values (69, 4, 15, '2020-04-06', 4628.89);
insert into REPARA values (70, 5, 99, '2021-12-29', 3551.66);
insert into REPARA values (71, 7, 274, '2015-04-22', 383.74);
insert into REPARA values (72, 1, 31, '2017-07-17', 3177.18);
insert into REPARA values (73, 4, 56, '2022-12-17', 3508.99);
insert into REPARA values (74, 4, 10, '2020-03-15', 615.28);
insert into REPARA values (75, 1, 17, '2020-10-10', 1919.06);
insert into REPARA values (76, 9, 234, '2021-07-02', 1790.12);
insert into REPARA values (77, 7, 330, '2015-01-13', 3427.75);
insert into REPARA values (78, 4, 213, '2020-04-12', 2216.48);
insert into REPARA values (79, 3, 203, '2017-02-23', 4450.75);
insert into REPARA values (80, 8, 202, '2022-04-29', 4797.47);
insert into REPARA values (81, 2, 215, '2019-10-31', 360.94);
insert into REPARA values (82, 7, 95, '2018-06-26', 3141.14);
insert into REPARA values (83, 8, 269, '2023-02-15', 1448.01);
insert into REPARA values (84, 3, 68, '2022-09-04', 3455.63);
insert into REPARA values (85, 10, 71, '2021-05-25', 1155.32);
insert into REPARA values (86, 6, 340, '2016-06-17', 706.78);
insert into REPARA values (87, 8, 44, '2021-06-28', 1598.09);
insert into REPARA values (88, 3, 79, '2020-05-11', 2086.88);
insert into REPARA values (89, 4, 338, '2018-06-07', 3203.95);
insert into REPARA values (90, 9, 344, '2016-02-23', 592.21);
insert into REPARA values (91, 10, 124, '2022-10-21', 4931.89);
insert into REPARA values (92, 2, 304, '2022-08-20', 1704.39);
insert into REPARA values (93, 2, 227, '2021-01-19', 4337.16);
insert into REPARA values (94, 2, 20, '2018-04-11', 1290.23);
insert into REPARA values (95, 3, 329, '2022-12-27', 1265.79);
insert into REPARA values (96, 7, 38, '2020-06-24', 1051.60);
insert into REPARA values (97, 8, 5, '2015-08-20', 1351.03);
insert into REPARA values (98, 1, 50, '2018-09-24', 2824.20);
insert into REPARA values (99, 2, 149, '2022-08-22', 1229.61);
insert into REPARA values (100, 4, 74, '2019-02-21', 3235.81);
insert into REPARA values (101, 3, 133, '2022-04-01', 4785.73);
insert into REPARA values (102, 10, 230, '2020-09-04', 2074.43);
insert into REPARA values (103, 9, 132, '2018-06-01', 1848.00);
insert into REPARA values (104, 9, 234, '2016-07-12', 1869.46);
insert into REPARA values (105, 7, 19, '2017-08-31', 598.23);
insert into REPARA values (106, 7, 124, '2018-09-09', 2031.20);
insert into REPARA values (107, 2, 246, '2020-02-18', 1627.19);
insert into REPARA values (108, 4, 83, '2015-12-10', 4232.93);
insert into REPARA values (109, 9, 164, '2021-01-27', 200.25);
insert into REPARA values (110, 8, 188, '2019-06-07', 599.41);
insert into REPARA values (111, 2, 167, '2015-09-12', 2670.20);
insert into REPARA values (112, 4, 285, '2017-01-30', 1286.94);
insert into REPARA values (113, 6, 282, '2020-06-06', 4120.87);
insert into REPARA values (114, 8, 154, '2020-08-06', 3716.58);
insert into REPARA values (115, 7, 155, '2020-05-22', 1225.55);
insert into REPARA values (116, 1, 164, '2015-01-29', 4874.82);
insert into REPARA values (117, 2, 176, '2020-07-18', 3179.75);
insert into REPARA values (118, 3, 221, '2018-09-03', 3947.80);
insert into REPARA values (119, 5, 98, '2016-02-10', 4953.64);
insert into REPARA values (120, 6, 276, '2019-01-29', 1093.06);
insert into REPARA values (121, 3, 70, '2021-12-24', 1119.92);
insert into REPARA values (122, 4, 227, '2019-10-21', 4820.79);
insert into REPARA values (123, 7, 143, '2015-07-03', 3589.75);
insert into REPARA values (124, 1, 219, '2017-09-24', 2383.15);
insert into REPARA values (125, 10, 123, '2017-08-03', 652.87);
insert into REPARA values (126, 9, 289, '2022-07-22', 4407.43);
insert into REPARA values (127, 2, 268, '2018-04-12', 2759.41);
insert into REPARA values (128, 5, 71, '2015-08-06', 2269.56);
insert into REPARA values (129, 3, 45, '2018-01-20', 4073.09);
insert into REPARA values (130, 9, 138, '2016-11-28', 2515.02);
insert into REPARA values (131, 8, 74, '2018-09-29', 842.05);
insert into REPARA values (132, 3, 63, '2017-08-23', 2281.29);
insert into REPARA values (133, 6, 176, '2021-03-29', 3043.70);
insert into REPARA values (134, 1, 14, '2015-05-27', 2729.48);
insert into REPARA values (135, 2, 291, '2016-07-14', 4463.86);
insert into REPARA values (136, 10, 326, '2022-06-16', 4092.42);
insert into REPARA values (137, 5, 198, '2023-02-19', 3226.67);
insert into REPARA values (138, 6, 335, '2020-04-19', 2165.63);
insert into REPARA values (139, 9, 191, '2017-08-26', 3752.43);
insert into REPARA values (140, 4, 218, '2015-08-18', 3008.89);
insert into REPARA values (141, 6, 199, '2021-08-15', 1080.69);
insert into REPARA values (142, 5, 162, '2016-01-21', 2306.39);
insert into REPARA values (143, 10, 68, '2017-07-28', 4216.10);
insert into REPARA values (144, 8, 135, '2020-10-16', 427.14);
insert into REPARA values (145, 9, 2, '2022-08-13', 1210.01);
insert into REPARA values (146, 2, 15, '2020-11-21', 4742.15);
insert into REPARA values (147, 5, 308, '2018-04-15', 1534.82);
insert into REPARA values (148, 4, 312, '2018-10-18', 205.06);
insert into REPARA values (149, 7, 270, '2022-10-14', 840.10);
insert into REPARA values (150, 9, 194, '2021-03-27', 2467.74);
insert into REPARA values (151, 10, 145, '2021-05-22', 4753.93);
insert into REPARA values (152, 9, 297, '2023-03-03', 359.27);
insert into REPARA values (153, 8, 340, '2015-08-21', 136.62);
insert into REPARA values (154, 2, 265, '2015-08-21', 2895.74);
insert into REPARA values (155, 8, 237, '2023-03-18', 1923.77);
insert into REPARA values (156, 2, 171, '2021-03-05', 2805.40);
insert into REPARA values (157, 3, 314, '2015-03-19', 2079.67);
insert into REPARA values (158, 2, 225, '2017-09-08', 571.68);
insert into REPARA values (159, 8, 45, '2019-01-22', 2831.91);
insert into REPARA values (160, 4, 205, '2015-03-08', 3023.44);
insert into REPARA values (161, 5, 69, '2015-05-29', 4492.95);
insert into REPARA values (162, 8, 137, '2022-07-28', 914.90);
insert into REPARA values (163, 5, 86, '2015-08-15', 369.52);
insert into REPARA values (164, 1, 224, '2016-03-31', 4750.70);
insert into REPARA values (165, 2, 130, '2022-09-20', 2201.68);
insert into REPARA values (166, 4, 55, '2022-02-27', 1149.37);
insert into REPARA values (167, 5, 279, '2018-12-18', 2157.66);
insert into REPARA values (168, 1, 163, '2018-01-29', 3575.69);
insert into REPARA values (169, 8, 202, '2021-10-31', 4898.44);
insert into REPARA values (170, 1, 113, '2020-04-04', 1076.65);
insert into REPARA values (171, 10, 46, '2017-10-14', 1396.81);
insert into REPARA values (172, 7, 288, '2023-01-02', 525.31);
insert into REPARA values (173, 3, 162, '2020-09-02', 3586.79);
insert into REPARA values (174, 2, 51, '2018-05-26', 2470.46);
insert into REPARA values (175, 10, 207, '2015-02-10', 1660.08);
insert into REPARA values (176, 1, 165, '2021-01-24', 804.32);
insert into REPARA values (177, 6, 299, '2018-10-04', 916.47);
insert into REPARA values (178, 8, 260, '2016-10-04', 1533.19);
insert into REPARA values (179, 9, 196, '2021-10-31', 3061.97);
insert into REPARA values (180, 1, 174, '2020-09-01', 2371.38);
insert into REPARA values (181, 7, 121, '2017-09-23', 4436.13);
insert into REPARA values (182, 7, 349, '2016-10-31', 2251.81);
insert into REPARA values (183, 1, 308, '2016-08-02', 416.12);
insert into REPARA values (184, 10, 134, '2020-10-03', 2638.82);
insert into REPARA values (185, 7, 178, '2019-01-11', 1393.51);
insert into REPARA values (186, 1, 88, '2018-05-18', 3709.56);
insert into REPARA values (187, 9, 81, '2019-07-10', 4192.57);
insert into REPARA values (188, 1, 179, '2018-08-10', 4765.50);
insert into REPARA values (189, 3, 24, '2020-01-30', 2924.53);
insert into REPARA values (190, 7, 340, '2022-12-01', 3623.02);
insert into REPARA values (191, 1, 77, '2017-03-03', 2330.97);
insert into REPARA values (192, 6, 306, '2016-02-05', 3441.71);
insert into REPARA values (193, 7, 59, '2021-08-15', 1164.12);
insert into REPARA values (194, 4, 231, '2015-02-03', 251.02);
insert into REPARA values (195, 9, 235, '2021-10-11', 1693.00);
insert into REPARA values (196, 1, 215, '2017-09-21', 260.05);
insert into REPARA values (197, 3, 140, '2017-12-06', 4226.43);
insert into REPARA values (198, 1, 252, '2015-08-05', 4217.99);
insert into REPARA values (199, 10, 295, '2017-08-27', 4053.02);
insert into REPARA values (200, 2, 100, '2021-10-27', 2957.03);
insert into REPARA values (201, 10, 137, '2015-04-17', 755.58);
insert into REPARA values (202, 8, 237, '2016-02-21', 4759.75);
insert into REPARA values (203, 10, 102, '2017-04-18', 1760.04);
insert into REPARA values (204, 4, 337, '2017-10-04', 179.24);
insert into REPARA values (205, 1, 31, '2020-01-03', 817.00);
insert into REPARA values (206, 9, 91, '2020-06-10', 2164.08);
insert into REPARA values (207, 7, 92, '2016-08-19', 2423.68);
insert into REPARA values (208, 9, 304, '2022-01-01', 3222.58);
insert into REPARA values (209, 6, 319, '2016-10-08', 367.97);
insert into REPARA values (210, 4, 92, '2019-07-13', 2616.62);
insert into REPARA values (211, 3, 279, '2020-12-23', 2919.40);
insert into REPARA values (212, 3, 81, '2016-11-04', 742.00);
insert into REPARA values (213, 7, 228, '2015-06-16', 1514.69);
insert into REPARA values (214, 4, 36, '2015-03-26', 1724.92);
insert into REPARA values (215, 4, 184, '2022-02-19', 2127.54);
insert into REPARA values (216, 8, 97, '2019-01-16', 1833.67);
insert into REPARA values (217, 4, 223, '2017-02-15', 4981.84);
insert into REPARA values (218, 3, 108, '2016-05-14', 2730.13);
insert into REPARA values (219, 5, 227, '2017-05-09', 2481.79);
insert into REPARA values (220, 9, 85, '2016-09-24', 3107.78);
insert into REPARA values (221, 7, 309, '2021-01-07', 1331.30);
insert into REPARA values (222, 7, 216, '2020-08-06', 3657.14);
insert into REPARA values (223, 2, 137, '2022-02-23', 729.47);
insert into REPARA values (224, 7, 113, '2019-06-07', 4943.17);
insert into REPARA values (225, 2, 223, '2021-04-17', 977.76);
insert into REPARA values (226, 10, 17, '2021-06-19', 233.01);
insert into REPARA values (227, 5, 225, '2022-03-20', 4519.99);
insert into REPARA values (228, 10, 190, '2018-02-27', 377.27);
insert into REPARA values (229, 2, 331, '2022-06-16', 3641.29);
insert into REPARA values (230, 8, 245, '2018-02-05', 1508.78);
insert into REPARA values (231, 9, 135, '2015-12-04', 3966.62);
insert into REPARA values (232, 8, 28, '2017-05-18', 4107.06);
insert into REPARA values (233, 5, 73, '2019-12-21', 2256.26);
insert into REPARA values (234, 2, 159, '2022-05-10', 1476.45);
insert into REPARA values (235, 3, 253, '2019-10-25', 2043.13);
insert into REPARA values (236, 10, 110, '2020-08-10', 2352.17);
insert into REPARA values (237, 7, 115, '2021-07-05', 1333.28);
insert into REPARA values (238, 2, 31, '2016-03-06', 2179.33);
insert into REPARA values (239, 8, 43, '2017-04-03', 1742.73);
insert into REPARA values (240, 7, 105, '2022-08-14', 727.01);
insert into REPARA values (241, 6, 28, '2018-05-10', 108.85);
insert into REPARA values (242, 8, 103, '2022-03-03', 2632.57);
insert into REPARA values (243, 10, 164, '2023-03-10', 1518.42);
insert into REPARA values (244, 3, 66, '2018-12-30', 4300.08);
insert into REPARA values (245, 8, 100, '2021-01-30', 102.32);
insert into REPARA values (246, 4, 113, '2018-09-04', 3270.99);
insert into REPARA values (247, 4, 7, '2021-02-24', 3298.77);
insert into REPARA values (248, 9, 176, '2021-08-01', 472.18);
insert into REPARA values (249, 7, 15, '2020-12-22', 4550.93);
insert into REPARA values (250, 2, 314, '2022-03-24', 1223.81);
insert into REPARA values (251, 8, 348, '2020-05-28', 1145.71);
insert into REPARA values (252, 2, 46, '2017-01-05', 3733.33);
insert into REPARA values (253, 9, 217, '2018-08-08', 747.98);
insert into REPARA values (254, 5, 287, '2020-06-11', 4807.84);
insert into REPARA values (255, 3, 174, '2022-11-19', 2509.62);
insert into REPARA values (256, 5, 69, '2021-10-23', 1112.12);
insert into REPARA values (257, 2, 351, '2018-06-05', 4399.49);
insert into REPARA values (258, 6, 75, '2016-01-16', 1301.43);
insert into REPARA values (259, 8, 235, '2021-08-13', 4567.91);
insert into REPARA values (260, 4, 94, '2022-01-11', 2905.00);
insert into REPARA values (261, 8, 322, '2015-10-28', 2158.44);
insert into REPARA values (262, 5, 135, '2015-12-11', 1407.42);
insert into REPARA values (263, 10, 40, '2021-08-30', 3709.43);
insert into REPARA values (264, 9, 261, '2022-06-25', 3972.35);
insert into REPARA values (265, 5, 13, '2020-03-22', 2934.36);
insert into REPARA values (266, 8, 62, '2015-03-14', 3061.05);
insert into REPARA values (267, 1, 330, '2020-03-04', 2645.06);
insert into REPARA values (268, 3, 221, '2018-02-06', 3041.57);
insert into REPARA values (269, 6, 88, '2018-11-20', 731.81);
insert into REPARA values (270, 4, 100, '2017-08-04', 1504.48);
insert into REPARA values (271, 6, 72, '2015-09-14', 626.40);
insert into REPARA values (272, 8, 44, '2021-08-27', 2684.67);
insert into REPARA values (273, 3, 102, '2015-06-23', 1019.54);
insert into REPARA values (274, 10, 37, '2023-01-01', 582.43);
insert into REPARA values (275, 5, 218, '2019-07-12', 1480.04);
insert into REPARA values (276, 2, 281, '2018-04-21', 788.85);
insert into REPARA values (277, 10, 258, '2018-11-24', 667.14);
insert into REPARA values (278, 1, 199, '2015-11-10', 1670.67);
insert into REPARA values (279, 4, 290, '2022-07-03', 4691.58);
insert into REPARA values (280, 3, 101, '2020-06-29', 2108.54);
insert into REPARA values (281, 5, 342, '2018-05-21', 4445.18);
insert into REPARA values (282, 6, 192, '2020-08-08', 1107.63);
insert into REPARA values (283, 4, 258, '2017-08-15', 3280.22);
insert into REPARA values (284, 6, 240, '2019-07-13', 1520.62);
insert into REPARA values (285, 9, 248, '2018-01-31', 539.22);
insert into REPARA values (286, 6, 55, '2020-01-01', 2401.99);
insert into REPARA values (287, 10, 261, '2023-01-13', 943.21);
insert into REPARA values (288, 8, 312, '2016-11-01', 4543.04);
insert into REPARA values (289, 8, 20, '2022-02-08', 2819.31);
insert into REPARA values (290, 7, 4, '2015-07-25', 985.01);
insert into REPARA values (291, 4, 255, '2016-04-09', 4017.31);
insert into REPARA values (292, 5, 229, '2015-03-03', 1113.56);
insert into REPARA values (293, 6, 115, '2019-05-24', 1738.90);
insert into REPARA values (294, 3, 38, '2021-02-08', 3888.96);
insert into REPARA values (295, 6, 321, '2018-02-11', 1340.79);
insert into REPARA values (296, 9, 206, '2020-05-13', 4108.97);
insert into REPARA values (297, 3, 160, '2023-01-04', 2990.86);
insert into REPARA values (298, 7, 74, '2021-02-11', 4943.65);
insert into REPARA values (299, 4, 18, '2016-06-20', 2175.47);
insert into REPARA values (300, 2, 276, '2020-12-18', 4103.47);
insert into REPARA values (301, 2, 68, '2019-11-14', 2508.04);
insert into REPARA values (302, 4, 262, '2021-08-10', 4308.16);
insert into REPARA values (303, 10, 2, '2018-02-10', 3085.89);
insert into REPARA values (304, 7, 252, '2017-02-25', 2990.99);
insert into REPARA values (305, 9, 216, '2016-01-28', 2786.15);
insert into REPARA values (306, 10, 178, '2020-11-26', 3091.25);
insert into REPARA values (307, 4, 279, '2022-12-08', 3309.45);
insert into REPARA values (308, 4, 135, '2018-11-28', 1382.03);
insert into REPARA values (309, 8, 323, '2019-03-20', 2666.04);
insert into REPARA values (310, 4, 256, '2021-07-08', 125.30);
insert into REPARA values (311, 3, 25, '2016-07-22', 295.19);
insert into REPARA values (312, 2, 240, '2016-01-14', 939.05);
insert into REPARA values (313, 8, 332, '2019-03-27', 4122.55);
insert into REPARA values (314, 2, 106, '2019-09-04', 4802.93);
insert into REPARA values (315, 7, 53, '2016-09-04', 2362.60);
insert into REPARA values (316, 9, 241, '2019-10-13', 293.80);
insert into REPARA values (317, 9, 207, '2018-12-25', 825.76);
insert into REPARA values (318, 9, 161, '2020-08-11', 3693.81);
insert into REPARA values (319, 2, 163, '2019-04-20', 2756.41);
insert into REPARA values (320, 3, 214, '2016-03-02', 4862.27);
insert into REPARA values (321, 10, 319, '2017-03-02', 3932.05);
insert into REPARA values (322, 4, 227, '2021-04-22', 3794.84);
insert into REPARA values (323, 3, 93, '2017-03-07', 2671.72);
insert into REPARA values (324, 6, 182, '2016-05-01', 4843.40);
insert into REPARA values (325, 1, 111, '2018-02-04', 4356.55);
insert into REPARA values (326, 9, 33, '2018-09-04', 1411.44);
insert into REPARA values (327, 8, 51, '2015-09-06', 2523.22);
insert into REPARA values (328, 8, 90, '2021-12-14', 2767.82);
insert into REPARA values (329, 1, 302, '2019-03-05', 1840.37);
insert into REPARA values (330, 9, 167, '2018-01-04', 4260.67);
insert into REPARA values (331, 2, 39, '2016-04-16', 4530.92);
insert into REPARA values (332, 9, 237, '2018-09-26', 1355.98);
insert into REPARA values (333, 7, 320, '2021-11-07', 2481.75);
insert into REPARA values (334, 2, 336, '2016-12-17', 2578.75);
insert into REPARA values (335, 2, 12, '2015-04-12', 866.51);
insert into REPARA values (336, 6, 71, '2017-09-23', 3389.10);
insert into REPARA values (337, 5, 222, '2018-11-01', 3914.90);
insert into REPARA values (338, 2, 170, '2015-03-29', 367.54);
insert into REPARA values (339, 1, 122, '2015-06-14', 2453.49);
insert into REPARA values (340, 5, 238, '2017-05-08', 173.91);
insert into REPARA values (341, 10, 141, '2017-09-20', 1454.49);
insert into REPARA values (342, 6, 84, '2017-09-19', 3829.99);
insert into REPARA values (343, 4, 77, '2022-11-09', 2619.79);
insert into REPARA values (344, 5, 332, '2015-01-28', 4365.81);
insert into REPARA values (345, 5, 154, '2019-05-13', 3035.90);
insert into REPARA values (346, 6, 353, '2022-10-06', 2579.06);
insert into REPARA values (347, 9, 306, '2016-01-15', 4858.18);
insert into REPARA values (348, 7, 135, '2022-05-11', 1477.36);
insert into REPARA values (349, 5, 247, '2016-04-14', 3731.57);
insert into REPARA values (350, 8, 154, '2022-09-16', 4781.65);
insert into REPARA values (351, 7, 236, '2017-05-15', 3368.80);
insert into REPARA values (352, 5, 121, '2021-09-02', 1987.65);
insert into REPARA values (353, 4, 275, '2021-03-27', 931.34);
insert into REPARA values (354, 7, 238, '2015-10-12', 2449.33);
insert into REPARA values (355, 10, 108, '2020-12-30', 1273.69);
insert into REPARA values (356, 9, 301, '2015-05-15', 1644.01);
insert into REPARA values (357, 2, 34, '2022-11-24', 4360.79);
insert into REPARA values (358, 5, 63, '2022-08-25', 856.75);
insert into REPARA values (359, 3, 323, '2021-03-14', 767.94);
insert into REPARA values (360, 7, 35, '2015-12-06', 118.77);
insert into REPARA values (361, 5, 110, '2017-10-06', 3575.83);
insert into REPARA values (362, 1, 10, '2015-01-13', 1769.41);
insert into REPARA values (363, 4, 156, '2022-08-17', 1360.58);
insert into REPARA values (364, 4, 220, '2021-01-01', 4707.37);
insert into REPARA values (365, 10, 340, '2017-10-09', 4447.18);
insert into REPARA values (366, 3, 186, '2016-03-05', 1762.64);
insert into REPARA values (367, 2, 27, '2016-01-02', 2247.49);
insert into REPARA values (368, 5, 289, '2018-12-10', 3621.85);
insert into REPARA values (369, 3, 60, '2015-08-26', 4549.56);
insert into REPARA values (370, 8, 223, '2021-05-18', 4831.94);
insert into REPARA values (371, 9, 206, '2015-07-23', 2667.46);
insert into REPARA values (372, 10, 344, '2020-03-22', 724.41);
insert into REPARA values (373, 6, 8, '2021-10-14', 101.83);
insert into REPARA values (374, 9, 210, '2018-06-25', 3078.60);
insert into REPARA values (375, 7, 265, '2019-07-03', 1199.46);
insert into REPARA values (376, 9, 16, '2016-10-11', 897.46);
insert into REPARA values (377, 3, 145, '2018-08-09', 1472.43);
insert into REPARA values (378, 6, 117, '2019-09-07', 4545.87);
insert into REPARA values (379, 4, 52, '2015-10-19', 993.58);
insert into REPARA values (380, 1, 146, '2022-03-18', 4761.35);
insert into REPARA values (381, 7, 111, '2018-12-06', 4920.52);
insert into REPARA values (382, 6, 159, '2015-02-06', 3423.71);
insert into REPARA values (383, 10, 251, '2020-10-06', 114.55);
insert into REPARA values (384, 5, 102, '2020-07-31', 645.63);
insert into REPARA values (385, 4, 118, '2019-07-08', 1436.45);
insert into REPARA values (386, 3, 214, '2016-05-26', 1232.96);
insert into REPARA values (387, 6, 131, '2022-02-01', 4297.72);
insert into REPARA values (388, 3, 294, '2018-11-14', 383.51);
insert into REPARA values (389, 9, 336, '2021-11-16', 768.74);
insert into REPARA values (390, 4, 59, '2021-08-21', 991.53);
insert into REPARA values (391, 2, 332, '2022-05-08', 792.13);
insert into REPARA values (392, 1, 194, '2021-07-29', 2754.44);
insert into REPARA values (393, 7, 282, '2016-10-18', 4602.58);
insert into REPARA values (394, 4, 25, '2018-06-15', 2167.01);
insert into REPARA values (395, 7, 143, '2022-03-25', 3648.25);
insert into REPARA values (396, 7, 39, '2017-03-19', 559.44);
insert into REPARA values (397, 1, 315, '2022-08-05', 2869.98);
insert into REPARA values (398, 5, 109, '2020-03-12', 1441.21);
insert into REPARA values (399, 5, 84, '2021-06-19', 3676.84);
insert into REPARA values (400, 7, 109, '2020-03-22', 4717.13);
insert into REPARA values (401, 8, 322, '2019-10-22', 4462.84);
insert into REPARA values (402, 6, 15, '2019-10-29', 870.93);
insert into REPARA values (403, 4, 310, '2019-04-10', 3411.01);
insert into REPARA values (404, 5, 86, '2017-08-02', 2940.98);
insert into REPARA values (405, 4, 197, '2022-10-21', 2912.25);
insert into REPARA values (406, 10, 235, '2021-03-18', 2551.87);
insert into REPARA values (407, 4, 15, '2015-12-14', 4705.86);
insert into REPARA values (408, 10, 66, '2015-08-24', 1854.30);
insert into REPARA values (409, 5, 141, '2015-02-19', 4230.07);
insert into REPARA values (410, 3, 332, '2019-01-12', 669.85);
insert into REPARA values (411, 5, 19, '2016-01-31', 1965.25);
insert into REPARA values (412, 5, 164, '2017-09-28', 3227.38);
insert into REPARA values (413, 3, 119, '2017-09-22', 1972.03);
insert into REPARA values (414, 9, 201, '2022-07-18', 2583.90);
insert into REPARA values (415, 10, 224, '2018-12-08', 3705.64);
insert into REPARA values (416, 1, 137, '2020-03-08', 3735.72);
insert into REPARA values (417, 4, 164, '2015-02-09', 3462.99);
insert into REPARA values (418, 3, 140, '2018-07-22', 2866.71);
insert into REPARA values (419, 1, 7, '2023-02-17', 2014.26);
insert into REPARA values (420, 4, 273, '2021-07-03', 3513.09);
insert into REPARA values (421, 9, 166, '2021-07-31', 4721.26);
insert into REPARA values (422, 1, 206, '2021-05-23', 1278.20);
insert into REPARA values (423, 6, 257, '2018-11-11', 3060.97);
insert into REPARA values (424, 7, 290, '2021-04-24', 1628.79);
insert into REPARA values (425, 3, 34, '2021-12-20', 3882.74);
insert into REPARA values (426, 3, 250, '2015-07-10', 991.56);
insert into REPARA values (427, 7, 88, '2016-10-03', 1921.65);
insert into REPARA values (428, 3, 63, '2018-04-04', 852.09);
insert into REPARA values (429, 10, 103, '2021-03-12', 3616.81);
insert into REPARA values (430, 4, 34, '2018-07-18', 1717.30);
insert into REPARA values (431, 8, 57, '2021-03-13', 1208.60);
insert into REPARA values (432, 3, 198, '2016-10-24', 3100.12);
insert into REPARA values (433, 7, 151, '2019-02-20', 406.81);
insert into REPARA values (434, 10, 110, '2020-11-17', 2794.67);
insert into REPARA values (435, 3, 302, '2023-01-21', 4722.22);
insert into REPARA values (436, 5, 62, '2022-12-24', 1208.23);
insert into REPARA values (437, 9, 127, '2017-02-12', 561.23);
insert into REPARA values (438, 9, 25, '2017-04-16', 1377.21);
insert into REPARA values (439, 2, 105, '2022-03-31', 4968.56);
insert into REPARA values (440, 2, 107, '2023-03-07', 2887.87);
insert into REPARA values (441, 2, 351, '2017-04-04', 2526.22);
insert into REPARA values (442, 3, 240, '2017-04-01', 3430.04);
insert into REPARA values (443, 9, 301, '2019-01-05', 4286.53);
insert into REPARA values (444, 5, 336, '2017-05-25', 1671.17);
insert into REPARA values (445, 6, 128, '2018-02-15', 2974.12);
insert into REPARA values (446, 3, 33, '2016-09-26', 4832.15);
insert into REPARA values (447, 6, 217, '2019-05-08', 4540.10);
insert into REPARA values (448, 4, 198, '2021-10-25', 2776.18);
insert into REPARA values (449, 8, 71, '2019-05-18', 2511.91);
insert into REPARA values (450, 2, 252, '2018-03-29', 2453.54);


/************ CARGA DE LA TABLA CONCESIONARIO (CODIGO, LOCALIDAD, HORA_APERTURA, HORA_CIERRE) ************/
insert into CONCESIONARIO values (1, 'Madrid', '08:00:00', '21:30:00');
insert into CONCESIONARIO values (2, 'Barcelona', '09:30:00', '20:00:00');
insert into CONCESIONARIO values (3, 'Valencia', '10:30:00', '20:00:00');
insert into CONCESIONARIO values (4, 'Sevilla', '10:00:00', '18:30:00');
insert into CONCESIONARIO values (5, 'Zaragoza', '08:00:00', '19:00:00');
insert into CONCESIONARIO values (6, 'Málaga', '10:00:00', '20:30:00');
insert into CONCESIONARIO values (7, 'Murcia', '11:30:00', '21:00:00');
insert into CONCESIONARIO values (8, 'Palma', '09:00:00', '19:30:00');
insert into CONCESIONARIO values (9, 'Las Palmas de Gran Canaria', '08:00:00', '21:30:00');
insert into CONCESIONARIO values (10, 'Bilbao', '08:00:00', '18:00:00');
insert into CONCESIONARIO values (11, 'Alicante', '08:30:00', '21:00:00');
insert into CONCESIONARIO values (12, 'Córdoba', '11:00:00', '19:00:00');
insert into CONCESIONARIO values (13, 'Valladolid', '10:30:00', '21:30:00');
insert into CONCESIONARIO values (14, 'Vigo', '08:00:00', '21:00:00');
insert into CONCESIONARIO values (15, 'Gijón', '09:00:00', '21:30:00');


/************ CARGA DE LA TABLA OFRECE (COD_COCHE, COD_CONCESIONARIO, CANTIDAD) ************/
insert into OFRECE values (150, 11, 21);
insert into OFRECE values (186, 10, 38);
insert into OFRECE values (328, 1, 31);
insert into OFRECE values (79, 14, 22);
insert into OFRECE values (130, 14, 39);
insert into OFRECE values (67, 6, 25);
insert into OFRECE values (321, 14, 32);
insert into OFRECE values (289, 7, 30);
insert into OFRECE values (28, 5, 20);
insert into OFRECE values (234, 3, 38);
insert into OFRECE values (286, 13, 24);
insert into OFRECE values (199, 3, 26);
insert into OFRECE values (28, 10, 39);
insert into OFRECE values (215, 10, 35);
insert into OFRECE values (140, 5, 26);
insert into OFRECE values (9, 8, 31);
insert into OFRECE values (223, 15, 15);
insert into OFRECE values (196, 15, 32);
insert into OFRECE values (88, 2, 19);
insert into OFRECE values (188, 6, 20);
insert into OFRECE values (350, 1, 10);
insert into OFRECE values (105, 2, 25);
insert into OFRECE values (320, 10, 28);
insert into OFRECE values (306, 7, 18);
insert into OFRECE values (18, 4, 25);
insert into OFRECE values (334, 8, 15);
insert into OFRECE values (29, 10, 20);
insert into OFRECE values (138, 5, 23);
insert into OFRECE values (18, 5, 39);
insert into OFRECE values (76, 2, 39);
insert into OFRECE values (351, 4, 10);
insert into OFRECE values (86, 15, 28);
insert into OFRECE values (189, 15, 33);
insert into OFRECE values (155, 10, 37);
insert into OFRECE values (6, 11, 31);
insert into OFRECE values (291, 13, 18);
insert into OFRECE values (101, 6, 22);
insert into OFRECE values (353, 7, 21);
insert into OFRECE values (128, 9, 11);
insert into OFRECE values (287, 2, 33);
insert into OFRECE values (39, 7, 40);
insert into OFRECE values (126, 8, 35);
insert into OFRECE values (297, 12, 30);
insert into OFRECE values (339, 11, 12);
insert into OFRECE values (344, 5, 26);
insert into OFRECE values (21, 10, 34);
insert into OFRECE values (121, 2, 29);
insert into OFRECE values (226, 13, 31);
insert into OFRECE values (55, 4, 27);
insert into OFRECE values (30, 13, 13);
insert into OFRECE values (89, 11, 38);
insert into OFRECE values (195, 14, 16);
insert into OFRECE values (251, 8, 36);
insert into OFRECE values (222, 1, 34);
insert into OFRECE values (22, 9, 39);
insert into OFRECE values (163, 14, 16);
insert into OFRECE values (332, 1, 39);
insert into OFRECE values (76, 15, 28);
insert into OFRECE values (247, 1, 35);
insert into OFRECE values (309, 11, 18);
insert into OFRECE values (122, 9, 33);
insert into OFRECE values (226, 15, 38);
insert into OFRECE values (4, 15, 15);
insert into OFRECE values (249, 7, 17);
insert into OFRECE values (82, 13, 12);
insert into OFRECE values (209, 4, 26);
insert into OFRECE values (71, 1, 27);
insert into OFRECE values (234, 14, 17);
insert into OFRECE values (7, 5, 35);
insert into OFRECE values (217, 8, 38);
insert into OFRECE values (44, 8, 28);
insert into OFRECE values (82, 1, 20);
insert into OFRECE values (18, 9, 27);
insert into OFRECE values (276, 14, 26);
insert into OFRECE values (214, 8, 40);
insert into OFRECE values (106, 14, 21);
insert into OFRECE values (252, 2, 33);
insert into OFRECE values (295, 14, 18);
insert into OFRECE values (100, 13, 19);
insert into OFRECE values (321, 7, 13);
insert into OFRECE values (307, 13, 32);
insert into OFRECE values (352, 14, 20);
insert into OFRECE values (131, 8, 30);
insert into OFRECE values (250, 13, 38);
insert into OFRECE values (99, 15, 10);
insert into OFRECE values (159, 5, 24);
insert into OFRECE values (122, 1, 19);
insert into OFRECE values (114, 4, 10);
insert into OFRECE values (236, 15, 12);
insert into OFRECE values (330, 12, 26);
insert into OFRECE values (330, 1, 31);
insert into OFRECE values (320, 9, 20);
insert into OFRECE values (130, 15, 38);
insert into OFRECE values (317, 14, 22);
insert into OFRECE values (8, 9, 30);
insert into OFRECE values (309, 4, 16);
insert into OFRECE values (145, 6, 33);
insert into OFRECE values (267, 10, 30);
insert into OFRECE values (61, 10, 14);
insert into OFRECE values (350, 13, 12);
insert into OFRECE values (33, 15, 22);
insert into OFRECE values (46, 3, 34);
insert into OFRECE values (14, 9, 19);
insert into OFRECE values (121, 14, 25);
insert into OFRECE values (288, 10, 13);
insert into OFRECE values (198, 15, 34);
insert into OFRECE values (255, 1, 12);
insert into OFRECE values (300, 11, 40);
insert into OFRECE values (108, 10, 23);
insert into OFRECE values (246, 13, 17);
insert into OFRECE values (325, 13, 35);
insert into OFRECE values (285, 2, 40);
insert into OFRECE values (330, 2, 15);
insert into OFRECE values (348, 3, 30);
insert into OFRECE values (193, 10, 25);
insert into OFRECE values (233, 12, 16);
insert into OFRECE values (206, 1, 30);
insert into OFRECE values (15, 3, 24);
insert into OFRECE values (33, 12, 33);
insert into OFRECE values (240, 6, 23);
insert into OFRECE values (334, 7, 23);
insert into OFRECE values (306, 10, 32);
insert into OFRECE values (237, 15, 14);
insert into OFRECE values (134, 5, 21);
insert into OFRECE values (308, 14, 18);
insert into OFRECE values (310, 2, 10);
insert into OFRECE values (87, 6, 35);
insert into OFRECE values (305, 11, 38);
insert into OFRECE values (218, 4, 32);
insert into OFRECE values (199, 6, 22);
insert into OFRECE values (1, 8, 29);
insert into OFRECE values (229, 11, 28);
insert into OFRECE values (302, 4, 28);
insert into OFRECE values (116, 15, 35);
insert into OFRECE values (318, 11, 29);
insert into OFRECE values (332, 9, 25);
insert into OFRECE values (39, 3, 23);
insert into OFRECE values (178, 12, 37);
insert into OFRECE values (13, 7, 35);
insert into OFRECE values (202, 5, 40);
insert into OFRECE values (11, 9, 32);
insert into OFRECE values (97, 7, 36);
insert into OFRECE values (31, 14, 39);
insert into OFRECE values (59, 8, 36);
insert into OFRECE values (156, 14, 34);
insert into OFRECE values (286, 8, 35);
insert into OFRECE values (135, 15, 19);
insert into OFRECE values (272, 15, 23);
insert into OFRECE values (154, 1, 32);
insert into OFRECE values (85, 12, 39);
insert into OFRECE values (331, 12, 28);
insert into OFRECE values (237, 15, 17);
insert into OFRECE values (325, 1, 29);
insert into OFRECE values (40, 15, 29);
insert into OFRECE values (64, 4, 20);
insert into OFRECE values (336, 6, 11);
insert into OFRECE values (323, 3, 19);
insert into OFRECE values (103, 11, 18);
insert into OFRECE values (180, 6, 32);
insert into OFRECE values (26, 11, 36);
insert into OFRECE values (93, 7, 40);
insert into OFRECE values (229, 10, 28);
insert into OFRECE values (271, 15, 18);
insert into OFRECE values (80, 6, 13);
insert into OFRECE values (169, 12, 19);
insert into OFRECE values (326, 12, 38);
insert into OFRECE values (246, 1, 27);
insert into OFRECE values (316, 2, 23);
insert into OFRECE values (212, 9, 20);
insert into OFRECE values (87, 13, 31);
insert into OFRECE values (189, 11, 28);
insert into OFRECE values (299, 6, 24);
insert into OFRECE values (300, 1, 37);
insert into OFRECE values (233, 5, 22);
insert into OFRECE values (296, 11, 29);
insert into OFRECE values (334, 5, 27);
insert into OFRECE values (329, 11, 15);
insert into OFRECE values (214, 10, 12);
insert into OFRECE values (317, 7, 39);
insert into OFRECE values (14, 14, 16);
insert into OFRECE values (192, 6, 18);
insert into OFRECE values (146, 5, 30);
insert into OFRECE values (90, 13, 12);
insert into OFRECE values (116, 3, 10);
insert into OFRECE values (286, 9, 35);
insert into OFRECE values (7, 12, 18);
insert into OFRECE values (320, 12, 38);
insert into OFRECE values (53, 5, 35);
insert into OFRECE values (138, 3, 11);
insert into OFRECE values (101, 6, 33);
insert into OFRECE values (330, 5, 17);
insert into OFRECE values (195, 5, 12);
insert into OFRECE values (62, 7, 25);
insert into OFRECE values (345, 3, 29);
insert into OFRECE values (113, 8, 35);
insert into OFRECE values (81, 10, 22);
insert into OFRECE values (217, 3, 38);
insert into OFRECE values (77, 13, 21);
insert into OFRECE values (214, 12, 37);
insert into OFRECE values (196, 6, 22);
insert into OFRECE values (330, 12, 22);
insert into OFRECE values (56, 2, 14);
insert into OFRECE values (331, 15, 14);
insert into OFRECE values (352, 6, 32);
insert into OFRECE values (150, 11, 26);
insert into OFRECE values (182, 4, 16);
insert into OFRECE values (96, 2, 22);
insert into OFRECE values (259, 10, 34);
insert into OFRECE values (163, 10, 24);
insert into OFRECE values (111, 8, 11);
insert into OFRECE values (331, 3, 32);
insert into OFRECE values (181, 13, 17);
insert into OFRECE values (44, 1, 18);
insert into OFRECE values (54, 10, 23);
insert into OFRECE values (131, 13, 16);
insert into OFRECE values (339, 12, 17);
insert into OFRECE values (299, 14, 14);
insert into OFRECE values (133, 1, 19);
insert into OFRECE values (104, 11, 26);
insert into OFRECE values (23, 4, 37);
insert into OFRECE values (188, 12, 31);
insert into OFRECE values (237, 15, 23);
insert into OFRECE values (23, 13, 39);
insert into OFRECE values (39, 5, 21);
insert into OFRECE values (92, 12, 23);
insert into OFRECE values (35, 12, 16);
insert into OFRECE values (213, 10, 10);
insert into OFRECE values (303, 12, 36);
insert into OFRECE values (66, 1, 31);
insert into OFRECE values (203, 9, 40);
insert into OFRECE values (139, 10, 21);
insert into OFRECE values (106, 10, 31);
insert into OFRECE values (203, 7, 21);
insert into OFRECE values (151, 11, 13);
insert into OFRECE values (160, 11, 17);
insert into OFRECE values (270, 1, 33);
insert into OFRECE values (119, 10, 27);
insert into OFRECE values (238, 14, 23);
insert into OFRECE values (13, 5, 11);
insert into OFRECE values (36, 6, 17);
insert into OFRECE values (282, 7, 25);
insert into OFRECE values (230, 14, 10);
insert into OFRECE values (114, 2, 25);
insert into OFRECE values (16, 7, 32);
insert into OFRECE values (296, 15, 11);
insert into OFRECE values (309, 1, 29);
insert into OFRECE values (55, 9, 26);
insert into OFRECE values (204, 9, 35);
insert into OFRECE values (27, 9, 16);
insert into OFRECE values (340, 9, 31);
insert into OFRECE values (29, 4, 38);
insert into OFRECE values (91, 8, 23);
insert into OFRECE values (187, 4, 38);
insert into OFRECE values (137, 2, 29);
insert into OFRECE values (280, 12, 13);
insert into OFRECE values (129, 4, 24);
insert into OFRECE values (221, 1, 34);
insert into OFRECE values (108, 15, 13);
insert into OFRECE values (189, 11, 33);
insert into OFRECE values (5, 1, 40);
insert into OFRECE values (167, 2, 12);
insert into OFRECE values (218, 6, 37);
insert into OFRECE values (271, 2, 29);
insert into OFRECE values (347, 8, 14);
insert into OFRECE values (130, 5, 23);
insert into OFRECE values (253, 13, 26);
insert into OFRECE values (268, 2, 17);
insert into OFRECE values (275, 4, 25);
insert into OFRECE values (160, 14, 16);
insert into OFRECE values (152, 10, 20);
insert into OFRECE values (349, 3, 35);
insert into OFRECE values (72, 9, 18);
insert into OFRECE values (309, 5, 10);
insert into OFRECE values (32, 7, 26);
insert into OFRECE values (65, 5, 25);
insert into OFRECE values (123, 15, 12);
insert into OFRECE values (198, 12, 16);
insert into OFRECE values (188, 11, 27);
insert into OFRECE values (204, 14, 25);
insert into OFRECE values (73, 9, 29);
insert into OFRECE values (310, 8, 30);
insert into OFRECE values (94, 12, 11);
insert into OFRECE values (199, 12, 37);
insert into OFRECE values (33, 2, 38);
insert into OFRECE values (95, 11, 33);
insert into OFRECE values (130, 9, 35);
insert into OFRECE values (266, 8, 30);
insert into OFRECE values (60, 2, 24);
insert into OFRECE values (38, 9, 32);
insert into OFRECE values (19, 6, 32);
insert into OFRECE values (115, 3, 11);
insert into OFRECE values (2, 13, 32);
insert into OFRECE values (103, 5, 16);
insert into OFRECE values (38, 1, 21);
insert into OFRECE values (30, 10, 34);
insert into OFRECE values (15, 10, 12);
insert into OFRECE values (211, 6, 36);
insert into OFRECE values (117, 2, 35);
insert into OFRECE values (68, 5, 29);
insert into OFRECE values (344, 9, 29);
insert into OFRECE values (326, 9, 10);
insert into OFRECE values (76, 8, 39);
insert into OFRECE values (41, 9, 21);
insert into OFRECE values (34, 2, 33);
insert into OFRECE values (67, 5, 36);
insert into OFRECE values (192, 11, 14);
insert into OFRECE values (321, 9, 10);
insert into OFRECE values (146, 8, 29);
insert into OFRECE values (228, 14, 11);
insert into OFRECE values (16, 1, 14);
insert into OFRECE values (247, 7, 20);
insert into OFRECE values (249, 2, 33);
insert into OFRECE values (20, 6, 40);
insert into OFRECE values (51, 5, 37);
insert into OFRECE values (166, 13, 10);
insert into OFRECE values (168, 12, 30);
insert into OFRECE values (125, 3, 36);
insert into OFRECE values (271, 9, 28);
insert into OFRECE values (281, 4, 37);
insert into OFRECE values (153, 1, 15);
insert into OFRECE values (111, 12, 23);
insert into OFRECE values (62, 9, 38);
insert into OFRECE values (230, 10, 39);
insert into OFRECE values (308, 12, 34);
insert into OFRECE values (39, 9, 27);
insert into OFRECE values (113, 9, 35);
insert into OFRECE values (181, 11, 26);
insert into OFRECE values (308, 9, 36);
insert into OFRECE values (110, 15, 11);
insert into OFRECE values (165, 4, 10);
insert into OFRECE values (194, 1, 22);
insert into OFRECE values (248, 9, 38);
insert into OFRECE values (65, 2, 10);
insert into OFRECE values (26, 1, 32);
insert into OFRECE values (181, 12, 15);
insert into OFRECE values (83, 9, 30);
insert into OFRECE values (1, 7, 17);
insert into OFRECE values (333, 12, 37);
insert into OFRECE values (117, 5, 13);
insert into OFRECE values (240, 14, 15);
insert into OFRECE values (244, 6, 15);
insert into OFRECE values (269, 10, 25);
insert into OFRECE values (35, 1, 40);
insert into OFRECE values (243, 10, 25);
insert into OFRECE values (80, 15, 10);
insert into OFRECE values (293, 8, 21);
insert into OFRECE values (228, 5, 23);
insert into OFRECE values (175, 4, 28);
insert into OFRECE values (91, 5, 24);
insert into OFRECE values (104, 11, 14);
insert into OFRECE values (205, 2, 23);
insert into OFRECE values (306, 14, 27);
insert into OFRECE values (37, 1, 18);
insert into OFRECE values (304, 6, 12);
insert into OFRECE values (105, 5, 10);
insert into OFRECE values (167, 6, 22);
insert into OFRECE values (120, 2, 33);
insert into OFRECE values (3, 6, 37);
insert into OFRECE values (69, 4, 28);
insert into OFRECE values (107, 10, 25);
insert into OFRECE values (142, 5, 31);
insert into OFRECE values (150, 13, 28);
insert into OFRECE values (159, 10, 16);
insert into OFRECE values (149, 12, 30);
insert into OFRECE values (42, 15, 11);
insert into OFRECE values (292, 11, 20);
insert into OFRECE values (9, 11, 15);
insert into OFRECE values (38, 2, 36);
insert into OFRECE values (32, 14, 32);
insert into OFRECE values (279, 3, 14);
insert into OFRECE values (296, 6, 32);
insert into OFRECE values (319, 14, 28);
insert into OFRECE values (292, 2, 13);
insert into OFRECE values (165, 7, 12);
insert into OFRECE values (19, 5, 14);
insert into OFRECE values (55, 6, 36);
insert into OFRECE values (183, 4, 25);
insert into OFRECE values (43, 14, 31);
insert into OFRECE values (254, 10, 40);
insert into OFRECE values (53, 13, 15);
insert into OFRECE values (33, 1, 10);
insert into OFRECE values (300, 13, 39);
insert into OFRECE values (199, 5, 16);
insert into OFRECE values (132, 7, 31);
insert into OFRECE values (187, 6, 21);
insert into OFRECE values (54, 7, 15);
insert into OFRECE values (260, 4, 35);
insert into OFRECE values (262, 14, 31);
insert into OFRECE values (332, 6, 31);
insert into OFRECE values (123, 10, 24);
insert into OFRECE values (92, 14, 23);
insert into OFRECE values (265, 1, 38);
insert into OFRECE values (57, 6, 37);
insert into OFRECE values (201, 9, 39);
insert into OFRECE values (47, 3, 33);
insert into OFRECE values (1, 10, 38);
insert into OFRECE values (260, 3, 23);
insert into OFRECE values (152, 11, 25);
insert into OFRECE values (29, 7, 35);
insert into OFRECE values (170, 7, 22);
insert into OFRECE values (45, 9, 13);
insert into OFRECE values (301, 13, 38);
insert into OFRECE values (171, 14, 31);
insert into OFRECE values (52, 2, 31);
insert into OFRECE values (6, 10, 36);
insert into OFRECE values (292, 2, 12);
insert into OFRECE values (301, 12, 28);
insert into OFRECE values (58, 2, 19);
insert into OFRECE values (2, 9, 36);
insert into OFRECE values (158, 3, 38);
insert into OFRECE values (183, 1, 40);
insert into OFRECE values (260, 15, 35);
insert into OFRECE values (245, 13, 18);
insert into OFRECE values (177, 14, 29);
insert into OFRECE values (90, 2, 20);
insert into OFRECE values (79, 12, 12);
insert into OFRECE values (44, 11, 19);
insert into OFRECE values (86, 7, 18);
insert into OFRECE values (100, 11, 15);
insert into OFRECE values (161, 6, 31);
insert into OFRECE values (265, 8, 36);
insert into OFRECE values (266, 7, 18);
insert into OFRECE values (169, 11, 35);
insert into OFRECE values (255, 10, 29);
insert into OFRECE values (20, 7, 26);
insert into OFRECE values (309, 3, 29);
insert into OFRECE values (112, 4, 12);
insert into OFRECE values (281, 8, 34);
insert into OFRECE values (223, 15, 39);
insert into OFRECE values (88, 13, 29);
insert into OFRECE values (268, 15, 24);
insert into OFRECE values (75, 10, 40);
insert into OFRECE values (25, 14, 18);
insert into OFRECE values (24, 8, 22);
insert into OFRECE values (36, 7, 34);
insert into OFRECE values (150, 13, 17);
insert into OFRECE values (80, 13, 28);
insert into OFRECE values (240, 11, 25);
insert into OFRECE values (159, 1, 27);
insert into OFRECE values (314, 11, 10);
insert into OFRECE values (148, 14, 36);
insert into OFRECE values (115, 6, 35);
insert into OFRECE values (97, 10, 33);
insert into OFRECE values (350, 10, 30);
insert into OFRECE values (339, 12, 30);
insert into OFRECE values (266, 13, 39);
insert into OFRECE values (129, 5, 10);
insert into OFRECE values (218, 7, 40);
insert into OFRECE values (172, 9, 18);
insert into OFRECE values (333, 5, 25);
insert into OFRECE values (131, 15, 23);
insert into OFRECE values (116, 5, 39);
insert into OFRECE values (296, 15, 33);
insert into OFRECE values (224, 13, 36);
insert into OFRECE values (18, 7, 34);
insert into OFRECE values (209, 15, 19);
insert into OFRECE values (312, 14, 27);
insert into OFRECE values (221, 15, 12);
insert into OFRECE values (294, 7, 24);
insert into OFRECE values (264, 1, 18);
insert into OFRECE values (84, 9, 17);
insert into OFRECE values (346, 6, 22);
insert into OFRECE values (217, 6, 31);
insert into OFRECE values (201, 8, 39);
insert into OFRECE values (314, 15, 31);
insert into OFRECE values (208, 9, 26);
insert into OFRECE values (263, 12, 17);
insert into OFRECE values (159, 9, 14);
insert into OFRECE values (305, 15, 12);
insert into OFRECE values (91, 3, 22);
insert into OFRECE values (329, 12, 23);
insert into OFRECE values (349, 5, 16);
insert into OFRECE values (78, 15, 32);
insert into OFRECE values (10, 6, 14);
insert into OFRECE values (261, 13, 38);
insert into OFRECE values (322, 1, 15);
insert into OFRECE values (189, 14, 28);
insert into OFRECE values (6, 6, 29);
insert into OFRECE values (319, 7, 25);
insert into OFRECE values (340, 8, 18);
insert into OFRECE values (313, 11, 33);
insert into OFRECE values (139, 5, 16);
insert into OFRECE values (337, 1, 39);
insert into OFRECE values (199, 7, 27);
insert into OFRECE values (283, 13, 36);
insert into OFRECE values (46, 14, 25);
insert into OFRECE values (176, 13, 28);
insert into OFRECE values (198, 10, 14);
insert into OFRECE values (351, 11, 11);
insert into OFRECE values (294, 15, 25);
insert into OFRECE values (231, 2, 29);
insert into OFRECE values (334, 13, 19);
insert into OFRECE values (49, 6, 18);
insert into OFRECE values (300, 6, 36);
insert into OFRECE values (136, 9, 35);
insert into OFRECE values (342, 13, 22);
insert into OFRECE values (124, 6, 23);
insert into OFRECE values (190, 14, 23);
insert into OFRECE values (143, 12, 21);
insert into OFRECE values (300, 6, 15);
insert into OFRECE values (297, 4, 12);
insert into OFRECE values (63, 9, 25);
insert into OFRECE values (337, 9, 39);
insert into OFRECE values (206, 9, 29);
insert into OFRECE values (242, 7, 17);
insert into OFRECE values (164, 8, 12);
insert into OFRECE values (262, 8, 32);
insert into OFRECE values (315, 5, 30);
insert into OFRECE values (91, 6, 27);
insert into OFRECE values (298, 3, 21);
insert into OFRECE values (61, 12, 17);
insert into OFRECE values (252, 2, 18);
insert into OFRECE values (337, 3, 16);
insert into OFRECE values (286, 11, 14);
insert into OFRECE values (306, 1, 18);
insert into OFRECE values (197, 14, 31);
insert into OFRECE values (255, 8, 34);
insert into OFRECE values (52, 3, 27);
insert into OFRECE values (335, 4, 15);
insert into OFRECE values (83, 5, 11);
insert into OFRECE values (134, 13, 14);
insert into OFRECE values (295, 7, 11);
insert into OFRECE values (82, 8, 27);
insert into OFRECE values (254, 8, 29);
insert into OFRECE values (326, 8, 13);
insert into OFRECE values (267, 14, 20);
insert into OFRECE values (259, 5, 13);
insert into OFRECE values (220, 14, 28);
insert into OFRECE values (197, 1, 22);
insert into OFRECE values (44, 8, 30);
insert into OFRECE values (84, 9, 27);
insert into OFRECE values (330, 15, 16);
insert into OFRECE values (5, 11, 18);
insert into OFRECE values (179, 2, 21);
insert into OFRECE values (271, 11, 24);
insert into OFRECE values (77, 4, 39);
insert into OFRECE values (180, 15, 36);
insert into OFRECE values (84, 8, 10);
insert into OFRECE values (68, 9, 14);
insert into OFRECE values (114, 5, 12);
insert into OFRECE values (263, 3, 22);
insert into OFRECE values (15, 2, 29);
insert into OFRECE values (341, 15, 11);
insert into OFRECE values (81, 7, 17);
insert into OFRECE values (286, 6, 28);
insert into OFRECE values (43, 4, 21);
insert into OFRECE values (341, 9, 10);
insert into OFRECE values (120, 7, 22);
insert into OFRECE values (168, 11, 26);
insert into OFRECE values (145, 12, 28);
insert into OFRECE values (311, 6, 29);
insert into OFRECE values (6, 14, 13);
insert into OFRECE values (317, 6, 10);
insert into OFRECE values (184, 9, 23);
insert into OFRECE values (274, 3, 30);
insert into OFRECE values (96, 2, 25);
insert into OFRECE values (290, 6, 17);
insert into OFRECE values (113, 12, 22);
insert into OFRECE values (284, 2, 40);
insert into OFRECE values (155, 9, 19);
insert into OFRECE values (158, 14, 39);
insert into OFRECE values (177, 15, 26);
insert into OFRECE values (185, 4, 31);
insert into OFRECE values (190, 15, 17);
insert into OFRECE values (240, 7, 13);
insert into OFRECE values (174, 5, 29);
insert into OFRECE values (64, 11, 40);
insert into OFRECE values (108, 10, 19);
insert into OFRECE values (73, 10, 17);
insert into OFRECE values (23, 13, 31);
insert into OFRECE values (26, 3, 15);
insert into OFRECE values (318, 2, 26);
insert into OFRECE values (298, 2, 16);
insert into OFRECE values (238, 12, 28);
insert into OFRECE values (230, 3, 17);
insert into OFRECE values (316, 10, 17);
insert into OFRECE values (343, 1, 24);
insert into OFRECE values (134, 7, 25);
insert into OFRECE values (232, 2, 16);
insert into OFRECE values (156, 14, 30);
insert into OFRECE values (66, 10, 20);
insert into OFRECE values (278, 11, 24);
insert into OFRECE values (141, 5, 23);
insert into OFRECE values (327, 2, 32);
insert into OFRECE values (302, 11, 40);
insert into OFRECE values (73, 3, 38);
insert into OFRECE values (46, 9, 33);
insert into OFRECE values (205, 5, 33);
insert into OFRECE values (251, 1, 38);
insert into OFRECE values (37, 2, 15);
insert into OFRECE values (95, 1, 34);
insert into OFRECE values (331, 12, 17);
insert into OFRECE values (14, 8, 18);
insert into OFRECE values (65, 9, 14);
insert into OFRECE values (31, 15, 11);
insert into OFRECE values (345, 13, 37);
insert into OFRECE values (104, 15, 25);
insert into OFRECE values (166, 11, 12);
insert into OFRECE values (98, 10, 33);
insert into OFRECE values (344, 9, 26);
insert into OFRECE values (40, 3, 34);
insert into OFRECE values (100, 5, 28);
insert into OFRECE values (222, 10, 16);
insert into OFRECE values (305, 14, 29);
insert into OFRECE values (142, 15, 12);
insert into OFRECE values (234, 13, 30);
insert into OFRECE values (336, 14, 17);
insert into OFRECE values (338, 10, 20);
insert into OFRECE values (257, 13, 26);
insert into OFRECE values (5, 1, 16);
insert into OFRECE values (17, 8, 32);
insert into OFRECE values (16, 12, 19);
insert into OFRECE values (127, 3, 32);
insert into OFRECE values (284, 8, 34);
insert into OFRECE values (276, 12, 20);
insert into OFRECE values (170, 9, 21);
insert into OFRECE values (338, 7, 33);
insert into OFRECE values (132, 6, 39);
insert into OFRECE values (220, 15, 31);
insert into OFRECE values (289, 12, 29);
insert into OFRECE values (71, 8, 31);
insert into OFRECE values (110, 7, 15);
insert into OFRECE values (291, 1, 25);
insert into OFRECE values (347, 2, 38);
insert into OFRECE values (34, 15, 17);
insert into OFRECE values (12, 15, 32);
insert into OFRECE values (207, 8, 30);
insert into OFRECE values (319, 3, 11);
insert into OFRECE values (55, 14, 16);
insert into OFRECE values (342, 12, 40);
insert into OFRECE values (10, 2, 10);
insert into OFRECE values (52, 12, 27);
insert into OFRECE values (267, 9, 14);
insert into OFRECE values (21, 4, 23);
insert into OFRECE values (235, 6, 20);
insert into OFRECE values (175, 13, 32);
insert into OFRECE values (124, 3, 36);
insert into OFRECE values (124, 13, 18);
insert into OFRECE values (118, 7, 30);
insert into OFRECE values (234, 6, 40);
insert into OFRECE values (143, 13, 21);
insert into OFRECE values (84, 10, 36);
insert into OFRECE values (48, 3, 24);
insert into OFRECE values (16, 1, 20);
insert into OFRECE values (169, 4, 38);
insert into OFRECE values (191, 15, 37);
insert into OFRECE values (264, 5, 31);
insert into OFRECE values (272, 15, 22);
insert into OFRECE values (217, 14, 20);
insert into OFRECE values (60, 1, 24);
insert into OFRECE values (304, 4, 33);
insert into OFRECE values (277, 14, 26);
insert into OFRECE values (87, 10, 36);
insert into OFRECE values (162, 10, 40);
insert into OFRECE values (314, 6, 12);
insert into OFRECE values (70, 5, 25);
insert into OFRECE values (88, 13, 31);
insert into OFRECE values (216, 9, 15);
insert into OFRECE values (109, 15, 23);
insert into OFRECE values (298, 14, 29);
insert into OFRECE values (314, 4, 22);
insert into OFRECE values (325, 6, 38);
insert into OFRECE values (183, 5, 27);
insert into OFRECE values (291, 13, 30);
insert into OFRECE values (295, 13, 27);
insert into OFRECE values (270, 4, 36);
insert into OFRECE values (102, 13, 34);
insert into OFRECE values (65, 9, 25);
insert into OFRECE values (328, 9, 38);
insert into OFRECE values (66, 1, 10);
insert into OFRECE values (117, 11, 27);
insert into OFRECE values (109, 14, 40);
insert into OFRECE values (258, 8, 18);
insert into OFRECE values (75, 12, 31);
insert into OFRECE values (320, 5, 12);
insert into OFRECE values (37, 13, 38);
insert into OFRECE values (42, 5, 27);
insert into OFRECE values (175, 6, 27);
insert into OFRECE values (66, 15, 12);
insert into OFRECE values (76, 5, 29);
insert into OFRECE values (268, 8, 20);
insert into OFRECE values (18, 1, 24);
insert into OFRECE values (200, 15, 24);
insert into OFRECE values (178, 1, 23);
insert into OFRECE values (144, 1, 13);
insert into OFRECE values (210, 6, 20);
insert into OFRECE values (218, 8, 12);
insert into OFRECE values (141, 7, 15);
insert into OFRECE values (44, 7, 21);
insert into OFRECE values (199, 2, 31);
insert into OFRECE values (231, 11, 31);
insert into OFRECE values (241, 10, 32);
insert into OFRECE values (70, 3, 11);
insert into OFRECE values (136, 2, 31);
insert into OFRECE values (72, 10, 38);
insert into OFRECE values (319, 12, 27);
insert into OFRECE values (352, 14, 19);
insert into OFRECE values (244, 5, 17);
insert into OFRECE values (68, 3, 22);
insert into OFRECE values (305, 9, 35);
insert into OFRECE values (309, 12, 24);
insert into OFRECE values (228, 15, 40);
insert into OFRECE values (168, 13, 39);
insert into OFRECE values (74, 6, 10);
insert into OFRECE values (48, 6, 28);
insert into OFRECE values (280, 15, 25);
insert into OFRECE values (198, 11, 33);
insert into OFRECE values (163, 6, 14);
insert into OFRECE values (47, 9, 30);
insert into OFRECE values (128, 13, 37);
insert into OFRECE values (78, 7, 13);
insert into OFRECE values (59, 13, 28);
insert into OFRECE values (342, 11, 35);
insert into OFRECE values (280, 11, 35);
insert into OFRECE values (33, 7, 17);
insert into OFRECE values (157, 1, 21);
insert into OFRECE values (78, 6, 35);
insert into OFRECE values (126, 7, 30);
insert into OFRECE values (243, 6, 35);
insert into OFRECE values (312, 3, 34);
insert into OFRECE values (174, 8, 37);
insert into OFRECE values (173, 14, 30);
insert into OFRECE values (303, 14, 25);
insert into OFRECE values (237, 1, 33);
insert into OFRECE values (29, 15, 38);
insert into OFRECE values (83, 1, 38);
insert into OFRECE values (272, 7, 23);
insert into OFRECE values (147, 10, 13);
insert into OFRECE values (227, 14, 25);
insert into OFRECE values (211, 4, 40);
insert into OFRECE values (114, 4, 10);
insert into OFRECE values (24, 9, 23);
insert into OFRECE values (219, 4, 11);
insert into OFRECE values (269, 12, 40);
insert into OFRECE values (6, 14, 15);
insert into OFRECE values (37, 4, 29);
insert into OFRECE values (115, 12, 15);
insert into OFRECE values (349, 12, 23);
insert into OFRECE values (205, 8, 20);
insert into OFRECE values (163, 13, 40);
insert into OFRECE values (239, 3, 16);
insert into OFRECE values (179, 1, 26);
insert into OFRECE values (327, 3, 33);
insert into OFRECE values (339, 2, 11);
insert into OFRECE values (331, 8, 18);
insert into OFRECE values (219, 4, 36);
insert into OFRECE values (83, 7, 22);
insert into OFRECE values (52, 11, 27);
insert into OFRECE values (245, 14, 11);
insert into OFRECE values (225, 9, 37);
insert into OFRECE values (270, 2, 40);
insert into OFRECE values (119, 11, 35);
insert into OFRECE values (225, 9, 37);
insert into OFRECE values (195, 10, 14);
insert into OFRECE values (26, 12, 11);
insert into OFRECE values (277, 4, 36);
insert into OFRECE values (314, 7, 19);
insert into OFRECE values (249, 7, 10);
insert into OFRECE values (208, 1, 33);
insert into OFRECE values (244, 9, 33);
insert into OFRECE values (212, 3, 32);
insert into OFRECE values (236, 9, 10);
insert into OFRECE values (275, 8, 13);
insert into OFRECE values (235, 7, 26);
insert into OFRECE values (277, 11, 24);
insert into OFRECE values (338, 3, 32);
insert into OFRECE values (273, 2, 16);
insert into OFRECE values (308, 15, 37);
insert into OFRECE values (256, 2, 26);
insert into OFRECE values (330, 7, 29);
insert into OFRECE values (284, 1, 24);
insert into OFRECE values (36, 2, 36);
insert into OFRECE values (324, 2, 26);
insert into OFRECE values (87, 12, 19);
insert into OFRECE values (261, 13, 22);
insert into OFRECE values (56, 3, 12);
insert into OFRECE values (170, 5, 35);
insert into OFRECE values (296, 6, 29);
insert into OFRECE values (133, 11, 27);
insert into OFRECE values (170, 7, 20);
insert into OFRECE values (37, 4, 13);
insert into OFRECE values (18, 2, 23);
insert into OFRECE values (344, 10, 23);
insert into OFRECE values (53, 6, 38);
insert into OFRECE values (190, 11, 15);
insert into OFRECE values (113, 9, 31);
insert into OFRECE values (296, 3, 26);
insert into OFRECE values (249, 6, 30);
insert into OFRECE values (325, 8, 34);
insert into OFRECE values (267, 1, 21);
insert into OFRECE values (63, 2, 12);
insert into OFRECE values (64, 10, 26);
insert into OFRECE values (172, 5, 30);
insert into OFRECE values (237, 5, 23);
insert into OFRECE values (168, 7, 27);
insert into OFRECE values (277, 2, 31);
insert into OFRECE values (217, 9, 37);
insert into OFRECE values (152, 9, 22);
insert into OFRECE values (254, 12, 16);
insert into OFRECE values (50, 6, 33);


/************ CARGA DE LA TABLA CLIENTE (DNI, NOMBRE, FECHA_NAC, TELEFONO) ************/
insert into CLIENTE values ('18825599H', 'Carla Torres Rodríguez', '1988-09-27', '903528093');
insert into CLIENTE values ('62270679W', 'Sofía Prieto Lozano', '1963-07-17', '618576666');
insert into CLIENTE values ('71638447C', 'David Nuñez Martínez', '1996-02-24', '606022309');
insert into CLIENTE values ('96039963N', 'Natalia Suárez Cano', '1989-08-11', '655297661');
insert into CLIENTE values ('71119798D', 'Javier Castro Méndez', '1959-03-24', '638426634');
insert into CLIENTE values ('35179657H', 'Víctor Pérez García', '1960-08-27', '601474465');
insert into CLIENTE values ('91033277N', 'Cristina Suárez Cortés', '1958-03-20', '610942874');
insert into CLIENTE values ('16397619Z', 'José Antonio Santos Pérez', '1972-11-10', '604712893');
insert into CLIENTE values ('27794230V', 'Miguel Molina Muñoz', '1956-06-01', '986691448');
insert into CLIENTE values ('57825031V', 'Raquel López Guerrero', '1955-09-03', '619733788');
insert into CLIENTE values ('67077814S', 'Mercedes Méndez Ramos', '1978-02-17', '669380075');
insert into CLIENTE values ('00104645V', 'José Antonio Suárez Domínguez', '1978-07-25', '616719693');
insert into CLIENTE values ('69631696B', 'Alicia Castillo Domínguez', '1963-06-06', '968677172');
insert into CLIENTE values ('39653884Y', 'Carmen María Rubio Romero', '1989-09-19', '900594956');
insert into CLIENTE values ('20712686N', 'Eva Martín Pérez', '1956-06-02', '981598530');
insert into CLIENTE values ('49404338S', 'Fernando Hernández Serrano', '1969-02-18', '993727717');
insert into CLIENTE values ('57855695A', 'Miguel Domínguez Fernández', '1956-01-12', '996122504');
insert into CLIENTE values ('99214548A', 'Lorena Medina Martínez', '1990-09-08', '911071025');
insert into CLIENTE values ('31531143G', 'Enrique Marín Sánchez', '1978-08-26', '663517200');
insert into CLIENTE values ('59624155N', 'Luisa Morales González', '1960-10-27', '619113678');
insert into CLIENTE values ('78161593D', 'Sofía Moreno Ortega', '1984-01-25', '999156430');
insert into CLIENTE values ('57759058K', 'David Martín Jiménez', '1975-09-23', '648812867');
insert into CLIENTE values ('98746521A', 'Rosa Ramírez Navarro', '1973-03-08', '663953216');
insert into CLIENTE values ('89107791V', 'Pedro Rubio Ortega', '1987-12-12', '665787710');
insert into CLIENTE values ('21704390D', 'Raúl Marín Rodríguez', '1961-08-02', '915569856');
insert into CLIENTE values ('04340032B', 'Sara Blanco López', '1956-07-07', '640558143');
insert into CLIENTE values ('33519286G', 'Irene Vázquez Vázquez', '1956-05-13', '629985721');
insert into CLIENTE values ('52946984V', 'Enrique Blanco Romero', '1981-05-30', '972889712');
insert into CLIENTE values ('02743794K', 'Eva Torres Suárez', '1992-04-24', '623551051');
insert into CLIENTE values ('80376284B', 'Leo Morales García', '1966-03-19', '964872081');
insert into CLIENTE values ('36462529J', 'Víctor Iglesias Alonso', '1984-02-23', '654245290');
insert into CLIENTE values ('28767427S', 'José Ortega Morales', '1970-07-31', '966185343');
insert into CLIENTE values ('06897309A', 'Pedro Castro Domínguez', '1993-11-05', '666985295');
insert into CLIENTE values ('55434691Z', 'Rubén Prieto Prieto', '1981-05-25', '659577531');
insert into CLIENTE values ('50496625L', 'Mateo Moreno Ruiz', '1978-07-14', '997531329');
insert into CLIENTE values ('78644753C', 'Adriana Sanz Fernández', '1996-01-03', '969211095');
insert into CLIENTE values ('78579827F', 'Pablo Santos Gutiérrez', '1972-03-01', '916328160');
insert into CLIENTE values ('22522445T', 'Manuel Torres Sánchez', '1988-09-02', '699673990');
insert into CLIENTE values ('28285024R', 'Juan Castro Medina', '1995-08-18', '984621144');
insert into CLIENTE values ('31806938J', 'Irene Morales Marín', '1977-02-10', '699438067');
insert into CLIENTE values ('21427097Y', 'Rafael Gutiérrez Rubio', '1981-06-12', '638180902');
insert into CLIENTE values ('16537154S', 'Carmen María Ramírez Cortés', '1965-10-01', '698050527');
insert into CLIENTE values ('58828659V', 'María Santos Cano', '1987-05-14', '979341697');
insert into CLIENTE values ('15268804B', 'Emma Cano García', '1976-04-09', '692980809');
insert into CLIENTE values ('23145161J', 'Alba Calvo Nuñez', '1997-01-15', '645545927');
insert into CLIENTE values ('80165330D', 'Marta Blanco Sanz', '1980-10-18', '684942744');
insert into CLIENTE values ('92899012M', 'Juan Carlos Sánchez Marín', '1970-12-05', '907673707');
insert into CLIENTE values ('93935504J', 'Eva Sanz Lozano', '1966-03-04', '999798027');
insert into CLIENTE values ('99857605A', 'Eva Ruiz Navarro', '1975-06-13', '983833252');
insert into CLIENTE values ('15697701T', 'Ana Cano Vidal', '1993-02-18', '924509871');
insert into CLIENTE values ('49524087E', 'Manuel Rubio Cortés', '1984-06-25', '965194513');
insert into CLIENTE values ('95511741K', 'Lucas Jiménez González', '1986-04-07', '926075144');
insert into CLIENTE values ('06132342N', 'Alejandro Gutiérrez Gallego', '1979-10-13', '994943781');
insert into CLIENTE values ('94274128D', 'Álvaro Rodríguez Serrano', '1966-10-28', '676214460');
insert into CLIENTE values ('25740348N', 'Irene Morales Navarro', '1997-04-11', '903120352');
insert into CLIENTE values ('77941505C', 'Juan Álvarez Ortega', '1972-05-21', '962329571');
insert into CLIENTE values ('64776840J', 'Lucía Ortiz Lozano', '1959-04-20', '696519943');
insert into CLIENTE values ('79949759M', 'Elena Castillo López', '1958-02-12', '634386675');
insert into CLIENTE values ('96399639R', 'Raquel Méndez Cano', '1998-01-17', '607236814');
insert into CLIENTE values ('08804790Z', 'Carmen María Álvarez Ortega', '1990-12-30', '953772033');
insert into CLIENTE values ('75615594P', 'Diego Molina Vidal', '1972-07-08', '612711764');
insert into CLIENTE values ('42503114M', 'Cristina Lozano Ramírez', '1973-06-24', '631570387');
insert into CLIENTE values ('99835072H', 'Mercedes Cano Vázquez', '1975-07-28', '966675046');
insert into CLIENTE values ('41649958T', 'Juan Carlos Sanz Gómez', '1970-01-12', '969525666');
insert into CLIENTE values ('74588021L', 'Álvaro Morales Gallego', '1960-02-05', '949188733');
insert into CLIENTE values ('41084698F', 'Francisco Jiménez Rubio', '1995-09-14', '985906410');
insert into CLIENTE values ('28013795C', 'Víctor Prieto Ramírez', '1967-12-06', '661687904');
insert into CLIENTE values ('98991400Y', 'Ignacio Méndez Méndez', '1977-09-25', '942564786');
insert into CLIENTE values ('82535131Z', 'Jesús González Ruiz', '1967-09-17', '650067950');
insert into CLIENTE values ('21022804Z', 'Natalia Calvo Sanz', '1963-01-12', '931136330');
insert into CLIENTE values ('61438477D', 'Guillermo Santos Guerrero', '1957-04-17', '613550141');
insert into CLIENTE values ('58600423M', 'Joaquín Fernández Gallego', '1972-10-10', '679753631');
insert into CLIENTE values ('89260502K', 'Diego Martín Rodríguez', '1956-04-02', '669998720');
insert into CLIENTE values ('52478013T', 'Raúl Ruiz Fernández', '1956-08-23', '997071234');
insert into CLIENTE values ('90470395L', 'Verónica Iglesias González', '1998-08-22', '970990074');
insert into CLIENTE values ('44746217S', 'Ignacio Molina Rodríguez', '1962-03-15', '611299664');
insert into CLIENTE values ('64198533N', 'Lorena Rodríguez Gil', '1987-04-27', '675237365');
insert into CLIENTE values ('96902953X', 'Mateo Cano Romero', '1955-07-03', '904023983');
insert into CLIENTE values ('29924607X', 'Raúl Martín Gil', '1968-03-24', '659173351');
insert into CLIENTE values ('62677348C', 'Alba Muñoz Iglesias', '1973-09-26', '986975885');
insert into CLIENTE values ('81124707E', 'Pablo Gutiérrez Iglesias', '1964-01-25', '939120381');
insert into CLIENTE values ('23726866X', 'Javier Calvo Castro', '1975-08-28', '995820428');
insert into CLIENTE values ('78338660S', 'Rafael Medina Vázquez', '1993-01-19', '610626769');
insert into CLIENTE values ('35995545S', 'Beatriz Gómez Cortés', '1996-06-15', '989017251');
insert into CLIENTE values ('35463189V', 'Alba Suárez Ramírez', '1986-07-10', '696008397');
insert into CLIENTE values ('31940830T', 'Sara Domínguez Serrano', '1962-07-04', '993243653');
insert into CLIENTE values ('32586664M', 'Marta Marín Prieto', '1955-12-18', '933658266');
insert into CLIENTE values ('29646663J', 'Ignacio Gómez Serrano', '1975-03-22', '915107216');
insert into CLIENTE values ('14142546H', 'Víctor González Navarro', '1957-04-22', '903886643');
insert into CLIENTE values ('54384776M', 'Manuel Romero Nuñez', '1972-03-07', '651870381');
insert into CLIENTE values ('32166955G', 'Rosa Cortés Hernández', '1970-11-26', '675510011');
insert into CLIENTE values ('88834832A', 'Jaime Guerrero Ortiz', '1998-12-06', '939527120');
insert into CLIENTE values ('42471628P', 'Verónica Ortiz Cortés', '1967-11-01', '683296815');
insert into CLIENTE values ('32176804M', 'Alba Medina Vidal', '1977-08-05', '993181850');
insert into CLIENTE values ('74964394M', 'Jaime Fernández Cortés', '1989-08-18', '673853608');
insert into CLIENTE values ('60794977X', 'María Ruiz Gil', '1991-07-15', '649875482');
insert into CLIENTE values ('92668414M', 'Raúl Méndez Gallego', '1992-03-25', '619245998');
insert into CLIENTE values ('71972341F', 'Manuel Prieto Delgado', '1963-02-07', '918462805');
insert into CLIENTE values ('87801879A', 'Claudia García Cano', '1963-05-10', '604834227');
insert into CLIENTE values ('13858805T', 'Carmen María Suárez Ortega', '1987-08-26', '903428992');
insert into CLIENTE values ('17570776V', 'Verónica Ortega Ramos', '1956-06-05', '685447250');
insert into CLIENTE values ('92438679A', 'Andrea Muñoz Castro', '1983-04-21', '623401378');
insert into CLIENTE values ('16006616W', 'Manuel Morales Ortiz', '1963-10-13', '666389776');
insert into CLIENTE values ('87754843Z', 'Elena Gallego Domínguez', '1961-02-22', '972480715');
insert into CLIENTE values ('46033321T', 'Daniel Sánchez Molina', '1978-03-17', '958992427');
insert into CLIENTE values ('93073464J', 'Sofía Torres Alonso', '1983-06-13', '903706506');
insert into CLIENTE values ('98548365P', 'Ángel Medina Muñoz', '1981-04-25', '641095825');
insert into CLIENTE values ('03472015E', 'Juan Santos Ruiz', '1993-10-31', '682248655');
insert into CLIENTE values ('23819986N', 'Mateo Gutiérrez Gutiérrez', '1993-02-10', '642802189');
insert into CLIENTE values ('85690436D', 'Ángel Cortés Castillo', '1999-04-01', '640809119');
insert into CLIENTE values ('79751325Y', 'Mariano Muñoz Calvo', '1977-04-07', '633162036');
insert into CLIENTE values ('16824625L', 'Rosa Vázquez Lozano', '1975-05-29', '976967015');
insert into CLIENTE values ('97361294T', 'Jorge Hernández Ramos', '1959-07-15', '673385760');
insert into CLIENTE values ('52862574V', 'Beatriz Molina Gallego', '1962-03-10', '600859175');
insert into CLIENTE values ('63996250R', 'Isabel Romero Lozano', '1967-03-29', '657295775');
insert into CLIENTE values ('46245828E', 'Ángel Rubio Cano', '1976-09-04', '649050606');
insert into CLIENTE values ('43388496J', 'Claudia Marín Iglesias', '1997-12-26', '987795463');
insert into CLIENTE values ('31421026N', 'Carlos Guerrero Ortiz', '1979-04-28', '921423546');
insert into CLIENTE values ('92369389K', 'Claudia Jiménez Gallego', '1974-05-11', '635523571');
insert into CLIENTE values ('43044409B', 'Mateo Martín Méndez', '1998-06-16', '915752604');
insert into CLIENTE values ('70673427S', 'Sara Lozano Pérez', '1969-08-27', '917190759');
insert into CLIENTE values ('36182405B', 'Hugo Rubio Delgado', '1996-03-21', '942772762');
insert into CLIENTE values ('28532349Y', 'Diego Alonso Cano', '1989-01-25', '918496845');
insert into CLIENTE values ('74573675S', 'Enrique Santos Domínguez', '1988-03-26', '907982610');
insert into CLIENTE values ('11308588T', 'Isabel Domínguez García', '1984-10-12', '656339446');
insert into CLIENTE values ('36978227A', 'Sara Nuñez Iglesias', '1958-09-30', '972466274');
insert into CLIENTE values ('86654067D', 'Miriam Martín Calvo', '1989-06-04', '622912308');
insert into CLIENTE values ('99193490L', 'Carla Cano Moreno', '1990-07-02', '942578662');
insert into CLIENTE values ('37502026X', 'Óscar Serrano García', '1983-05-07', '967710796');
insert into CLIENTE values ('51905606M', 'Raúl Prieto Torres', '1980-09-19', '651788563');
insert into CLIENTE values ('52173775A', 'Jaime Ortiz García', '1966-06-21', '615560916');
insert into CLIENTE values ('87433533Z', 'Eva Romero Blanco', '1955-09-12', '686688398');
insert into CLIENTE values ('96170030R', 'José Antonio Delgado Gil', '1997-11-20', '643363448');
insert into CLIENTE values ('90626172J', 'Joaquín Castro Álvarez', '1965-06-16', '941966215');
insert into CLIENTE values ('09069426X', 'José Cano Calvo', '1984-08-15', '985755269');
insert into CLIENTE values ('90941342K', 'Diego Domínguez Nuñez', '1984-05-25', '996504373');
insert into CLIENTE values ('65163255A', 'José Antonio Domínguez Delgado', '1990-11-26', '949929000');
insert into CLIENTE values ('28353921E', 'Pedro Moreno García', '1968-08-16', '957738374');
insert into CLIENTE values ('50305255A', 'Javier Castro Rubio', '1965-02-26', '962285654');
insert into CLIENTE values ('06462503K', 'Emma Jiménez Marín', '1973-06-26', '926897063');
insert into CLIENTE values ('56437687M', 'Andrea Pérez Navarro', '1955-05-25', '659842791');
insert into CLIENTE values ('78232337Z', 'Laura Hernández Gil', '1985-07-31', '911723267');
insert into CLIENTE values ('84419352Q', 'Mariano Vázquez Guerrero', '1958-12-20', '951481123');
insert into CLIENTE values ('61526856S', 'Alba García Gutiérrez', '1973-08-18', '907877224');
insert into CLIENTE values ('08069364Y', 'Enrique Castillo Calvo', '1966-05-02', '922368873');
insert into CLIENTE values ('08376283F', 'José Ortiz Gómez', '1986-01-10', '965901454');
insert into CLIENTE values ('50704151H', 'Álvaro Marín Martínez', '1993-10-10', '666340197');
insert into CLIENTE values ('33695008J', 'Carmen Castillo Santos', '1971-06-13', '984208182');
insert into CLIENTE values ('57507909X', 'María Marín García', '1964-05-30', '688278150');
insert into CLIENTE values ('04111559L', 'Rubén Martínez Rodríguez', '1981-09-28', '618053392');
insert into CLIENTE values ('32861979S', 'Lucía Álvarez Castillo', '1967-02-08', '932496472');
insert into CLIENTE values ('63235237D', 'Jaime Vázquez Iglesias', '1995-01-22', '975270576');
insert into CLIENTE values ('29170658M', 'Antonio Méndez Nuñez', '1983-05-05', '647640319');
insert into CLIENTE values ('45647330P', 'Fernando Ruiz Navarro', '1987-05-28', '940992291');
insert into CLIENTE values ('27920325E', 'Rosa Moreno Calvo', '1955-01-15', '625326087');
insert into CLIENTE values ('70470400L', 'Guillermo Domínguez Díaz', '1984-09-12', '904621287');
insert into CLIENTE values ('92742080J', 'José Antonio Nuñez Nuñez', '1962-06-20', '687035427');
insert into CLIENTE values ('70161500A', 'Diego Iglesias Rodríguez', '1987-10-20', '630660530');
insert into CLIENTE values ('49077273M', 'Juan Carlos Rodríguez Vidal', '1998-12-08', '948786599');
insert into CLIENTE values ('76152000P', 'Raquel González Santos', '1981-07-13', '653246187');
insert into CLIENTE values ('88610004X', 'Marina Álvarez Fernández', '1963-10-20', '608751186');
insert into CLIENTE values ('28029719L', 'Carla Vázquez Rodríguez', '1990-02-22', '967440661');
insert into CLIENTE values ('52805605X', 'Enrique Ramos Cano', '1966-08-07', '604713739');
insert into CLIENTE values ('95363967L', 'Juan Carlos Ruiz Navarro', '1963-06-24', '651092558');
insert into CLIENTE values ('57554505V', 'Sofía López Moreno', '1982-09-10', '902726925');
insert into CLIENTE values ('19614250M', 'Mateo Ramos Rodríguez', '1959-05-19', '620151673');
insert into CLIENTE values ('33394228Z', 'Miriam Morales Muñoz', '1968-02-01', '969576098');
insert into CLIENTE values ('55812380F', 'Pablo Alonso Medina', '1981-07-06', '699270191');
insert into CLIENTE values ('71663979E', 'Manuel Ruiz Díaz', '1959-03-27', '663999278');
insert into CLIENTE values ('44498660J', 'Celia Calvo Molina', '1978-03-20', '900123017');
insert into CLIENTE values ('47872495W', 'Marta Suárez Muñoz', '1955-11-29', '902565929');
insert into CLIENTE values ('76995254T', 'Eva Rubio Molina', '1971-07-22', '610886599');
insert into CLIENTE values ('84331783G', 'Laura Cortés Torres', '1984-09-05', '913949611');
insert into CLIENTE values ('24994626X', 'Carlos Jiménez Díaz', '1970-08-27', '697114322');
insert into CLIENTE values ('42277266A', 'Sofía Cortés Iglesias', '1998-04-02', '669008269');
insert into CLIENTE values ('27548637W', 'Ana Sánchez Martínez', '1997-01-16', '913639545');
insert into CLIENTE values ('21388791L', 'Patricia Delgado Gil', '1999-08-27', '666972209');
insert into CLIENTE values ('83025064K', 'Víctor Prieto González', '1990-08-31', '647839385');
insert into CLIENTE values ('89222306S', 'Mariano Jiménez Martínez', '1981-02-11', '920306387');
insert into CLIENTE values ('24940159T', 'Mateo Iglesias Sánchez', '1966-09-26', '990825837');
insert into CLIENTE values ('51319401H', 'Julia Alonso Cano', '1976-02-15', '665009874');
insert into CLIENTE values ('02399536R', 'Isabel Martínez Díaz', '1994-04-26', '694074331');
insert into CLIENTE values ('39965845L', 'Óscar Díaz Castillo', '1973-11-02', '953093307');
insert into CLIENTE values ('38728711A', 'Lucía Morales Gallego', '1957-03-28', '907078601');
insert into CLIENTE values ('67532511D', 'Raúl Martín Navarro', '1967-11-20', '954368272');
insert into CLIENTE values ('00061245W', 'Ana Serrano Romero', '1974-01-10', '671993784');
insert into CLIENTE values ('04464563L', 'Guillermo Gil Ortega', '1972-05-24', '680782664');
insert into CLIENTE values ('01231073Y', 'Jorge Santos Domínguez', '1993-06-23', '940712348');
insert into CLIENTE values ('40198634S', 'Fernando Pérez Santos', '1971-08-12', '643712946');
insert into CLIENTE values ('79362107K', 'Jaime Castillo Delgado', '1969-07-12', '689877264');
insert into CLIENTE values ('13268433K', 'Celia García Vázquez', '1978-07-05', '986423159');
insert into CLIENTE values ('06019479M', 'Emma Fernández Rubio', '1957-08-09', '664946070');
insert into CLIENTE values ('32976150R', 'Raquel Álvarez Álvarez', '1985-02-07', '980076111');
insert into CLIENTE values ('51872880Q', 'Joaquín Nuñez Martínez', '1988-12-10', '930712302');
insert into CLIENTE values ('56939288F', 'Elena Rodríguez Ruiz', '1998-01-24', '934752165');
insert into CLIENTE values ('25969785C', 'Óscar Gómez Ortiz', '1987-01-15', '944065199');
insert into CLIENTE values ('68289133T', 'Emma Moreno Sanz', '1956-10-22', '914188098');
insert into CLIENTE values ('03965273E', 'Andrea Vidal Medina', '1955-10-08', '944557013');
insert into CLIENTE values ('34527160X', 'Rosa Gutiérrez Torres', '1980-03-18', '649556931');
insert into CLIENTE values ('89650006J', 'Verónica Cano Martín', '1959-01-30', '656437573');
insert into CLIENTE values ('32545528Z', 'Enrique Ortiz Suárez', '1965-02-12', '920596341');
insert into CLIENTE values ('24064355H', 'Eva Castro Ortega', '1975-09-13', '626976937');
insert into CLIENTE values ('90122761Y', 'Francisco López Guerrero', '1976-06-19', '684811809');
insert into CLIENTE values ('34994587V', 'Ignacio Romero Ramos', '1956-08-14', '902950099');
insert into CLIENTE values ('19394460K', 'Cristina López Gómez', '1987-01-09', '647194457');
insert into CLIENTE values ('95475910P', 'Laura Ramírez Cano', '1981-08-17', '993480883');
insert into CLIENTE values ('31768107B', 'Pablo García Martínez', '1990-11-27', '984836948');
insert into CLIENTE values ('88575307H', 'Joaquín Ortega Ramírez', '1999-01-19', '679256997');
insert into CLIENTE values ('23616720Y', 'José Antonio Guerrero Domínguez', '1998-07-07', '948063882');
insert into CLIENTE values ('30440318C', 'Patricia Ramírez Díaz', '1956-08-20', '927023222');
insert into CLIENTE values ('21663848L', 'Iván Ramos Moreno', '1963-01-15', '674421391');
insert into CLIENTE values ('01233327Y', 'Emma Muñoz Marín', '1992-07-22', '647114232');
insert into CLIENTE values ('61304924M', 'Leo Guerrero Castillo', '1958-11-09', '686392237');
insert into CLIENTE values ('75251548L', 'Beatriz Moreno Sanz', '1992-07-27', '678529429');
insert into CLIENTE values ('32864307Y', 'Lucas Rodríguez González', '1982-04-04', '659679055');
insert into CLIENTE values ('67582795K', 'Carmen María Romero Cano', '1972-06-03', '935958885');
insert into CLIENTE values ('17122322V', 'Lucía Nuñez Gutiérrez', '1983-05-07', '909837005');
insert into CLIENTE values ('03443319P', 'Isabel Cortés Ortega', '1974-11-26', '934182905');
insert into CLIENTE values ('64541938F', 'Mercedes Vidal Santos', '1989-10-19', '622861001');
insert into CLIENTE values ('71022660T', 'Eva Prieto Cortés', '1994-03-06', '940973830');
insert into CLIENTE values ('12039452L', 'Rosa Díaz Delgado', '1992-04-12', '908969640');
insert into CLIENTE values ('38296021K', 'José Molina Blanco', '1964-04-09', '931222858');
insert into CLIENTE values ('69466066T', 'Ángel Torres Morales', '1996-12-07', '661063022');
insert into CLIENTE values ('44493628N', 'Enrique Marín Ortega', '1967-06-02', '933949765');
insert into CLIENTE values ('55675406W', 'Alejandro Gallego Cano', '1971-07-08', '995218302');
insert into CLIENTE values ('04021661W', 'Valentina Ramírez Fernández', '1982-10-17', '934418731');
insert into CLIENTE values ('41785826B', 'Alicia Sanz Gallego', '1976-07-30', '667237510');
insert into CLIENTE values ('59105941P', 'Jorge Gómez Pérez', '1999-02-16', '979260592');
insert into CLIENTE values ('64573885F', 'Manuel Ortega Vidal', '1973-10-30', '992042459');
insert into CLIENTE values ('00807971E', 'Carlos Romero Lozano', '1964-04-20', '903264758');
insert into CLIENTE values ('08887032S', 'Mercedes Álvarez Ramos', '1959-02-15', '997902652');
insert into CLIENTE values ('77190523S', 'Juan Delgado Ruiz', '1988-10-29', '924023778');
insert into CLIENTE values ('33034805X', 'Beatriz Castillo Alonso', '1977-03-21', '612419006');
insert into CLIENTE values ('01437899J', 'Leo Calvo Navarro', '1988-09-02', '611511180');
insert into CLIENTE values ('01680745X', 'Mariano Cortés Blanco', '1993-07-16', '691217238');
insert into CLIENTE values ('68657615S', 'María Díaz Gil', '1984-08-04', '979634565');
insert into CLIENTE values ('60916337K', 'Pablo Martín Sanz', '1990-12-09', '993464955');
insert into CLIENTE values ('71119317F', 'Óscar Ramírez Pérez', '1979-09-23', '677798926');
insert into CLIENTE values ('53899302Y', 'Sofía Gallego Gallego', '1956-08-24', '605186065');
insert into CLIENTE values ('54275721Z', 'Laura Gallego Serrano', '1974-05-17', '641297416');
insert into CLIENTE values ('13528199N', 'José Nuñez Martín', '1991-04-28', '676002392');
insert into CLIENTE values ('34529078G', 'Ignacio Álvarez Nuñez', '1995-04-05', '982209954');
insert into CLIENTE values ('92357505S', 'Marina Domínguez Ortiz', '1955-06-30', '680488179');
insert into CLIENTE values ('11194697Z', 'Valentina Rubio Jiménez', '1985-12-26', '925752341');
insert into CLIENTE values ('30740441Y', 'Carlos Méndez Alonso', '1973-10-28', '692829589');
insert into CLIENTE values ('90689599B', 'Mateo Rodríguez Martín', '1971-01-09', '626555780');
insert into CLIENTE values ('48795089Q', 'Mateo Cano Martínez', '1969-01-10', '927909211');
insert into CLIENTE values ('82333742Y', 'Carla Lozano Serrano', '1983-12-14', '614226483');
insert into CLIENTE values ('26286220D', 'Patricia Molina Gil', '1979-11-24', '954604702');
insert into CLIENTE values ('52721484L', 'Jorge Fernández Vázquez', '1993-11-22', '635222996');
insert into CLIENTE values ('42868235H', 'Alejandro Álvarez Cano', '1970-05-31', '603621574');
insert into CLIENTE values ('54450623K', 'Francisco Lozano Martínez', '1979-09-21', '663064271');
insert into CLIENTE values ('95587901S', 'Ignacio Rodríguez Marín', '1979-03-18', '611124508');
insert into CLIENTE values ('07099519T', 'Paula Marín Suárez', '1997-12-27', '667382931');
insert into CLIENTE values ('91483123C', 'Óscar Molina Ramos', '1999-08-10', '987434322');
insert into CLIENTE values ('45516270G', 'Guillermo Morales Ramos', '1998-10-23', '626527679');
insert into CLIENTE values ('00060811Z', 'Álvaro Jiménez Castillo', '1997-10-28', '982051197');
insert into CLIENTE values ('56016179B', 'Valentina Vázquez Alonso', '1997-08-09', '982757355');
insert into CLIENTE values ('41532343B', 'Irene Muñoz Rubio', '1986-12-22', '994456667');
insert into CLIENTE values ('70571052Q', 'Valentina Álvarez Delgado', '1982-11-15', '968823897');
insert into CLIENTE values ('07530490Q', 'Pedro Ramírez Iglesias', '1968-08-10', '631130993');
insert into CLIENTE values ('41767834V', 'Lorena Álvarez Serrano', '1977-08-23', '653084394');
insert into CLIENTE values ('34850869E', 'Óscar Castillo Fernández', '1957-07-09', '913051041');
insert into CLIENTE values ('93014759Z', 'José Antonio Díaz Romero', '1989-01-23', '989182699');
insert into CLIENTE values ('31513326Q', 'Celia García Ramírez', '1976-01-09', '997213353');
insert into CLIENTE values ('93890920Y', 'Juan Carlos Castillo González', '1976-08-16', '634672770');
insert into CLIENTE values ('36342541M', 'Juan Carlos Calvo González', '1999-09-27', '922564913');
insert into CLIENTE values ('04864938B', 'Rosa Suárez Torres', '1995-02-15', '672366466');
insert into CLIENTE values ('92884026Y', 'Laura Álvarez Cano', '1981-07-23', '914698295');
insert into CLIENTE values ('11847191G', 'Patricia Cano Castillo', '1975-03-07', '948210251');
insert into CLIENTE values ('03548917T', 'Marina Prieto Prieto', '1996-12-05', '907785306');
insert into CLIENTE values ('91865472Z', 'Manuel Jiménez Ortiz', '1986-05-24', '665776115');
insert into CLIENTE values ('18846306Q', 'Verónica Muñoz Nuñez', '1971-10-20', '961366319');
insert into CLIENTE values ('58043042P', 'Beatriz Rodríguez Serrano', '1965-05-13', '651101820');
insert into CLIENTE values ('94590005Y', 'Andrea Vidal Santos', '1985-07-19', '930226138');
insert into CLIENTE values ('11898860T', 'Emma Gallego Cortés', '1998-04-12', '638159605');
insert into CLIENTE values ('75928000K', 'Manuel Jiménez Ortiz', '1963-02-20', '683652272');
insert into CLIENTE values ('33150156D', 'Francisco Gallego Serrano', '1955-11-12', '684877386');
insert into CLIENTE values ('55750797S', 'Víctor Nuñez Díaz', '1978-01-09', '939772340');
insert into CLIENTE values ('56011353F', 'Laura Hernández Cano', '1961-02-01', '955040123');
insert into CLIENTE values ('74792217P', 'Andrea Marín Guerrero', '1999-05-02', '621946625');
insert into CLIENTE values ('99450018W', 'Claudia Serrano López', '1993-10-26', '699298846');
insert into CLIENTE values ('03521048B', 'Isabel Domínguez Gallego', '1988-12-04', '617815042');
insert into CLIENTE values ('26905720Y', 'Ignacio Serrano Martín', '1956-10-03', '968142855');
insert into CLIENTE values ('72575279Y', 'Raúl Lozano Ramírez', '1955-08-02', '987533299');
insert into CLIENTE values ('13820222F', 'José Castro Pérez', '1974-11-18', '640801419');
insert into CLIENTE values ('98730792D', 'Valentina Marín Marín', '1979-02-12', '634230074');
insert into CLIENTE values ('53609958T', 'Ignacio Rodríguez Ortega', '1956-10-30', '988718119');
insert into CLIENTE values ('65268903K', 'Sara Vázquez Martín', '1981-02-02', '647248921');
insert into CLIENTE values ('13760307F', 'Isabel Rubio Domínguez', '1992-08-10', '961037447');
insert into CLIENTE values ('48277529A', 'Valentina Gil Ramos', '1976-08-07', '632203739');
insert into CLIENTE values ('19922980P', 'Miguel Rodríguez Iglesias', '1981-11-12', '979190337');
insert into CLIENTE values ('38620979A', 'Francisco Sanz Gallego', '1997-01-23', '606531462');
insert into CLIENTE values ('98686564E', 'José Prieto Santos', '1994-01-12', '601545095');
insert into CLIENTE values ('48534346Z', 'Natalia Rubio Díaz', '1992-08-16', '986336171');
insert into CLIENTE values ('19985231C', 'Jorge Medina Gutiérrez', '1988-11-11', '633881614');
insert into CLIENTE values ('12540940G', 'Alba Pérez Méndez', '1968-07-23', '956052039');
insert into CLIENTE values ('13355429W', 'José Antonio Ruiz Domínguez', '1970-08-18', '634519848');
insert into CLIENTE values ('80186114V', 'Óscar Romero Gil', '1972-06-07', '667372997');
insert into CLIENTE values ('70360600P', 'Ignacio Ortiz Moreno', '1971-05-28', '987201394');
insert into CLIENTE values ('39287173Z', 'Carmen María Iglesias Serrano', '1978-06-10', '613553430');
insert into CLIENTE values ('00228278D', 'Celia Muñoz Rubio', '1983-11-29', '956194011');
insert into CLIENTE values ('01619388E', 'Rafael Delgado Díaz', '1970-09-27', '689509587');
insert into CLIENTE values ('74458917F', 'Cristina Méndez Alonso', '1962-02-14', '650244672');
insert into CLIENTE values ('56683923K', 'María Vidal Jiménez', '1973-02-10', '952806899');
insert into CLIENTE values ('58400506L', 'Leo Delgado Santos', '1999-07-10', '988368679');
insert into CLIENTE values ('83321602J', 'Diego Castro Ramírez', '1955-10-22', '969239690');
insert into CLIENTE values ('78804805X', 'Silvia Vidal Iglesias', '1989-11-02', '965323317');
insert into CLIENTE values ('47496699X', 'Rafael López Romero', '1966-06-11', '970627510');
insert into CLIENTE values ('87671444Y', 'Álvaro Ramírez Álvarez', '1970-12-24', '984025746');
insert into CLIENTE values ('33282633A', 'Julia Santos Muñoz', '1999-12-01', '967640779');
insert into CLIENTE values ('99427256E', 'Pablo Torres Santos', '1991-12-18', '650720172');
insert into CLIENTE values ('45771289B', 'Pedro Molina Gallego', '1974-07-29', '656593145');
insert into CLIENTE values ('15699277G', 'Óscar Navarro Álvarez', '1978-11-08', '982201966');
insert into CLIENTE values ('60542793J', 'Jorge Calvo Díaz', '1983-09-15', '945812517');
insert into CLIENTE values ('69721035J', 'Diego Blanco Ortega', '1975-07-27', '617940083');
insert into CLIENTE values ('96100774P', 'Isabel Sanz Fernández', '1996-04-05', '906991668');
insert into CLIENTE values ('87326188V', 'Álvaro Hernández Gómez', '1983-10-16', '634134577');
insert into CLIENTE values ('97168964N', 'Mercedes Ortega Rubio', '2000-01-10', '993391511');
insert into CLIENTE values ('85468326E', 'Alba Gutiérrez Castro', '1991-05-11', '662469688');
insert into CLIENTE values ('13674917Q', 'David Morales Sánchez', '1997-11-04', '902376828');
insert into CLIENTE values ('03715526Q', 'José Antonio Medina Ortega', '1994-03-12', '694571569');
insert into CLIENTE values ('15748852S', 'Álvaro Pérez Cortés', '1974-04-25', '950887190');
insert into CLIENTE values ('24667178A', 'Carla Molina Castillo', '1960-07-30', '602078914');
insert into CLIENTE values ('08321599R', 'Víctor González Martínez', '1958-02-14', '983518010');
insert into CLIENTE values ('43618373A', 'Mateo Iglesias Rubio', '1981-03-07', '678463961');
insert into CLIENTE values ('82497637V', 'Emma Martín García', '1981-03-16', '979000603');
insert into CLIENTE values ('24913840L', 'Leo Pérez Martín', '1977-06-24', '660790661');
insert into CLIENTE values ('59459329F', 'Marta Prieto Vidal', '1997-02-19', '694535365');
insert into CLIENTE values ('10047652L', 'Ángel Marín Lozano', '1979-02-22', '937365809');
insert into CLIENTE values ('44965536H', 'Adriana Domínguez Jiménez', '1960-05-02', '637054206');
insert into CLIENTE values ('76796393Q', 'Pablo Guerrero Morales', '1974-12-01', '656669854');
insert into CLIENTE values ('99820305G', 'Mercedes Nuñez Ortega', '1960-01-26', '690169743');
insert into CLIENTE values ('24461175J', 'Diego Serrano Suárez', '1973-10-04', '615634181');
insert into CLIENTE values ('46305737Y', 'Laura Iglesias Jiménez', '1988-06-14', '973767269');
insert into CLIENTE values ('73515021G', 'Álvaro Marín García', '1998-07-15', '939727389');
insert into CLIENTE values ('08396485N', 'Adriana Hernández Rubio', '1988-10-01', '691598342');
insert into CLIENTE values ('07800429C', 'Iván Méndez Castro', '1993-10-21', '998454653');
insert into CLIENTE values ('67374473Y', 'Sara García Jiménez', '1961-09-19', '970138418');
insert into CLIENTE values ('08231031Y', 'Pablo Sánchez Hernández', '1957-11-07', '962721564');
insert into CLIENTE values ('54655473Y', 'Rubén Santos Gil', '1991-01-29', '948647907');
insert into CLIENTE values ('96318690D', 'Jesús Gil López', '1972-01-03', '905827195');
insert into CLIENTE values ('20336572V', 'Lucía Gutiérrez Fernández', '1991-10-29', '649764965');
insert into CLIENTE values ('22032120G', 'Alba Vázquez Medina', '1966-05-22', '695423828');
insert into CLIENTE values ('64192787T', 'Rafael Guerrero Molina', '1960-02-08', '650030733');
insert into CLIENTE values ('00476063K', 'Julia Muñoz Ramos', '1979-01-16', '697300913');
insert into CLIENTE values ('79314655G', 'Hugo Martín Vázquez', '1968-07-29', '697657028');
insert into CLIENTE values ('21861573E', 'Andrea Sánchez Méndez', '1999-03-10', '611219817');
insert into CLIENTE values ('70763020B', 'Lorena Cano Gallego', '1980-11-13', '684268428');
insert into CLIENTE values ('25071570G', 'Iván Muñoz Fernández', '1968-09-21', '678422830');
insert into CLIENTE values ('38750340K', 'María Sánchez Medina', '1994-11-09', '918682053');
insert into CLIENTE values ('85320487K', 'Óscar Ruiz Marín', '1970-08-05', '935088769');
insert into CLIENTE values ('15964524T', 'Beatriz Lozano Vidal', '1963-08-25', '939928847');
insert into CLIENTE values ('92556227V', 'Andrea Moreno Suárez', '1956-01-16', '946290646');
insert into CLIENTE values ('10295889J', 'Adriana Vázquez Vázquez', '1990-09-06', '639746722');
insert into CLIENTE values ('18437688Q', 'Alejandro Calvo Rodríguez', '1956-08-15', '641336969');
insert into CLIENTE values ('75385874S', 'Ángel Gutiérrez Calvo', '1987-04-16', '619981274');
insert into CLIENTE values ('73070269F', 'Emma Vidal Lozano', '1987-05-12', '613770092');
insert into CLIENTE values ('52858022X', 'Óscar Molina Pérez', '1967-08-17', '642048030');
insert into CLIENTE values ('58582423X', 'Diego Delgado Suárez', '1996-07-14', '679659945');
insert into CLIENTE values ('05950331B', 'Silvia Rodríguez Santos', '2000-01-30', '979527999');
insert into CLIENTE values ('77207789K', 'Mateo Méndez González', '1956-02-06', '693539107');
insert into CLIENTE values ('72393230T', 'Emma Cano Gutiérrez', '1957-01-29', '942603602');
insert into CLIENTE values ('07595055V', 'Mercedes Castro Gutiérrez', '1955-08-06', '632709358');
insert into CLIENTE values ('42461754F', 'Patricia Nuñez Gil', '1990-08-15', '671883454');
insert into CLIENTE values ('45377822V', 'Patricia Ramos Santos', '1957-10-30', '997728642');
insert into CLIENTE values ('35802774J', 'Marta Blanco Prieto', '1994-06-16', '906267720');
insert into CLIENTE values ('98252937W', 'Celia López Delgado', '1966-02-16', '603789544');
insert into CLIENTE values ('22295371Z', 'Marina García Jiménez', '1989-08-03', '929841890');
insert into CLIENTE values ('12513994S', 'Valentina Marín Rodríguez', '1960-07-09', '955827319');
insert into CLIENTE values ('88985052H', 'Valentina González Delgado', '1992-04-09', '996572461');
insert into CLIENTE values ('26854656T', 'Pablo Sánchez Domínguez', '1982-08-25', '662366844');
insert into CLIENTE values ('64222023X', 'David Serrano Ortiz', '1966-09-02', '902101556');
insert into CLIENTE values ('55963250V', 'Iván Vázquez Prieto', '1977-04-13', '667440631');
insert into CLIENTE values ('90478392D', 'Gloria Lozano Santos', '1971-04-01', '659354680');
insert into CLIENTE values ('70760457Q', 'Julia Gómez Serrano', '1960-03-09', '694524349');
insert into CLIENTE values ('39560973H', 'Luisa Serrano Díaz', '1988-09-07', '998405623');
insert into CLIENTE values ('35398904V', 'Luisa Medina González', '1965-12-11', '677815907');
insert into CLIENTE values ('16685219H', 'Alba Navarro González', '1986-06-08', '924871463');
insert into CLIENTE values ('67741435V', 'Sara Torres Vidal', '1978-06-10', '671814642');
insert into CLIENTE values ('06751195F', 'Silvia Ramírez Vidal', '1962-10-27', '914329126');
insert into CLIENTE values ('50893189J', 'Adriana Álvarez Nuñez', '1956-12-08', '908648696');
insert into CLIENTE values ('15407568G', 'Diego Ortega Gómez', '1969-02-28', '661477033');
insert into CLIENTE values ('14739623E', 'Ana Vázquez Álvarez', '1990-11-08', '966111803');
insert into CLIENTE values ('22199897Y', 'Lorena Fernández Gómez', '1984-05-13', '945139441');
insert into CLIENTE values ('89192506B', 'Jaime Hernández Santos', '1988-07-18', '627491186');
insert into CLIENTE values ('66064295R', 'Miguel Sanz Martín', '1994-08-04', '690685000');
insert into CLIENTE values ('12102390X', 'Isabel Domínguez Muñoz', '1979-04-19', '961970793');
insert into CLIENTE values ('63286067D', 'Daniel Suárez Ruiz', '1969-03-01', '963348866');
insert into CLIENTE values ('87849151H', 'Jorge Santos Ramos', '1959-03-30', '627817916');
insert into CLIENTE values ('89588372Q', 'Daniel Vidal Martínez', '1977-06-25', '945679893');
insert into CLIENTE values ('34888053X', 'Isabel Ramos Torres', '1961-12-02', '973789003');
insert into CLIENTE values ('21756224V', 'Claudia Ruiz Díaz', '1995-05-23', '931465531');
insert into CLIENTE values ('69752620Q', 'Beatriz Martín Blanco', '1958-03-12', '975638333');
insert into CLIENTE values ('75897120V', 'Lorena Ramírez Delgado', '1994-11-21', '689632174');
insert into CLIENTE values ('73207033M', 'Mateo Sánchez Marín', '1973-12-06', '633261018');
insert into CLIENTE values ('04886303Z', 'David Calvo López', '1995-11-03', '665439745');
insert into CLIENTE values ('19035671X', 'Patricia Vidal Castillo', '1979-03-14', '676716387');
insert into CLIENTE values ('88603884V', 'Eva Fernández Serrano', '1992-02-08', '997576403');
insert into CLIENTE values ('22406596W', 'Lucía García Díaz', '1990-01-14', '693146087');


/************ CARGA DE LA TABLA VENTA (NUM_FACTURA, COD_CLIENTE, COD_COCHE, COD_CONCESIONARIO, PRECIO, FECHA) ************/
insert into VENTA values (1, '18825599H', 7, 8, 46750.24, '2009-01-01');
insert into VENTA values (2, '62270679W', 267, 5, 21532.31, '2013-05-13');
insert into VENTA values (3, '71638447C', 333, 7, 30693.07, '2003-07-03');
insert into VENTA values (4, '96039963N', 85, 11, 34226.75, '2003-12-05');
insert into VENTA values (5, '71119798D', 285, 10, 36690.00, '2018-02-06');
insert into VENTA values (6, '35179657H', 247, 12, 31667.57, '2010-10-19');
insert into VENTA values (7, '91033277N', 262, 9, 35723.58, '2014-11-02');
insert into VENTA values (8, '16397619Z', 277, 5, 18290.71, '1996-07-26');
insert into VENTA values (9, '27794230V', 108, 15, 47693.87, '1997-05-16');
insert into VENTA values (10, '57825031V', 76, 5, 28008.84, '2019-07-28');
insert into VENTA values (11, '67077814S', 152, 8, 31998.57, '2018-07-05');
insert into VENTA values (12, '00104645V', 237, 4, 44513.05, '2011-09-20');
insert into VENTA values (13, '69631696B', 6, 9, 43150.27, '2002-11-24');
insert into VENTA values (14, '39653884Y', 68, 6, 40586.41, '2015-03-02');
insert into VENTA values (15, '20712686N', 181, 11, 21704.66, '1997-03-13');
insert into VENTA values (16, '49404338S', 30, 12, 47387.17, '2011-02-15');
insert into VENTA values (17, '57855695A', 9, 15, 34265.80, '2002-06-25');
insert into VENTA values (18, '99214548A', 51, 10, 31700.78, '2005-05-15');
insert into VENTA values (19, '31531143G', 253, 9, 41644.61, '2017-10-25');
insert into VENTA values (20, '59624155N', 138, 11, 23125.53, '1996-06-23');
insert into VENTA values (21, '78161593D', 134, 9, 25369.00, '2014-06-01');
insert into VENTA values (22, '57759058K', 122, 15, 48314.91, '1999-08-31');
insert into VENTA values (23, '98746521A', 180, 7, 42359.11, '1999-03-28');
insert into VENTA values (24, '89107791V', 323, 10, 15322.22, '2020-05-16');
insert into VENTA values (25, '21704390D', 62, 8, 24856.28, '2001-03-23');
insert into VENTA values (26, '04340032B', 97, 7, 29659.32, '2013-07-25');
insert into VENTA values (27, '33519286G', 230, 9, 31754.69, '2007-02-01');
insert into VENTA values (28, '52946984V', 353, 15, 48134.72, '1997-01-12');
insert into VENTA values (29, '02743794K', 160, 7, 27486.90, '2005-10-18');
insert into VENTA values (30, '80376284B', 29, 6, 31121.40, '2000-11-14');
insert into VENTA values (31, '36462529J', 46, 11, 49279.47, '2011-11-27');
insert into VENTA values (32, '28767427S', 111, 11, 32613.22, '2016-02-13');
insert into VENTA values (33, '06897309A', 75, 6, 42722.32, '2022-07-17');
insert into VENTA values (34, '55434691Z', 319, 5, 22550.36, '2008-05-22');
insert into VENTA values (35, '50496625L', 79, 2, 15228.44, '2005-10-31');
insert into VENTA values (36, '78644753C', 300, 1, 39829.69, '2007-01-08');
insert into VENTA values (37, '78579827F', 3, 5, 47394.73, '2002-10-21');
insert into VENTA values (38, '22522445T', 179, 10, 23057.86, '2016-06-07');
insert into VENTA values (39, '28285024R', 67, 2, 27261.56, '2016-09-19');
insert into VENTA values (40, '31806938J', 325, 5, 15806.34, '2018-11-06');
insert into VENTA values (41, '21427097Y', 209, 13, 18026.58, '2013-02-14');
insert into VENTA values (42, '16537154S', 78, 11, 20844.09, '2019-11-02');
insert into VENTA values (43, '58828659V', 335, 1, 46512.10, '2019-08-15');
insert into VENTA values (44, '15268804B', 195, 12, 21145.61, '1998-04-22');
insert into VENTA values (45, '23145161J', 260, 7, 23758.04, '1999-01-27');
insert into VENTA values (46, '80165330D', 329, 4, 30235.55, '2005-03-31');
insert into VENTA values (47, '92899012M', 119, 14, 23319.06, '2008-04-20');
insert into VENTA values (48, '93935504J', 127, 4, 25779.78, '2021-06-27');
insert into VENTA values (49, '99857605A', 165, 15, 42148.74, '2018-09-08');
insert into VENTA values (50, '15697701T', 37, 14, 22442.29, '2009-09-16');
insert into VENTA values (51, '49524087E', 304, 3, 35622.95, '2001-12-10');
insert into VENTA values (52, '95511741K', 256, 11, 39940.34, '2001-03-14');
insert into VENTA values (53, '06132342N', 45, 9, 37576.94, '2001-07-06');
insert into VENTA values (54, '94274128D', 176, 10, 28104.35, '2004-08-29');
insert into VENTA values (55, '25740348N', 283, 4, 43437.88, '2008-02-17');
insert into VENTA values (56, '77941505C', 304, 5, 16217.52, '2016-07-21');
insert into VENTA values (57, '64776840J', 4, 6, 23739.60, '2011-07-20');
insert into VENTA values (58, '79949759M', 112, 6, 17785.80, '1999-12-05');
insert into VENTA values (59, '96399639R', 158, 14, 20239.86, '2019-07-10');
insert into VENTA values (60, '08804790Z', 107, 9, 25622.88, '2016-04-13');
insert into VENTA values (61, '75615594P', 129, 14, 22848.65, '2021-03-31');
insert into VENTA values (62, '42503114M', 139, 2, 28865.88, '2006-04-26');
insert into VENTA values (63, '99835072H', 12, 14, 34443.33, '1995-01-16');
insert into VENTA values (64, '41649958T', 30, 4, 45508.83, '2009-10-11');
insert into VENTA values (65, '74588021L', 66, 13, 22941.62, '2004-01-04');
insert into VENTA values (66, '41084698F', 134, 8, 38520.93, '2010-06-19');
insert into VENTA values (67, '28013795C', 135, 3, 24031.16, '2007-05-13');
insert into VENTA values (68, '98991400Y', 328, 9, 15880.70, '2010-03-30');
insert into VENTA values (69, '82535131Z', 285, 12, 15833.63, '2004-07-31');
insert into VENTA values (70, '21022804Z', 133, 2, 25376.12, '1997-12-23');
insert into VENTA values (71, '61438477D', 196, 2, 23178.11, '2015-07-12');
insert into VENTA values (72, '58600423M', 246, 12, 31230.60, '2002-10-19');
insert into VENTA values (73, '89260502K', 251, 5, 24504.78, '2011-01-16');
insert into VENTA values (74, '52478013T', 265, 15, 41763.63, '2001-07-03');
insert into VENTA values (75, '90470395L', 198, 6, 47762.53, '2018-05-02');
insert into VENTA values (76, '44746217S', 252, 15, 31595.43, '2005-06-20');
insert into VENTA values (77, '64198533N', 71, 2, 42449.38, '2016-04-20');
insert into VENTA values (78, '96902953X', 25, 12, 40236.92, '1998-10-21');
insert into VENTA values (79, '29924607X', 88, 14, 26623.12, '2021-08-08');
insert into VENTA values (80, '62677348C', 287, 15, 22771.87, '2021-08-14');
insert into VENTA values (81, '81124707E', 128, 4, 31567.54, '1999-08-31');
insert into VENTA values (82, '23726866X', 76, 1, 39359.96, '2008-03-02');
insert into VENTA values (83, '78338660S', 234, 7, 27188.15, '2004-01-09');
insert into VENTA values (84, '35995545S', 29, 5, 37766.12, '2015-11-26');
insert into VENTA values (85, '35463189V', 203, 14, 46497.36, '1998-07-16');
insert into VENTA values (86, '31940830T', 305, 7, 24972.06, '2011-02-23');
insert into VENTA values (87, '32586664M', 195, 8, 15423.00, '2000-05-11');
insert into VENTA values (88, '29646663J', 8, 4, 22564.93, '1997-04-08');
insert into VENTA values (89, '14142546H', 312, 13, 39688.14, '2001-05-09');
insert into VENTA values (90, '54384776M', 294, 12, 22928.51, '2006-11-19');
insert into VENTA values (91, '32166955G', 4, 1, 20824.83, '2013-03-21');
insert into VENTA values (92, '88834832A', 169, 8, 35313.66, '2007-05-30');
insert into VENTA values (93, '42471628P', 57, 14, 22537.07, '2003-05-08');
insert into VENTA values (94, '32176804M', 155, 14, 25558.48, '1999-05-17');
insert into VENTA values (95, '74964394M', 103, 2, 19210.18, '1996-05-05');
insert into VENTA values (96, '60794977X', 262, 6, 22584.23, '2022-01-19');
insert into VENTA values (97, '92668414M', 173, 11, 28338.05, '2019-01-31');
insert into VENTA values (98, '71972341F', 145, 3, 47548.21, '2021-11-18');
insert into VENTA values (99, '87801879A', 182, 12, 19864.57, '1996-07-25');
insert into VENTA values (100, '13858805T', 197, 3, 45844.51, '2011-10-12');
insert into VENTA values (101, '17570776V', 70, 8, 32616.91, '2003-02-14');
insert into VENTA values (102, '92438679A', 178, 13, 30841.94, '2004-02-08');
insert into VENTA values (103, '16006616W', 90, 5, 36205.77, '2006-10-20');
insert into VENTA values (104, '87754843Z', 26, 11, 41341.93, '2008-01-22');
insert into VENTA values (105, '46033321T', 175, 4, 39405.58, '2001-04-18');
insert into VENTA values (106, '93073464J', 60, 13, 22461.84, '2016-06-14');
insert into VENTA values (107, '98548365P', 43, 10, 17734.21, '2014-07-12');
insert into VENTA values (108, '03472015E', 215, 8, 38755.65, '2001-03-12');
insert into VENTA values (109, '23819986N', 120, 2, 26969.11, '2003-11-27');
insert into VENTA values (110, '85690436D', 290, 3, 46326.49, '2005-01-18');
insert into VENTA values (111, '79751325Y', 263, 8, 43729.02, '2010-07-05');
insert into VENTA values (112, '16824625L', 101, 7, 23929.91, '2015-06-14');
insert into VENTA values (113, '97361294T', 224, 11, 37819.15, '2013-08-07');
insert into VENTA values (114, '52862574V', 100, 11, 26950.92, '2013-10-30');
insert into VENTA values (115, '63996250R', 218, 3, 21959.59, '2000-01-20');
insert into VENTA values (116, '46245828E', 166, 9, 29614.76, '2010-05-19');
insert into VENTA values (117, '43388496J', 35, 6, 20085.42, '1999-08-30');
insert into VENTA values (118, '31421026N', 209, 12, 37449.40, '2022-10-29');
insert into VENTA values (119, '92369389K', 341, 9, 31046.45, '2017-04-30');
insert into VENTA values (120, '43044409B', 319, 4, 38886.47, '2017-11-27');
insert into VENTA values (121, '70673427S', 8, 14, 21807.79, '2006-05-22');
insert into VENTA values (122, '36182405B', 108, 2, 15806.72, '2001-06-23');
insert into VENTA values (123, '28532349Y', 277, 7, 31499.04, '2008-12-08');
insert into VENTA values (124, '74573675S', 274, 3, 35574.35, '2014-09-27');
insert into VENTA values (125, '11308588T', 233, 11, 18625.93, '1996-05-22');
insert into VENTA values (126, '36978227A', 178, 6, 45917.61, '2003-04-12');
insert into VENTA values (127, '86654067D', 253, 15, 35100.12, '2005-12-07');
insert into VENTA values (128, '99193490L', 17, 13, 18858.12, '2018-07-16');
insert into VENTA values (129, '37502026X', 10, 9, 34040.98, '2015-10-23');
insert into VENTA values (130, '51905606M', 298, 7, 23710.88, '1999-11-11');
insert into VENTA values (131, '52173775A', 122, 14, 48731.98, '2019-04-06');
insert into VENTA values (132, '87433533Z', 200, 11, 20804.86, '2003-03-11');
insert into VENTA values (133, '96170030R', 76, 8, 23599.71, '2011-12-04');
insert into VENTA values (134, '90626172J', 228, 2, 20178.30, '1995-12-04');
insert into VENTA values (135, '09069426X', 245, 10, 37063.50, '1999-11-25');
insert into VENTA values (136, '90941342K', 13, 10, 48233.56, '2000-07-15');
insert into VENTA values (137, '65163255A', 181, 13, 23316.51, '1997-03-12');
insert into VENTA values (138, '28353921E', 55, 6, 27408.02, '2010-10-20');
insert into VENTA values (139, '50305255A', 328, 8, 43503.07, '1996-09-07');
insert into VENTA values (140, '06462503K', 73, 9, 27662.54, '2009-03-17');
insert into VENTA values (141, '56437687M', 282, 4, 25181.71, '1996-02-29');
insert into VENTA values (142, '78232337Z', 324, 5, 48009.91, '1996-01-08');
insert into VENTA values (143, '84419352Q', 325, 4, 23928.33, '2018-04-06');
insert into VENTA values (144, '61526856S', 32, 6, 46919.41, '2020-01-05');
insert into VENTA values (145, '08069364Y', 281, 10, 34074.53, '2014-10-06');
insert into VENTA values (146, '08376283F', 340, 7, 15175.34, '2013-09-02');
insert into VENTA values (147, '50704151H', 82, 6, 39223.69, '2003-07-23');
insert into VENTA values (148, '33695008J', 344, 12, 16332.20, '1996-11-19');
insert into VENTA values (149, '57507909X', 209, 1, 18881.59, '2012-11-06');
insert into VENTA values (150, '04111559L', 78, 1, 18214.86, '2001-05-30');
insert into VENTA values (151, '32861979S', 202, 11, 29772.91, '2021-06-10');
insert into VENTA values (152, '63235237D', 115, 5, 32141.67, '1999-11-02');
insert into VENTA values (153, '29170658M', 341, 10, 49482.61, '2009-02-16');
insert into VENTA values (154, '45647330P', 93, 13, 19353.76, '2018-10-15');
insert into VENTA values (155, '27920325E', 141, 13, 17595.18, '2014-05-30');
insert into VENTA values (156, '70470400L', 116, 1, 41222.35, '2000-05-05');
insert into VENTA values (157, '92742080J', 318, 13, 42443.80, '2006-09-05');
insert into VENTA values (158, '70161500A', 34, 11, 39349.53, '2002-02-26');
insert into VENTA values (159, '49077273M', 155, 1, 44801.79, '2021-08-27');
insert into VENTA values (160, '76152000P', 208, 5, 40564.61, '2013-11-29');
insert into VENTA values (161, '88610004X', 4, 3, 39652.19, '2008-05-12');
insert into VENTA values (162, '28029719L', 118, 14, 47426.10, '2010-02-20');
insert into VENTA values (163, '52805605X', 143, 15, 35084.34, '2009-05-14');
insert into VENTA values (164, '95363967L', 7, 8, 25414.04, '2002-07-17');
insert into VENTA values (165, '57554505V', 6, 12, 42411.45, '1995-09-21');
insert into VENTA values (166, '19614250M', 64, 7, 42958.92, '2020-05-11');
insert into VENTA values (167, '33394228Z', 232, 11, 22705.23, '2000-05-13');
insert into VENTA values (168, '55812380F', 112, 14, 36483.42, '2002-10-17');
insert into VENTA values (169, '71663979E', 5, 6, 28707.26, '2000-01-01');
insert into VENTA values (170, '44498660J', 61, 14, 41414.18, '2016-09-17');
insert into VENTA values (171, '47872495W', 79, 10, 45031.20, '2021-12-11');
insert into VENTA values (172, '76995254T', 212, 8, 21354.66, '2009-09-22');
insert into VENTA values (173, '84331783G', 322, 14, 18507.67, '2003-06-25');
insert into VENTA values (174, '24994626X', 237, 8, 47334.84, '1997-01-07');
insert into VENTA values (175, '42277266A', 190, 6, 43207.96, '2022-02-27');
insert into VENTA values (176, '27548637W', 120, 8, 28792.57, '2019-06-04');
insert into VENTA values (177, '21388791L', 287, 1, 16012.96, '2001-06-02');
insert into VENTA values (178, '83025064K', 326, 11, 37903.75, '2012-03-04');
insert into VENTA values (179, '89222306S', 218, 3, 30273.92, '2013-04-01');
insert into VENTA values (180, '24940159T', 99, 2, 32735.16, '1997-06-28');
insert into VENTA values (181, '51319401H', 20, 1, 37351.49, '2017-10-11');
insert into VENTA values (182, '02399536R', 237, 15, 47824.74, '2007-10-15');
insert into VENTA values (183, '39965845L', 79, 13, 33257.95, '2014-10-20');
insert into VENTA values (184, '38728711A', 26, 1, 28928.81, '2009-03-19');
insert into VENTA values (185, '67532511D', 331, 14, 26943.71, '2012-04-07');
insert into VENTA values (186, '00061245W', 82, 8, 33613.08, '2009-02-28');
insert into VENTA values (187, '04464563L', 298, 11, 47176.20, '2013-06-13');
insert into VENTA values (188, '01231073Y', 46, 14, 26899.71, '2011-02-18');
insert into VENTA values (189, '40198634S', 128, 9, 42883.20, '2000-02-07');
insert into VENTA values (190, '79362107K', 100, 10, 45630.39, '2014-11-19');
insert into VENTA values (191, '13268433K', 93, 8, 37329.54, '2008-01-14');
insert into VENTA values (192, '06019479M', 13, 6, 34272.67, '2006-09-27');
insert into VENTA values (193, '32976150R', 82, 6, 32151.19, '2017-10-10');
insert into VENTA values (194, '51872880Q', 105, 3, 40805.87, '2021-07-20');
insert into VENTA values (195, '56939288F', 95, 13, 31241.93, '2004-09-21');
insert into VENTA values (196, '25969785C', 353, 2, 35252.40, '2021-04-19');
insert into VENTA values (197, '68289133T', 87, 8, 22148.23, '2002-10-06');
insert into VENTA values (198, '03965273E', 95, 8, 28337.59, '2004-03-04');
insert into VENTA values (199, '34527160X', 153, 8, 36230.47, '1996-01-31');
insert into VENTA values (200, '89650006J', 51, 10, 46978.57, '2011-08-25');
insert into VENTA values (201, '32545528Z', 97, 12, 33006.98, '2013-10-27');
insert into VENTA values (202, '24064355H', 25, 8, 27096.71, '2014-01-10');
insert into VENTA values (203, '90122761Y', 24, 15, 46837.95, '2020-06-04');
insert into VENTA values (204, '34994587V', 175, 10, 35200.04, '2011-06-05');
insert into VENTA values (205, '19394460K', 187, 2, 32498.23, '2003-10-22');
insert into VENTA values (206, '95475910P', 94, 1, 49151.41, '2004-07-24');
insert into VENTA values (207, '31768107B', 21, 2, 48794.04, '2005-07-10');
insert into VENTA values (208, '88575307H', 96, 11, 24323.02, '2008-09-02');
insert into VENTA values (209, '23616720Y', 298, 12, 36535.08, '2009-05-23');
insert into VENTA values (210, '30440318C', 128, 13, 45740.38, '1996-05-08');
insert into VENTA values (211, '21663848L', 261, 2, 30743.17, '1999-03-22');
insert into VENTA values (212, '01233327Y', 309, 8, 47664.83, '2022-08-27');
insert into VENTA values (213, '61304924M', 238, 11, 49343.32, '2020-10-24');
insert into VENTA values (214, '75251548L', 292, 10, 39855.81, '1996-10-03');
insert into VENTA values (215, '32864307Y', 341, 11, 22633.05, '2009-08-26');
insert into VENTA values (216, '67582795K', 201, 3, 30401.22, '2002-03-31');
insert into VENTA values (217, '17122322V', 126, 8, 43417.65, '2006-06-09');
insert into VENTA values (218, '03443319P', 169, 7, 47706.42, '2010-07-02');
insert into VENTA values (219, '64541938F', 8, 7, 29526.40, '2013-06-01');
insert into VENTA values (220, '71022660T', 235, 12, 33555.26, '2004-11-05');
insert into VENTA values (221, '12039452L', 327, 14, 47891.73, '1999-09-29');
insert into VENTA values (222, '38296021K', 178, 14, 46143.36, '2011-11-26');
insert into VENTA values (223, '69466066T', 274, 7, 41395.42, '2010-04-30');
insert into VENTA values (224, '44493628N', 94, 5, 31924.00, '1996-08-09');
insert into VENTA values (225, '55675406W', 81, 10, 22863.60, '2019-12-04');
insert into VENTA values (226, '04021661W', 152, 2, 37783.75, '2014-07-31');
insert into VENTA values (227, '41785826B', 321, 12, 15940.26, '2020-03-12');
insert into VENTA values (228, '59105941P', 314, 13, 39898.69, '2009-07-24');
insert into VENTA values (229, '64573885F', 294, 11, 31636.04, '2010-06-21');
insert into VENTA values (230, '00807971E', 46, 12, 36847.74, '1997-04-30');
insert into VENTA values (231, '08887032S', 338, 12, 21036.82, '2021-04-04');
insert into VENTA values (232, '77190523S', 351, 6, 43313.59, '2005-02-07');
insert into VENTA values (233, '33034805X', 145, 5, 21066.36, '2021-04-02');
insert into VENTA values (234, '01437899J', 124, 2, 31053.31, '2010-05-26');
insert into VENTA values (235, '01680745X', 11, 3, 22101.67, '2003-11-19');
insert into VENTA values (236, '68657615S', 214, 11, 15981.64, '1997-06-17');
insert into VENTA values (237, '60916337K', 25, 14, 39722.92, '2001-09-02');
insert into VENTA values (238, '71119317F', 352, 8, 35516.01, '1996-07-18');
insert into VENTA values (239, '53899302Y', 32, 15, 29969.53, '2004-03-24');
insert into VENTA values (240, '54275721Z', 218, 15, 43532.28, '1997-03-20');
insert into VENTA values (241, '13528199N', 280, 2, 21349.32, '2018-10-09');
insert into VENTA values (242, '34529078G', 348, 5, 47388.07, '2016-11-03');
insert into VENTA values (243, '92357505S', 80, 3, 25143.35, '2008-09-18');
insert into VENTA values (244, '11194697Z', 85, 11, 22420.75, '1995-01-23');
insert into VENTA values (245, '30740441Y', 170, 15, 18307.92, '2017-07-09');
insert into VENTA values (246, '90689599B', 31, 6, 39092.74, '2013-02-01');
insert into VENTA values (247, '48795089Q', 74, 2, 15964.56, '2000-08-12');
insert into VENTA values (248, '82333742Y', 335, 11, 23343.18, '2003-07-11');
insert into VENTA values (249, '26286220D', 69, 6, 47812.64, '2007-09-03');
insert into VENTA values (250, '52721484L', 3, 8, 40096.43, '2002-11-16');
insert into VENTA values (251, '42868235H', 295, 12, 24708.74, '2021-08-24');
insert into VENTA values (252, '54450623K', 141, 9, 17357.94, '2012-12-30');
insert into VENTA values (253, '95587901S', 349, 14, 38721.97, '2013-10-03');
insert into VENTA values (254, '07099519T', 49, 5, 28850.71, '2013-10-20');
insert into VENTA values (255, '91483123C', 249, 11, 45338.51, '2015-11-26');
insert into VENTA values (256, '45516270G', 137, 10, 16441.62, '2001-09-21');
insert into VENTA values (257, '00060811Z', 323, 2, 42360.13, '2013-05-12');
insert into VENTA values (258, '56016179B', 244, 6, 23563.30, '2002-09-18');
insert into VENTA values (259, '41532343B', 270, 12, 30157.97, '2003-05-18');
insert into VENTA values (260, '70571052Q', 293, 11, 33170.85, '2013-12-01');
insert into VENTA values (261, '07530490Q', 201, 12, 24534.07, '2019-09-03');
insert into VENTA values (262, '41767834V', 179, 14, 41653.94, '2001-01-30');
insert into VENTA values (263, '34850869E', 205, 1, 49787.71, '2005-05-29');
insert into VENTA values (264, '93014759Z', 93, 7, 37966.62, '2016-09-21');
insert into VENTA values (265, '31513326Q', 322, 6, 40664.98, '2013-02-20');
insert into VENTA values (266, '93890920Y', 129, 3, 37377.59, '1998-12-28');
insert into VENTA values (267, '36342541M', 341, 7, 31170.29, '2017-09-12');
insert into VENTA values (268, '04864938B', 121, 4, 31503.78, '2011-03-25');
insert into VENTA values (269, '92884026Y', 110, 10, 48366.32, '2011-10-03');
insert into VENTA values (270, '11847191G', 38, 2, 48109.06, '2022-12-20');
insert into VENTA values (271, '03548917T', 352, 5, 37974.22, '2011-04-13');
insert into VENTA values (272, '91865472Z', 37, 3, 19738.11, '2013-02-03');
insert into VENTA values (273, '18846306Q', 237, 2, 16066.36, '2004-06-19');
insert into VENTA values (274, '58043042P', 17, 1, 43771.32, '2002-08-20');
insert into VENTA values (275, '94590005Y', 70, 4, 24270.95, '2007-05-30');
insert into VENTA values (276, '11898860T', 288, 1, 31191.04, '2004-01-30');
insert into VENTA values (277, '75928000K', 276, 4, 48273.19, '1998-07-10');
insert into VENTA values (278, '33150156D', 69, 15, 32805.86, '2002-01-19');
insert into VENTA values (279, '55750797S', 111, 11, 39085.95, '2016-10-30');
insert into VENTA values (280, '56011353F', 286, 15, 28407.82, '2001-04-17');
insert into VENTA values (281, '74792217P', 336, 1, 18805.01, '2007-02-03');
insert into VENTA values (282, '99450018W', 255, 1, 38531.71, '2002-06-05');
insert into VENTA values (283, '03521048B', 199, 4, 33215.98, '1995-01-26');
insert into VENTA values (284, '26905720Y', 251, 13, 31393.23, '2007-10-20');
insert into VENTA values (285, '72575279Y', 246, 1, 15858.31, '1996-05-21');
insert into VENTA values (286, '13820222F', 266, 14, 40589.72, '2004-07-01');
insert into VENTA values (287, '98730792D', 116, 2, 36478.32, '2005-08-08');
insert into VENTA values (288, '53609958T', 267, 4, 38862.70, '2002-02-11');
insert into VENTA values (289, '65268903K', 51, 12, 17254.64, '2005-06-25');
insert into VENTA values (290, '13760307F', 309, 7, 23695.13, '2022-03-16');
insert into VENTA values (291, '48277529A', 193, 5, 25412.62, '2017-06-02');
insert into VENTA values (292, '19922980P', 330, 5, 25284.53, '2019-06-29');
insert into VENTA values (293, '38620979A', 209, 1, 22645.18, '2022-04-06');
insert into VENTA values (294, '98686564E', 277, 5, 24798.10, '2015-10-06');
insert into VENTA values (295, '48534346Z', 241, 1, 41631.35, '2002-12-29');
insert into VENTA values (296, '19985231C', 124, 9, 48238.62, '2018-02-26');
insert into VENTA values (297, '12540940G', 336, 5, 47859.88, '2000-10-23');
insert into VENTA values (298, '13355429W', 233, 13, 30039.51, '2022-01-16');
insert into VENTA values (299, '80186114V', 223, 10, 42647.14, '2017-06-27');
insert into VENTA values (300, '70360600P', 91, 1, 16807.59, '1998-08-30');
insert into VENTA values (301, '39287173Z', 84, 2, 29321.09, '2015-12-02');
insert into VENTA values (302, '00228278D', 230, 9, 22953.93, '2021-06-14');
insert into VENTA values (303, '01619388E', 116, 9, 21692.89, '2015-03-29');
insert into VENTA values (304, '74458917F', 101, 15, 32218.71, '2017-02-28');
insert into VENTA values (305, '56683923K', 147, 5, 47078.42, '2001-08-01');
insert into VENTA values (306, '58400506L', 265, 6, 19317.17, '2010-06-25');
insert into VENTA values (307, '83321602J', 327, 12, 29968.14, '2021-01-24');
insert into VENTA values (308, '78804805X', 142, 14, 47006.62, '2001-10-09');
insert into VENTA values (309, '47496699X', 200, 13, 38206.53, '2019-06-24');
insert into VENTA values (310, '87671444Y', 189, 15, 35770.84, '2022-11-29');
insert into VENTA values (311, '33282633A', 54, 14, 28778.56, '2001-12-20');
insert into VENTA values (312, '99427256E', 177, 10, 25154.63, '2012-02-04');
insert into VENTA values (313, '45771289B', 226, 5, 47267.16, '2008-04-18');
insert into VENTA values (314, '15699277G', 343, 2, 40364.79, '2005-04-04');
insert into VENTA values (315, '60542793J', 169, 1, 20831.67, '2018-01-24');
insert into VENTA values (316, '69721035J', 50, 13, 41386.21, '2002-01-14');
insert into VENTA values (317, '96100774P', 287, 2, 33039.02, '2000-05-03');
insert into VENTA values (318, '87326188V', 229, 5, 16400.51, '2011-01-22');
insert into VENTA values (319, '97168964N', 178, 6, 36113.36, '2018-12-20');
insert into VENTA values (320, '85468326E', 249, 4, 23070.13, '1999-07-25');
insert into VENTA values (321, '13674917Q', 27, 7, 34990.96, '2018-10-12');
insert into VENTA values (322, '03715526Q', 36, 3, 17844.65, '2003-09-21');
insert into VENTA values (323, '15748852S', 114, 8, 42129.17, '2003-12-30');
insert into VENTA values (324, '24667178A', 123, 1, 17887.96, '1997-08-29');
insert into VENTA values (325, '08321599R', 83, 11, 33148.65, '2003-03-06');
insert into VENTA values (326, '43618373A', 246, 9, 21535.03, '1997-04-20');
insert into VENTA values (327, '82497637V', 313, 13, 24895.58, '2014-07-02');
insert into VENTA values (328, '24913840L', 94, 7, 30442.67, '2000-02-15');
insert into VENTA values (329, '59459329F', 104, 1, 17702.37, '1999-11-08');
insert into VENTA values (330, '10047652L', 6, 11, 21902.65, '2015-01-06');
insert into VENTA values (331, '44965536H', 333, 2, 42620.41, '2000-02-14');
insert into VENTA values (332, '76796393Q', 46, 9, 45405.94, '2010-01-30');
insert into VENTA values (333, '99820305G', 247, 2, 31398.86, '2013-04-19');
insert into VENTA values (334, '24461175J', 352, 11, 29412.23, '2001-04-27');
insert into VENTA values (335, '46305737Y', 148, 12, 21942.33, '2017-07-03');
insert into VENTA values (336, '73515021G', 249, 7, 30403.68, '2022-07-03');
insert into VENTA values (337, '08396485N', 347, 1, 47593.05, '2010-01-05');
insert into VENTA values (338, '07800429C', 215, 7, 36222.26, '2004-11-04');
insert into VENTA values (339, '67374473Y', 23, 6, 38290.80, '2001-11-17');
insert into VENTA values (340, '08231031Y', 229, 4, 42505.54, '2012-04-20');
insert into VENTA values (341, '54655473Y', 89, 10, 37146.46, '2004-07-22');
insert into VENTA values (342, '96318690D', 214, 1, 36182.48, '2009-08-01');
insert into VENTA values (343, '20336572V', 111, 5, 18677.21, '2006-05-30');
insert into VENTA values (344, '22032120G', 240, 1, 26517.12, '2004-03-14');
insert into VENTA values (345, '64192787T', 240, 12, 32412.04, '1995-01-13');
insert into VENTA values (346, '00476063K', 153, 6, 49475.60, '1996-06-01');
insert into VENTA values (347, '79314655G', 205, 11, 42537.22, '2006-08-21');
insert into VENTA values (348, '21861573E', 299, 1, 42709.67, '1996-10-09');
insert into VENTA values (349, '70763020B', 261, 14, 37232.78, '1997-07-10');
insert into VENTA values (350, '25071570G', 20, 9, 24583.45, '2020-07-24');
insert into VENTA values (351, '38750340K', 120, 13, 46359.02, '2009-12-19');
insert into VENTA values (352, '85320487K', 208, 5, 49266.18, '2019-06-23');
insert into VENTA values (353, '15964524T', 93, 2, 24858.18, '1997-03-01');
insert into VENTA values (354, '92556227V', 125, 9, 33807.25, '2012-10-21');
insert into VENTA values (355, '10295889J', 145, 2, 39610.18, '2011-12-18');
insert into VENTA values (356, '18437688Q', 332, 4, 31850.33, '2015-02-12');
insert into VENTA values (357, '75385874S', 220, 4, 29734.15, '2008-02-03');
insert into VENTA values (358, '73070269F', 168, 13, 43136.61, '2014-07-26');
insert into VENTA values (359, '52858022X', 315, 15, 32813.15, '2004-02-28');
insert into VENTA values (360, '58582423X', 125, 14, 46919.80, '2014-10-26');
insert into VENTA values (361, '05950331B', 283, 2, 37409.49, '2000-07-31');
insert into VENTA values (362, '77207789K', 148, 8, 15944.27, '1997-01-31');
insert into VENTA values (363, '72393230T', 228, 3, 43824.79, '2009-03-18');
insert into VENTA values (364, '07595055V', 77, 1, 47999.11, '2005-09-24');
insert into VENTA values (365, '42461754F', 72, 13, 31433.52, '2019-03-20');
insert into VENTA values (366, '45377822V', 3, 5, 39656.53, '2016-09-06');
insert into VENTA values (367, '35802774J', 180, 9, 16780.83, '2011-06-06');
insert into VENTA values (368, '98252937W', 142, 3, 43274.55, '2006-08-04');
insert into VENTA values (369, '22295371Z', 93, 15, 33494.86, '2002-05-20');
insert into VENTA values (370, '12513994S', 196, 8, 17628.94, '2008-01-09');
insert into VENTA values (371, '88985052H', 153, 1, 31804.05, '2012-12-29');
insert into VENTA values (372, '26854656T', 189, 11, 44905.70, '2012-08-26');
insert into VENTA values (373, '64222023X', 231, 3, 15245.44, '2017-03-07');
insert into VENTA values (374, '55963250V', 168, 6, 38217.80, '2015-04-25');
insert into VENTA values (375, '90478392D', 324, 2, 19426.34, '1999-08-17');
insert into VENTA values (376, '70760457Q', 276, 4, 38592.83, '2000-12-27');
insert into VENTA values (377, '39560973H', 137, 11, 24009.48, '1999-06-27');
insert into VENTA values (378, '35398904V', 14, 10, 41534.39, '2011-01-08');
insert into VENTA values (379, '16685219H', 338, 15, 41464.79, '2001-09-07');
insert into VENTA values (380, '67741435V', 306, 13, 38894.72, '2011-12-26');
insert into VENTA values (381, '06751195F', 187, 11, 47296.22, '2004-12-03');
insert into VENTA values (382, '50893189J', 46, 1, 34621.16, '2012-04-08');
insert into VENTA values (383, '15407568G', 344, 6, 40153.15, '2019-09-22');
insert into VENTA values (384, '14739623E', 247, 2, 29739.09, '2003-02-26');
insert into VENTA values (385, '22199897Y', 133, 10, 34198.88, '1995-04-22');
insert into VENTA values (386, '89192506B', 344, 4, 39516.29, '2016-11-09');
insert into VENTA values (387, '66064295R', 200, 5, 28841.79, '2002-07-04');
insert into VENTA values (388, '12102390X', 218, 14, 33061.60, '2014-02-28');
insert into VENTA values (389, '63286067D', 287, 12, 18436.21, '1995-07-24');
insert into VENTA values (390, '87849151H', 277, 2, 41651.52, '2018-12-08');
insert into VENTA values (391, '89588372Q', 40, 15, 17816.21, '1998-03-17');
insert into VENTA values (392, '34888053X', 183, 2, 26699.00, '2014-01-25');
insert into VENTA values (393, '21756224V', 210, 2, 40891.11, '2000-05-20');
insert into VENTA values (394, '69752620Q', 29, 12, 22631.06, '2002-04-06');
insert into VENTA values (395, '75897120V', 258, 4, 26268.75, '1999-06-07');
insert into VENTA values (396, '73207033M', 244, 3, 31545.06, '2001-02-24');
insert into VENTA values (397, '04886303Z', 183, 12, 27848.08, '2003-10-26');
insert into VENTA values (398, '19035671X', 63, 12, 18133.13, '2009-09-22');
insert into VENTA values (399, '88603884V', 226, 13, 41103.75, '1999-06-24');
insert into VENTA values (400, '22406596W', 143, 14, 36125.25, '2021-10-16');
insert into VENTA values (400, '63286067D', 117, 13, 30671.38, '2008-01-31');
insert into VENTA values (401, '85468326E', 79, 7, 16752.39, '2002-08-06');
insert into VENTA values (402, '55963250V', 14, 1, 43264.89, '1995-10-29');
insert into VENTA values (403, '87849151H', 83, 8, 45242.35, '1998-05-26');
insert into VENTA values (404, '44498660J', 167, 9, 38316.65, '1995-10-08');
insert into VENTA values (405, '31421026N', 333, 12, 25931.74, '2005-01-25');
insert into VENTA values (406, '95587901S', 38, 9, 45714.67, '2007-01-29');
insert into VENTA values (407, '33150156D', 304, 5, 27537.92, '2007-04-23');
insert into VENTA values (408, '18846306Q', 141, 3, 46262.63, '1999-01-04');
insert into VENTA values (409, '73070269F', 153, 10, 44561.48, '2016-05-10');
insert into VENTA values (410, '07530490Q', 331, 9, 24025.47, '2017-02-15');
insert into VENTA values (411, '00060811Z', 242, 7, 48653.03, '2000-05-11');
insert into VENTA values (412, '36978227A', 175, 9, 45017.23, '1998-01-31');
insert into VENTA values (413, '90626172J', 62, 8, 21076.46, '2008-09-30');
insert into VENTA values (414, '01233327Y', 302, 10, 45829.10, '2020-12-06');
insert into VENTA values (415, '92556227V', 39, 9, 49909.93, '2008-07-15');
insert into VENTA values (416, '55434691Z', 279, 13, 43593.97, '2005-10-26');
insert into VENTA values (417, '50496625L', 153, 2, 41365.26, '2012-01-03');
insert into VENTA values (418, '96318690D', 279, 14, 15150.04, '1996-03-14');
insert into VENTA values (419, '49077273M', 336, 9, 29810.62, '2013-08-06');
insert into VENTA values (420, '77190523S', 117, 7, 42235.38, '2004-03-10');
insert into VENTA values (421, '01680745X', 96, 14, 21853.52, '2017-10-10');
insert into VENTA values (422, '15699277G', 86, 15, 40402.64, '2005-07-24');
insert into VENTA values (423, '77190523S', 208, 12, 49008.12, '2012-01-03');
insert into VENTA values (424, '08321599R', 85, 12, 18480.90, '2009-12-15');
insert into VENTA values (425, '82333742Y', 131, 14, 47208.18, '2004-03-04');
insert into VENTA values (426, '33394228Z', 96, 6, 21113.66, '2020-10-28');
insert into VENTA values (427, '48534346Z', 254, 6, 41036.20, '2013-11-28');
insert into VENTA values (428, '67532511D', 14, 1, 29226.53, '2022-11-07');
insert into VENTA values (429, '91033277N', 9, 6, 21508.21, '2015-03-31');
insert into VENTA values (430, '33695008J', 157, 11, 38651.57, '2002-09-30');
insert into VENTA values (431, '69752620Q', 238, 11, 31599.13, '2022-10-27');
insert into VENTA values (432, '82333742Y', 36, 5, 33766.35, '2009-02-19');
insert into VENTA values (433, '75385874S', 301, 3, 36784.01, '2011-11-06');
insert into VENTA values (434, '41532343B', 340, 5, 23828.82, '2016-12-30');
insert into VENTA values (435, '28532349Y', 1, 5, 44921.39, '1997-08-06');
insert into VENTA values (436, '78579827F', 330, 2, 18032.40, '2000-02-11');
insert into VENTA values (437, '87801879A', 261, 2, 49810.11, '1996-05-29');
insert into VENTA values (438, '65268903K', 290, 5, 41251.97, '2007-02-21');
insert into VENTA values (439, '26854656T', 157, 8, 49461.71, '1997-05-30');
insert into VENTA values (440, '67741435V', 186, 5, 24450.40, '2008-03-14');
insert into VENTA values (441, '51905606M', 313, 10, 26232.92, '2001-09-16');
insert into VENTA values (442, '06019479M', 112, 12, 43363.66, '2010-09-10');
insert into VENTA values (443, '36978227A', 54, 15, 17426.74, '1996-03-07');
insert into VENTA values (444, '42277266A', 131, 15, 39918.87, '2004-03-21');
insert into VENTA values (445, '78338660S', 268, 4, 15093.32, '2001-02-10');
insert into VENTA values (446, '16824625L', 113, 15, 37489.02, '2001-10-20');
insert into VENTA values (447, '32976150R', 261, 13, 22196.43, '2002-12-29');
insert into VENTA values (448, '63235237D', 267, 10, 35290.68, '2015-01-22');
insert into VENTA values (449, '99857605A', 2, 14, 48125.52, '2006-03-02');
insert into VENTA values (450, '95587901S', 305, 13, 31029.21, '2019-07-14');
insert into VENTA values (451, '67077814S', 217, 14, 34454.33, '2015-12-27');
insert into VENTA values (452, '46033321T', 345, 14, 46495.05, '2014-07-24');
insert into VENTA values (453, '21861573E', 315, 7, 39021.12, '2002-12-30');
insert into VENTA values (454, '66064295R', 241, 2, 32455.02, '2008-06-05');
insert into VENTA values (455, '26854656T', 50, 8, 41012.41, '2004-08-02');
insert into VENTA values (456, '90689599B', 212, 8, 18979.16, '2012-03-23');
insert into VENTA values (457, '46305737Y', 59, 13, 40146.28, '2021-03-24');
insert into VENTA values (458, '45771289B', 30, 12, 47817.78, '1995-06-21');
insert into VENTA values (459, '59105941P', 261, 3, 17100.66, '2022-11-26');
insert into VENTA values (460, '67532511D', 158, 1, 42676.67, '2006-08-12');
insert into VENTA values (461, '94274128D', 65, 10, 38929.77, '1995-10-14');
insert into VENTA values (462, '01619388E', 152, 14, 27922.52, '2013-01-25');
insert into VENTA values (463, '44746217S', 23, 6, 27910.36, '2007-11-29');
insert into VENTA values (464, '30440318C', 323, 3, 20190.29, '2002-02-26');
insert into VENTA values (465, '05950331B', 300, 7, 38664.82, '2003-03-09');
insert into VENTA values (466, '74458917F', 67, 10, 22988.70, '1996-08-10');
insert into VENTA values (467, '22406596W', 252, 11, 26758.52, '1996-10-03');
insert into VENTA values (468, '96170030R', 307, 2, 18802.45, '2005-01-15');
insert into VENTA values (469, '51905606M', 267, 6, 40470.21, '2005-01-10');
insert into VENTA values (470, '70360600P', 154, 1, 46272.90, '2020-03-19');
insert into VENTA values (471, '78579827F', 291, 6, 33120.86, '2007-01-19');
insert into VENTA values (472, '31531143G', 331, 12, 24396.46, '2018-08-26');
insert into VENTA values (473, '58400506L', 53, 8, 21059.61, '1996-02-15');
insert into VENTA values (474, '45771289B', 12, 7, 35589.15, '1997-11-21');
insert into VENTA values (475, '12513994S', 17, 2, 49211.01, '2019-06-19');
insert into VENTA values (476, '16006616W', 343, 4, 35680.00, '2012-09-12');
insert into VENTA values (477, '89588372Q', 77, 8, 37879.17, '2006-01-20');
insert into VENTA values (478, '03521048B', 284, 15, 35681.33, '2000-02-02');
insert into VENTA values (479, '52173775A', 111, 11, 35031.73, '2018-10-28');
insert into VENTA values (480, '62677348C', 305, 3, 39634.82, '1998-08-15');
insert into VENTA values (481, '15407568G', 15, 1, 37958.22, '1997-12-10');
insert into VENTA values (482, '36342541M', 322, 14, 16668.15, '2004-08-04');
insert into VENTA values (483, '57507909X', 325, 7, 46859.67, '1999-01-16');
insert into VENTA values (484, '25740348N', 296, 11, 27270.06, '2012-02-15');
insert into VENTA values (485, '28353921E', 95, 11, 46300.15, '2017-01-18');
insert into VENTA values (486, '22199897Y', 25, 2, 21054.82, '2007-01-28');
insert into VENTA values (487, '71119317F', 186, 2, 37463.50, '2017-06-12');
insert into VENTA values (488, '62677348C', 197, 4, 38076.65, '2011-06-07');
insert into VENTA values (489, '57507909X', 175, 1, 44939.51, '2000-08-26');
insert into VENTA values (490, '69752620Q', 90, 13, 44337.86, '2011-05-17');
insert into VENTA values (491, '51905606M', 76, 5, 17972.84, '2007-08-29');
insert into VENTA values (492, '51319401H', 146, 2, 44325.09, '2000-01-02');
insert into VENTA values (493, '87326188V', 248, 7, 25099.61, '2015-12-08');
insert into VENTA values (494, '71119798D', 279, 5, 33345.22, '1997-12-03');
insert into VENTA values (495, '57507909X', 353, 12, 45203.74, '1997-10-03');
insert into VENTA values (496, '73515021G', 122, 2, 46826.58, '2006-01-01');
insert into VENTA values (497, '52862574V', 345, 8, 18098.46, '2020-02-11');
insert into VENTA values (498, '25071570G', 327, 3, 43510.00, '2014-08-01');
insert into VENTA values (499, '89588372Q', 188, 13, 38711.36, '2014-04-25');
insert into VENTA values (500, '10295889J', 106, 11, 34133.23, '2006-07-22');
insert into VENTA values (501, '78338660S', 152, 3, 22734.62, '2004-04-07');
insert into VENTA values (502, '96318690D', 127, 8, 19450.29, '1998-09-18');
insert into VENTA values (503, '75385874S', 80, 15, 42080.96, '2010-03-09');
insert into VENTA values (504, '80186114V', 12, 3, 46324.46, '2002-08-02');
insert into VENTA values (505, '05950331B', 247, 13, 21048.68, '2005-03-02');
insert into VENTA values (506, '07530490Q', 239, 13, 29817.31, '2009-04-13');
insert into VENTA values (507, '34888053X', 70, 1, 26991.54, '2016-08-29');
insert into VENTA values (508, '97361294T', 226, 3, 40762.53, '2020-04-29');
insert into VENTA values (509, '67741435V', 303, 2, 42923.59, '2017-10-17');
insert into VENTA values (510, '06132342N', 191, 3, 44669.72, '2007-02-23');
insert into VENTA values (511, '85468326E', 272, 3, 39759.92, '2014-03-15');
insert into VENTA values (512, '27794230V', 6, 10, 31643.79, '2006-06-13');
insert into VENTA values (513, '22199897Y', 255, 5, 29615.55, '2015-10-23');
insert into VENTA values (514, '34527160X', 321, 12, 35925.13, '1995-05-21');
insert into VENTA values (515, '92899012M', 281, 1, 28163.36, '2022-09-20');
insert into VENTA values (516, '67582795K', 106, 2, 30307.47, '2001-02-07');
insert into VENTA values (517, '11847191G', 59, 8, 43894.92, '2001-08-16');
insert into VENTA values (518, '15268804B', 334, 4, 20447.36, '2010-09-10');
insert into VENTA values (519, '12540940G', 54, 11, 45786.17, '2013-11-25');
insert into VENTA values (520, '49404338S', 6, 4, 27336.12, '2021-12-10');
insert into VENTA values (521, '61526856S', 274, 14, 29763.36, '2019-08-05');
insert into VENTA values (522, '03965273E', 179, 4, 24372.40, '2009-01-26');
insert into VENTA values (523, '99427256E', 16, 14, 17796.95, '2002-05-18');
insert into VENTA values (524, '08887032S', 127, 1, 19493.75, '2014-06-04');
insert into VENTA values (525, '70470400L', 285, 4, 27751.75, '2015-02-13');
insert into VENTA values (526, '11194697Z', 17, 3, 37827.40, '2012-11-10');
insert into VENTA values (527, '29646663J', 215, 12, 49905.30, '2016-01-09');
insert into VENTA values (528, '78232337Z', 281, 12, 15206.69, '2019-07-19');
insert into VENTA values (529, '33519286G', 195, 3, 49527.34, '2003-10-24');
insert into VENTA values (530, '26286220D', 67, 10, 40577.84, '2018-08-29');
insert into VENTA values (531, '03443319P', 338, 6, 44469.90, '2009-10-30');
insert into VENTA values (532, '29170658M', 71, 13, 21351.64, '1997-01-07');
insert into VENTA values (533, '64198533N', 167, 1, 36404.37, '1996-05-18');
insert into VENTA values (534, '92884026Y', 327, 8, 24397.34, '2005-11-04');
insert into VENTA values (535, '68289133T', 333, 4, 19511.89, '2003-12-12');
insert into VENTA values (536, '71022660T', 35, 15, 20832.67, '1996-07-31');
insert into VENTA values (537, '70763020B', 18, 2, 24435.57, '2005-07-05');
insert into VENTA values (538, '08231031Y', 71, 2, 43195.73, '2020-04-18');
insert into VENTA values (539, '41532343B', 329, 8, 17322.92, '2002-11-06');
insert into VENTA values (540, '95363967L', 226, 12, 23564.86, '2006-10-04');
insert into VENTA values (541, '58600423M', 194, 9, 36157.25, '2012-09-24');
insert into VENTA values (542, '27794230V', 18, 10, 43073.08, '1999-10-07');
insert into VENTA values (543, '50704151H', 246, 3, 39642.25, '2014-06-17');
insert into VENTA values (544, '41649958T', 118, 1, 22143.56, '2014-04-04');
insert into VENTA values (545, '72393230T', 278, 10, 23944.55, '2015-12-23');
insert into VENTA values (546, '71663979E', 40, 13, 44721.21, '2016-03-28');
insert into VENTA values (547, '24064355H', 56, 13, 43546.38, '2021-11-18');
insert into VENTA values (548, '03548917T', 97, 6, 39930.12, '2000-07-06');
insert into VENTA values (549, '84331783G', 234, 6, 18067.36, '2018-12-01');
insert into VENTA values (550, '00060811Z', 218, 11, 39188.66, '2012-06-22');
insert into VENTA values (551, '89222306S', 17, 2, 16091.14, '2011-07-26');
insert into VENTA values (552, '71022660T', 351, 11, 41775.67, '2006-11-26');
insert into VENTA values (553, '88603884V', 70, 9, 35320.03, '1998-02-24');
insert into VENTA values (554, '03472015E', 37, 6, 35101.90, '2013-01-02');
insert into VENTA values (555, '57855695A', 29, 2, 32278.03, '2015-02-09');
insert into VENTA values (556, '75897120V', 17, 11, 29506.00, '2001-11-29');
insert into VENTA values (557, '60916337K', 1, 10, 35904.37, '2009-03-07');
insert into VENTA values (558, '01619388E', 156, 5, 49055.65, '2012-05-29');
insert into VENTA values (559, '00807971E', 53, 2, 47524.02, '2003-08-12');
insert into VENTA values (560, '76152000P', 177, 4, 48179.11, '2006-07-14');
insert into VENTA values (561, '04340032B', 76, 9, 30977.40, '2006-04-12');
insert into VENTA values (562, '85468326E', 256, 4, 35789.34, '2005-06-23');
insert into VENTA values (563, '50305255A', 92, 12, 45160.81, '2020-12-26');
insert into VENTA values (564, '16824625L', 187, 13, 15547.48, '2004-02-03');
insert into VENTA values (565, '72575279Y', 102, 13, 30096.00, '2017-10-21');
insert into VENTA values (566, '11847191G', 168, 13, 23052.16, '2006-06-20');
insert into VENTA values (567, '00060811Z', 164, 8, 35967.38, '2022-11-13');
insert into VENTA values (568, '95475910P', 153, 15, 21488.31, '2010-01-22');
insert into VENTA values (569, '60916337K', 250, 7, 25548.09, '2012-03-27');
insert into VENTA values (570, '56437687M', 162, 1, 34671.07, '2003-05-03');
insert into VENTA values (571, '98730792D', 10, 13, 44968.10, '2009-08-17');
insert into VENTA values (572, '19035671X', 39, 13, 36024.38, '2009-11-28');
insert into VENTA values (573, '50305255A', 306, 7, 21904.77, '2019-06-26');
insert into VENTA values (574, '58828659V', 84, 6, 39214.75, '2022-10-06');
insert into VENTA values (575, '49524087E', 130, 8, 29864.66, '2015-06-12');
insert into VENTA values (576, '93935504J', 315, 13, 47021.16, '2012-07-16');
insert into VENTA values (577, '85690436D', 54, 8, 37080.65, '2003-03-18');
insert into VENTA values (578, '00807971E', 237, 10, 28566.84, '2007-02-03');
insert into VENTA values (579, '10295889J', 324, 13, 37033.55, '2012-12-28');
insert into VENTA values (580, '86654067D', 58, 9, 38312.30, '2009-08-01');
insert into VENTA values (581, '03443319P', 122, 2, 26306.93, '2016-08-07');
insert into VENTA values (582, '64192787T', 55, 5, 43404.08, '2008-05-16');
insert into VENTA values (583, '17570776V', 291, 4, 29128.88, '2021-11-20');
insert into VENTA values (584, '31531143G', 279, 2, 17808.41, '2008-11-23');
insert into VENTA values (585, '45516270G', 2, 6, 15452.60, '2018-06-14');
insert into VENTA values (586, '03548917T', 192, 5, 42410.92, '1999-04-08');
insert into VENTA values (587, '84419352Q', 265, 10, 22643.12, '2005-06-06');
insert into VENTA values (588, '81124707E', 81, 5, 34784.59, '2015-09-20');
insert into VENTA values (589, '92899012M', 1, 9, 38198.55, '2012-03-21');
insert into VENTA values (590, '08887032S', 78, 2, 33486.35, '2007-03-20');
insert into VENTA values (591, '49524087E', 351, 10, 30851.90, '2006-05-28');
insert into VENTA values (592, '75251548L', 342, 15, 31946.67, '2000-05-24');
insert into VENTA values (593, '90626172J', 242, 7, 35459.45, '1999-09-03');
insert into VENTA values (594, '96100774P', 171, 2, 25183.24, '1999-06-29');
insert into VENTA values (595, '43044409B', 333, 15, 19714.49, '1996-10-03');
insert into VENTA values (596, '65163255A', 232, 2, 17571.86, '2017-05-17');
insert into VENTA values (597, '16006616W', 332, 2, 16524.19, '2003-10-04');
insert into VENTA values (598, '78232337Z', 259, 5, 35201.50, '2020-06-24');
insert into VENTA values (599, '84419352Q', 322, 4, 28264.79, '1996-06-12');
insert into VENTA values (600, '71119798D', 149, 6, 26354.64, '2001-12-31');
