/************ CARGA DE LA TABLA MECANICO (CODIGO, NOMBRE, CIUDAD) ************/

insert into MECANICO values (1, 'Mecánica Hábil Técnico', 'Cuenca');
insert into MECANICO values (2, 'Diagnóstico Hábil Total', 'Burgos');
insert into MECANICO values (3, 'Servicio Rápido Automotriz', 'Zamora');
insert into MECANICO values (4, 'Técnica Experto de Coches', 'Almería');
insert into MECANICO values (5, 'Electromecánica Eficiente Express', 'Girona');
insert into MECANICO values (6, 'Mantenimiento Fiable de Coches', 'Teruel');
insert into MECANICO values (7, 'Técnica Preciso del Motor', 'Castellón de la Plana');
insert into MECANICO values (8, 'Mecánica Innovador Mecánico', 'Cáceres');
insert into MECANICO values (9, 'Electromecánica Innovador Automotriz', 'Huelva');
insert into MECANICO values (10, 'Neumáticos Eficiente Mantenimiento', 'Lugo');


/************ CARGA DE LA TABLA MARCA (CODIGO, NOMBRE, SEDE) ************/
insert into MARCA values(1, 'Toyota', 'Japón');
insert into MARCA values(2, 'Ford', 'Estados Unidos');
insert into MARCA values(3, 'BMW', 'Alemania');
insert into MARCA values(4, 'Audi', 'Alemania');
insert into MARCA values(5, 'Mercedes-Benz', 'Alemania');
insert into MARCA values(6, 'Volkswagen', 'Alemania');
insert into MARCA values(7, 'Nissan', 'Japón');
insert into MARCA values(8, 'Chevrolet', 'Estados Unidos');
insert into MARCA values(9, 'Honda', 'Japón');
insert into MARCA values(10, 'Hyundai', 'Corea del Sur');
insert into MARCA values(11, 'Kia', 'Corea del Sur');
insert into MARCA values(12, 'Mazda', 'Japón');
insert into MARCA values(13, 'Volvo', 'Suecia');
insert into MARCA values(14, 'Peugeot', 'Francia');
insert into MARCA values(15, 'Fiat', 'Italia');
insert into MARCA values(16, 'Seat', 'España');
insert into MARCA values(17, 'Tesla', 'Estados Unidos');
insert into MARCA values(18, 'Renault ', 'Francia');


/************ CARGA DE LA TABLA PROPULSION (ID, NOMBRE) ************/
insert into PROPULSION values(1, 'Gasolina');
insert into PROPULSION values(2, 'Diésel');
insert into PROPULSION values(3, 'Híbrido eléctrico');
insert into PROPULSION values(4, 'Híbrido enchufable');
insert into PROPULSION values(5, 'Eléctrico');
insert into PROPULSION values(6, 'Hidrógeno');
insert into PROPULSION values(7, 'Híbrido');
insert into PROPULSION values(8, 'GNC');


/************ CARGA DE LA TABLA COCHE (CODIGO, COD_MARCA, MODELO, COD_PROP) ************/
insert into COCHE values (1, 1, 'Corolla', 1);
insert into COCHE values (2, 1, 'Corolla', 3);
insert into COCHE values (3, 1, 'Yaris', 1);
insert into COCHE values (4, 1, 'Yaris', 3);
insert into COCHE values (5, 1, 'RAV4', 1);
insert into COCHE values (6, 1, 'RAV4', 3);
insert into COCHE values (7, 1, 'C-HR', 1);
insert into COCHE values (8, 1, 'C-HR', 3);
insert into COCHE values (9, 1, 'Camry', 1);
insert into COCHE values (10, 1, 'Camry', 3);
insert into COCHE values (11, 1, 'Prius', 3);
insert into COCHE values (12, 1, 'Mirai', 6);
insert into COCHE values (13, 1, 'GR Supra', 1);
insert into COCHE values (14, 1, 'GT86', 1);
insert into COCHE values (15, 1, 'Land Cruiser', 1);
insert into COCHE values (16, 1, 'Land Cruiser', 2);
insert into COCHE values (17, 2, 'Fiesta', 1);
insert into COCHE values (18, 2, 'Fiesta', 2);
insert into COCHE values (19, 2, 'Focus', 1);
insert into COCHE values (20, 2, 'Focus', 2);
insert into COCHE values (21, 2, 'Focus', 3);
insert into COCHE values (22, 2, 'Mondeo', 1);
insert into COCHE values (23, 2, 'Mondeo', 2);
insert into COCHE values (24, 2, 'Mondeo', 3);
insert into COCHE values (25, 2, 'Kuga', 1);
insert into COCHE values (26, 2, 'Kuga', 2);
insert into COCHE values (27, 2, 'Kuga', 4);
insert into COCHE values (28, 2, 'EcoSport', 1);
insert into COCHE values (29, 2, 'EcoSport', 2);
insert into COCHE values (30, 2, 'Puma', 1);
insert into COCHE values (31, 2, 'Puma', 2);
insert into COCHE values (32, 2, 'Puma', 3);
insert into COCHE values (33, 2, 'Mustang', 1);
insert into COCHE values (34, 2, 'Edge', 2);
insert into COCHE values (35, 2, 'Ranger', 2);
insert into COCHE values (36, 2, 'Transit', 2);
insert into COCHE values (37, 3, 'Serie 1', 1);
insert into COCHE values (38, 3, 'Serie 1', 2);
insert into COCHE values (39, 3, 'Serie 1', 4);
insert into COCHE values (40, 3, 'Serie 2', 1);
insert into COCHE values (41, 3, 'Serie 2', 2);
insert into COCHE values (42, 3, 'Serie 2', 4);
insert into COCHE values (43, 3, 'Serie 3', 1);
insert into COCHE values (44, 3, 'Serie 3', 2);
insert into COCHE values (45, 3, 'Serie 3', 4);
insert into COCHE values (46, 3, 'Serie 4', 1);
insert into COCHE values (47, 3, 'Serie 4', 2);
insert into COCHE values (48, 3, 'Serie 4', 4);
insert into COCHE values (49, 3, 'Serie 5', 1);
insert into COCHE values (50, 3, 'Serie 5', 2);
insert into COCHE values (51, 3, 'Serie 5', 4);
insert into COCHE values (52, 3, 'Serie 6', 1);
insert into COCHE values (53, 3, 'Serie 6', 2);
insert into COCHE values (54, 3, 'Serie 6', 4);
insert into COCHE values (55, 3, 'Serie 7', 1);
insert into COCHE values (56, 3, 'Serie 7', 2);
insert into COCHE values (57, 3, 'Serie 7', 4);
insert into COCHE values (58, 3, 'X1', 1);
insert into COCHE values (59, 3, 'X1', 2);
insert into COCHE values (60, 3, 'X1', 4);
insert into COCHE values (61, 3, 'X2', 1);
insert into COCHE values (62, 3, 'X2', 2);
insert into COCHE values (63, 3, 'X2', 4);
insert into COCHE values (64, 3, 'X3', 1);
insert into COCHE values (65, 3, 'X3', 2);
insert into COCHE values (66, 3, 'X3', 4);
insert into COCHE values (67, 3, 'X4', 1);
insert into COCHE values (68, 3, 'X4', 2);
insert into COCHE values (69, 3, 'X4', 4);
insert into COCHE values (70, 3, 'X5', 1);
insert into COCHE values (71, 3, 'X5', 2);
insert into COCHE values (72, 3, 'X5', 4);
insert into COCHE values (73, 3, 'X6', 1);
insert into COCHE values (74, 3, 'X6', 2);
insert into COCHE values (75, 3, 'X6', 4);
insert into COCHE values (76, 3, 'X7', 1);
insert into COCHE values (77, 3, 'X7', 2);
insert into COCHE values (78, 3, 'X7', 4);
insert into COCHE values (79, 3, 'i3', 5);
insert into COCHE values (80, 3, 'i3', 4);
insert into COCHE values (81, 3, 'i8', 4);
insert into COCHE values (82, 4, 'A1', 1);
insert into COCHE values (83, 4, 'A2', 1);
insert into COCHE values (84, 4, 'A3', 1);
insert into COCHE values (85, 4, 'A4', 2);
insert into COCHE values (86, 4, 'A5', 1);
insert into COCHE values (87, 4, 'A6', 2);
insert into COCHE values (88, 4, 'A7', 1);
insert into COCHE values (89, 4, 'A8', 7);
insert into COCHE values (90, 4, 'Q2', 1);
insert into COCHE values (91, 4, 'Q3', 2);
insert into COCHE values (92, 4, 'Q4', 5);
insert into COCHE values (93, 4, 'Q5', 7);
insert into COCHE values (94, 4, 'Q7', 2);
insert into COCHE values (95, 4, 'Q8', 1);
insert into COCHE values (96, 4, 'TT', 1);
insert into COCHE values (97, 5, 'Clase A', 1);
insert into COCHE values (98, 5, 'Clase B', 2);
insert into COCHE values (99, 5, 'Clase C', 7);
insert into COCHE values (100, 5, 'Clase E', 5);
insert into COCHE values (101, 5, 'Clase G', 1);
insert into COCHE values (102, 5, 'Clase S', 7);
insert into COCHE values (103, 5, 'GLA', 1);
insert into COCHE values (104, 5, 'GLB', 2);
insert into COCHE values (105, 5, 'GLC', 7);
insert into COCHE values (106, 5, 'GLE', 5);
insert into COCHE values (107, 5, 'GLS', 1);
insert into COCHE values (108, 5, 'AMG GT', 1);
insert into COCHE values (109, 5, 'EQC', 5);
insert into COCHE values (110, 6, 'Golf', 1);
insert into COCHE values (111, 6, 'Golf', 2);
insert into COCHE values (112, 6, 'Golf', 7);
insert into COCHE values (113, 6, 'Golf', 5);
insert into COCHE values (114, 6, 'Polo', 1);
insert into COCHE values (115, 6, 'Polo', 2);
insert into COCHE values (116, 6, 'Polo', 7);
insert into COCHE values (117, 6, 'Passat', 1);
insert into COCHE values (118, 6, 'Passat', 2);
insert into COCHE values (119, 6, 'Passat', 7);
insert into COCHE values (120, 6, 'Tiguan', 1);
insert into COCHE values (121, 6, 'Tiguan', 2);
insert into COCHE values (122, 6, 'Tiguan', 7);
insert into COCHE values (123, 6, 'Touareg', 1);
insert into COCHE values (124, 6, 'Touareg', 2);
insert into COCHE values (125, 6, 'Touareg', 7);
insert into COCHE values (126, 6, 'Arteon', 1);
insert into COCHE values (127, 6, 'Arteon', 2);
insert into COCHE values (128, 6, 'Arteon', 7);
insert into COCHE values (129, 6, 'Up', 1);
insert into COCHE values (130, 6, 'Up', 5);
insert into COCHE values (131, 6, 'ID.3', 5);
insert into COCHE values (132, 6, 'ID.4', 5);
insert into COCHE values (133, 6, 'Caddy', 1);
insert into COCHE values (134, 6, 'Caddy', 2);
insert into COCHE values (135, 6, 'Caddy', 7);
insert into COCHE values (136, 7, 'Micra', 1);
insert into COCHE values (137, 7, 'Micra', 5);
insert into COCHE values (138, 7, 'Qashqai', 1);
insert into COCHE values (139, 7, 'Qashqai', 2);
insert into COCHE values (140, 7, 'Qashqai', 7);
insert into COCHE values (141, 7, 'Qashqai', 5);
insert into COCHE values (142, 7, 'Juke', 1);
insert into COCHE values (143, 7, 'Juke', 2);
insert into COCHE values (144, 7, 'Juke', 7);
insert into COCHE values (145, 7, 'Leaf', 5);
insert into COCHE values (146, 7, 'GT-R', 1);
insert into COCHE values (147, 8, 'Bel Air', 1);
insert into COCHE values (148, 8, 'Camaro', 1);
insert into COCHE values (149, 8, 'Chevelle', 1);
insert into COCHE values (150, 8, 'Corvette', 1);
insert into COCHE values (151, 8, 'Impala', 1);
insert into COCHE values (152, 8, 'Nova', 1);
insert into COCHE values (153, 9, 'Accord', 1);
insert into COCHE values (154, 9, 'Accord', 2);
insert into COCHE values (155, 9, 'Civic', 1);
insert into COCHE values (156, 9, 'Civic', 2);
insert into COCHE values (157, 9, 'Civic', 5);
insert into COCHE values (158, 9, 'CR-V', 1);
insert into COCHE values (159, 9, 'CR-V', 7);
insert into COCHE values (160, 9, 'HR-V', 1);
insert into COCHE values (161, 9, 'HR-V', 7);
insert into COCHE values (162, 9, 'Jazz', 1);
insert into COCHE values (163, 9, 'Jazz', 7);
insert into COCHE values (164, 9, 'NSX', 7);
insert into COCHE values (165, 10, 'Accent', 1);
insert into COCHE values (166, 10, 'Elantra', 1);
insert into COCHE values (167, 10, 'Elantra', 7);
insert into COCHE values (168, 10, 'i10', 1);
insert into COCHE values (169, 10, 'i20', 1);
insert into COCHE values (170, 10, 'i20', 2);
insert into COCHE values (171, 10, 'i30', 1);
insert into COCHE values (172, 10, 'i30', 2);
insert into COCHE values (173, 10, 'i30', 7);
insert into COCHE values (174, 10, 'Kona', 1);
insert into COCHE values (175, 10, 'Kona', 7);
insert into COCHE values (176, 10, 'Kona', 5);
insert into COCHE values (177, 10, 'Santa Fe', 1);
insert into COCHE values (178, 10, 'Santa Fe', 2);
insert into COCHE values (179, 10, 'Santa Fe', 7);
insert into COCHE values (180, 10, 'Tucson', 1);
insert into COCHE values (181, 10, 'Tucson', 2);
insert into COCHE values (182, 10, 'Tucson', 7);
insert into COCHE values (183, 11, 'Picanto', 1);
insert into COCHE values (184, 11, 'Picanto', 2);
insert into COCHE values (185, 11, 'Rio', 1);
insert into COCHE values (186, 11, 'Rio', 2);
insert into COCHE values (187, 11, 'Stonic', 1);
insert into COCHE values (188, 11, 'Stonic', 2);
insert into COCHE values (189, 11, 'Niro', 7);
insert into COCHE values (190, 11, 'Niro', 5);
insert into COCHE values (191, 11, 'Ceed', 1);
insert into COCHE values (192, 11, 'Ceed', 2);
insert into COCHE values (193, 11, 'Sportage', 1);
insert into COCHE values (194, 11, 'Sportage', 2);
insert into COCHE values (195, 11, 'Sorento', 1);
insert into COCHE values (196, 11, 'Sorento', 2);
insert into COCHE values (197, 11, 'Telluride', 1);
insert into COCHE values (198, 12, '2', 1);
insert into COCHE values (199, 12, '2', 2);
insert into COCHE values (200, 12, '2', 7);
insert into COCHE values (201, 12, '3', 1);
insert into COCHE values (202, 12, '3', 2);
insert into COCHE values (203, 12, '3', 7);
insert into COCHE values (204, 12, 'CX-30', 1);
insert into COCHE values (205, 12, 'CX-30', 2);
insert into COCHE values (206, 12, 'CX-30', 7);
insert into COCHE values (207, 12, 'CX-5', 1);
insert into COCHE values (208, 12, 'CX-5', 2);
insert into COCHE values (209, 12, 'CX-5', 7);
insert into COCHE values (210, 13, 'XC90', 1);
insert into COCHE values (211, 13, 'XC90', 2);
insert into COCHE values (212, 13, 'XC90', 4);
insert into COCHE values (213, 13, 'XC90', 5);
insert into COCHE values (214, 13, 'XC60', 1);
insert into COCHE values (215, 13, 'XC60', 2);
insert into COCHE values (216, 13, 'XC60', 4);
insert into COCHE values (217, 13, 'XC60', 5);
insert into COCHE values (218, 13, 'XC40', 1);
insert into COCHE values (219, 13, 'XC40', 2);
insert into COCHE values (220, 13, 'XC40', 4);
insert into COCHE values (221, 13, 'XC40', 5);
insert into COCHE values (222, 13, 'S90', 1);
insert into COCHE values (223, 13, 'S90', 2);
insert into COCHE values (224, 13, 'S90', 4);
insert into COCHE values (225, 13, 'S60', 1);
insert into COCHE values (226, 13, 'S60', 2);
insert into COCHE values (227, 13, 'S60', 4);
insert into COCHE values (228, 13, 'V90', 1);
insert into COCHE values (229, 13, 'V90', 2);
insert into COCHE values (230, 13, 'V90', 4);
insert into COCHE values (231, 13, 'V60', 1);
insert into COCHE values (232, 13, 'V60', 2);
insert into COCHE values (233, 13, 'V60', 4);
insert into COCHE values (234, 14, '108', 1);
insert into COCHE values (235, 14, '208', 1);
insert into COCHE values (236, 14, '208', 2);
insert into COCHE values (237, 14, '208', 5);
insert into COCHE values (238, 14, '2008', 1);
insert into COCHE values (239, 14, '2008', 2);
insert into COCHE values (240, 14, '2008', 5);
insert into COCHE values (241, 14, '308', 1);
insert into COCHE values (242, 14, '308', 2);
insert into COCHE values (243, 14, '3008', 1);
insert into COCHE values (244, 14, '3008', 2);
insert into COCHE values (245, 14, '3008', 5);
insert into COCHE values (246, 14, '508', 1);
insert into COCHE values (247, 14, '508', 2);
insert into COCHE values (248, 14, '508', 5);
insert into COCHE values (249, 14, '5008', 1);
insert into COCHE values (250, 14, '5008', 2);
insert into COCHE values (251, 14, '5008', 5);
insert into COCHE values (252, 14, 'Rifter', 1);
insert into COCHE values (253, 14, 'Rifter', 2);
insert into COCHE values (254, 14, 'Traveller', 1);
insert into COCHE values (255, 14, 'Traveller', 2);
insert into COCHE values (256, 14, 'Partner', 1);
insert into COCHE values (257, 14, 'Partner', 2);
insert into COCHE values (258, 14, 'Expert', 1);
insert into COCHE values (259, 14, 'Expert', 2);
insert into COCHE values (260, 14, 'Boxer', 1);
insert into COCHE values (261, 14, 'Boxer', 2);
insert into COCHE values (262, 15, '500', 1);
insert into COCHE values (263, 15, '500', 5);
insert into COCHE values (264, 15, '500L', 1);
insert into COCHE values (265, 15, '500X', 1);
insert into COCHE values (266, 15, 'Panda', 1);
insert into COCHE values (267, 15, 'Panda', 8);
insert into COCHE values (268, 15, 'Tipo', 1);
insert into COCHE values (269, 15, 'Tipo', 2);
insert into COCHE values (270, 15, 'Tipo', 8);
insert into COCHE values (271, 15, 'Doblo', 1);
insert into COCHE values (272, 15, 'Doblo', 2);
insert into COCHE values (273, 15, 'Doblo', 8);
insert into COCHE values (274, 15, 'Qubo', 1);
insert into COCHE values (275, 15, 'Qubo', 2);
insert into COCHE values (276, 15, 'Tipo Cross', 1);
insert into COCHE values (277, 15, 'Tipo Cross', 2);
insert into COCHE values (278, 15, '500e', 5);
insert into COCHE values (279, 15, '500C', 1);
insert into COCHE values (280, 15, 'Talento', 2);
insert into COCHE values (281, 15, 'Ducato', 2);
insert into COCHE values (282, 15, 'Punto', 1);
insert into COCHE values (283, 15, 'Punto', 2);
insert into COCHE values (284, 15, 'Freemont', 1);
insert into COCHE values (285, 15, 'Freemont', 2);
insert into COCHE values (286, 15, '500L Living', 1);
insert into COCHE values (287, 15, '500L Living', 2);
insert into COCHE values (288, 15, '124 Spider', 1);
insert into COCHE values (289, 15, 'Fullback', 2);
insert into COCHE values (290, 15, 'Tipo Station Wagon', 1);
insert into COCHE values (291, 15, 'Tipo Station Wagon', 2);
insert into COCHE values (292, 15, 'Tipo Sedan', 1);
insert into COCHE values (293, 15, 'Tipo Sedan', 2);
insert into COCHE values (294, 15, 'Tipo Sedan', 8);
insert into COCHE values (295, 15, '500L Cross', 1);
insert into COCHE values (296, 15, '500L Cross', 2);
insert into COCHE values (297, 15, '500L Trekking', 1);
insert into COCHE values (298, 15, '500L Trekking', 2);
insert into COCHE values (299, 15, '500L Urban', 1);
insert into COCHE values (300, 15, '500L Urban', 2);
insert into COCHE values (301, 15, '500S', 1);
insert into COCHE values (302, 15, '500C Cabrio', 1);
insert into COCHE values (303, 15, '500L MPV', 1);
insert into COCHE values (304, 15, '500L MPV', 2);
insert into COCHE values (305, 15, '500 Spiaggina 58', 1);
insert into COCHE values (306, 16, 'Arona', 1);
insert into COCHE values (307, 16, 'Arona', 2);
insert into COCHE values (308, 16, 'Arona', 5);
insert into COCHE values (309, 16, 'Arona', 4);
insert into COCHE values (310, 16, 'Ateca', 1);
insert into COCHE values (311, 16, 'Ateca', 2);
insert into COCHE values (312, 16, 'Ateca', 4);
insert into COCHE values (313, 16, 'Ibiza', 1);
insert into COCHE values (314, 16, 'Ibiza', 2);
insert into COCHE values (315, 16, 'Leon', 1);
insert into COCHE values (316, 16, 'Leon', 2);
insert into COCHE values (317, 16, 'Leon', 5);
insert into COCHE values (318, 16, 'Leon', 4);
insert into COCHE values (319, 16, 'Tarraco', 1);
insert into COCHE values (320, 16, 'Tarraco', 2);
insert into COCHE values (321, 16, 'Tarraco', 4);
insert into COCHE values (322, 17, 'Model S', 5);
insert into COCHE values (323, 17, 'Model 3', 5);
insert into COCHE values (324, 17, 'Model X', 5);
insert into COCHE values (325, 17, 'Model Y', 5);
insert into COCHE values (326, 18, 'Clio', 1);
insert into COCHE values (327, 18, 'Clio', 2);
insert into COCHE values (328, 18, 'Clio', 7);
insert into COCHE values (329, 18, 'Mégane', 1);
insert into COCHE values (330, 18, 'Mégane', 2);
insert into COCHE values (331, 18, 'Mégane', 7);
insert into COCHE values (332, 18, 'Captur', 1);
insert into COCHE values (333, 18, 'Captur', 2);
insert into COCHE values (334, 18, 'Captur', 7);
insert into COCHE values (335, 18, 'Zoe', 5);
insert into COCHE values (336, 18, 'Kadjar', 1);
insert into COCHE values (337, 18, 'Kadjar', 2);
insert into COCHE values (338, 18, 'Kadjar', 7);
insert into COCHE values (339, 18, 'Talisman', 1);
insert into COCHE values (340, 18, 'Talisman', 2);
insert into COCHE values (341, 18, 'Talisman', 7);
insert into COCHE values (342, 18, 'Scénic', 1);
insert into COCHE values (343, 18, 'Scénic', 2);
insert into COCHE values (344, 18, 'Scénic', 7);
insert into COCHE values (345, 18, 'Twingo', 1);
insert into COCHE values (346, 18, 'Twingo', 5);
insert into COCHE values (347, 18, 'Koleos', 1);
insert into COCHE values (348, 18, 'Koleos', 2);
insert into COCHE values (349, 18, 'Koleos', 7);
insert into COCHE values (350, 18, 'Clio', 1);
insert into COCHE values (351, 18, 'Laguna', 1);
insert into COCHE values (352, 18, 'Laguna', 2);
insert into COCHE values (353, 18, 'Laguna', 7);


/************ CARGA DE LA TABLA REPARA (ID, COD_MECANICO, COD_COCHE, FECHA, PRECIO) ************/
insert into REPARA values (1, 8, 303, '2022-03-10', 2566.04);
insert into REPARA values (2, 7, 128, '2022-11-28', 3944.27);
insert into REPARA values (3, 2, 28, '2020-02-20', 4422.03);
insert into REPARA values (4, 3, 148, '2022-12-14', 650.37);
insert into REPARA values (5, 6, 262, '2018-06-21', 216.62);
insert into REPARA values (6, 3, 93, '2020-04-16', 1543.17);
insert into REPARA values (7, 1, 291, '2019-12-02', 1432.03);
insert into REPARA values (8, 7, 272, '2018-03-02', 1365.86);
insert into REPARA values (9, 2, 164, '2021-10-26', 1801.06);
insert into REPARA values (10, 5, 222, '2015-05-31', 2836.78);
insert into REPARA values (11, 1, 39, '2021-07-29', 4171.23);
insert into REPARA values (12, 8, 157, '2022-06-19', 2540.68);
insert into REPARA values (13, 1, 65, '2018-12-27', 4638.60);
insert into REPARA values (14, 8, 190, '2018-02-21', 4968.05);
insert into REPARA values (15, 9, 188, '2019-09-03', 3152.92);
insert into REPARA values (16, 9, 138, '2021-02-27', 3018.49);
insert into REPARA values (17, 5, 172, '2018-05-02', 4953.29);
insert into REPARA values (18, 10, 337, '2015-11-12', 2150.51);
insert into REPARA values (19, 5, 26, '2015-12-11', 3973.36);
insert into REPARA values (20, 7, 228, '2017-05-10', 2185.44);
insert into REPARA values (21, 5, 221, '2015-09-28', 1029.79);
insert into REPARA values (22, 4, 171, '2016-02-14', 2229.53);
insert into REPARA values (23, 6, 100, '2019-04-19', 497.86);
insert into REPARA values (24, 10, 351, '2015-08-19', 1505.74);
insert into REPARA values (25, 8, 240, '2021-04-29', 700.10);
insert into REPARA values (26, 1, 32, '2019-07-04', 643.95);
insert into REPARA values (27, 10, 201, '2020-09-11', 4722.02);
insert into REPARA values (28, 9, 136, '2018-08-16', 1676.96);
insert into REPARA values (29, 7, 154, '2019-03-19', 2518.40);
insert into REPARA values (30, 10, 140, '2018-06-02', 2646.36);
insert into REPARA values (31, 7, 82, '2021-05-27', 1167.02);
insert into REPARA values (32, 9, 224, '2020-05-09', 1974.95);
insert into REPARA values (33, 6, 234, '2021-02-08', 262.76);
insert into REPARA values (34, 10, 271, '2017-01-04', 3230.16);
insert into REPARA values (35, 7, 126, '2017-12-19', 3632.05);
insert into REPARA values (36, 3, 291, '2017-04-30', 1192.02);
insert into REPARA values (37, 3, 95, '2016-11-01', 430.98);
insert into REPARA values (38, 1, 235, '2018-08-01', 3670.19);
insert into REPARA values (39, 5, 58, '2016-11-03', 2994.48);
insert into REPARA values (40, 10, 75, '2018-09-04', 255.71);
insert into REPARA values (41, 8, 133, '2017-12-09', 562.56);
insert into REPARA values (42, 5, 205, '2015-01-15', 4405.94);
insert into REPARA values (43, 5, 95, '2021-08-14', 3092.18);
insert into REPARA values (44, 10, 262, '2015-05-03', 2305.94);
insert into REPARA values (45, 2, 113, '2015-01-21', 3642.09);
insert into REPARA values (46, 7, 23, '2020-04-26', 1282.53);
insert into REPARA values (47, 8, 127, '2021-07-04', 1172.21);
insert into REPARA values (48, 10, 207, '2017-07-24', 4786.43);
insert into REPARA values (49, 3, 281, '2023-02-18', 4321.51);
insert into REPARA values (50, 3, 126, '2022-03-31', 2488.93);
insert into REPARA values (51, 6, 41, '2015-11-01', 3324.60);
insert into REPARA values (52, 9, 234, '2017-05-23', 2564.61);
insert into REPARA values (53, 3, 314, '2015-09-17', 1758.43);
insert into REPARA values (54, 8, 177, '2018-09-30', 3695.01);
insert into REPARA values (55, 3, 295, '2016-09-28', 3322.48);
insert into REPARA values (56, 3, 320, '2019-11-24', 1921.93);
insert into REPARA values (57, 9, 240, '2022-03-19', 3819.86);
insert into REPARA values (58, 4, 249, '2020-04-21', 1789.90);
insert into REPARA values (59, 3, 156, '2015-05-23', 4185.91);
insert into REPARA values (60, 2, 303, '2016-09-09', 988.89);
insert into REPARA values (61, 7, 10, '2021-01-02', 3670.84);
insert into REPARA values (62, 5, 240, '2018-11-07', 4452.73);
insert into REPARA values (63, 8, 228, '2015-04-08', 1524.81);
insert into REPARA values (64, 9, 145, '2019-09-22', 3731.09);
insert into REPARA values (65, 3, 49, '2015-07-25', 228.37);
insert into REPARA values (66, 2, 65, '2017-09-20', 3415.52);
insert into REPARA values (67, 5, 14, '2015-09-12', 2475.10);
insert into REPARA values (68, 3, 351, '2021-09-02', 3868.44);
insert into REPARA values (69, 7, 170, '2015-02-26', 4256.77);
insert into REPARA values (70, 5, 277, '2015-12-24', 2347.70);
insert into REPARA values (71, 5, 173, '2017-07-31', 2998.66);
insert into REPARA values (72, 8, 285, '2018-02-20', 3797.94);
insert into REPARA values (73, 4, 156, '2021-01-13', 2223.00);
insert into REPARA values (74, 10, 269, '2017-01-27', 761.99);
insert into REPARA values (75, 10, 300, '2018-03-28', 2190.60);
insert into REPARA values (76, 2, 124, '2016-06-02', 949.07);
insert into REPARA values (77, 10, 273, '2015-03-12', 1709.62);
insert into REPARA values (78, 3, 9, '2017-04-13', 4908.25);
insert into REPARA values (79, 9, 97, '2018-08-26', 2211.93);
insert into REPARA values (80, 10, 47, '2017-03-18', 4981.55);
insert into REPARA values (81, 10, 343, '2016-01-24', 1708.65);
insert into REPARA values (82, 6, 59, '2018-08-14', 4396.86);
insert into REPARA values (83, 2, 278, '2020-01-23', 2571.90);
insert into REPARA values (84, 2, 223, '2017-09-10', 2370.56);
insert into REPARA values (85, 9, 22, '2017-05-22', 1023.10);
insert into REPARA values (86, 3, 43, '2018-12-11', 2118.23);
insert into REPARA values (87, 3, 82, '2019-06-26', 2813.11);
insert into REPARA values (88, 4, 266, '2020-08-17', 4655.40);
insert into REPARA values (89, 1, 305, '2017-06-16', 4240.46);
insert into REPARA values (90, 4, 325, '2019-10-10', 4728.33);
insert into REPARA values (91, 8, 330, '2022-04-30', 859.86);
insert into REPARA values (92, 4, 311, '2015-01-29', 4803.02);
insert into REPARA values (93, 6, 175, '2015-02-03', 1057.96);
insert into REPARA values (94, 3, 155, '2021-02-04', 3350.78);
insert into REPARA values (95, 3, 61, '2018-05-24', 3686.95);
insert into REPARA values (96, 2, 102, '2021-06-24', 3730.25);
insert into REPARA values (97, 4, 69, '2016-07-25', 1783.09);
insert into REPARA values (98, 3, 242, '2017-11-09', 3301.31);
insert into REPARA values (99, 2, 65, '2017-05-05', 3387.76);
insert into REPARA values (100, 8, 213, '2018-01-27', 1442.18);
insert into REPARA values (101, 9, 229, '2021-09-22', 964.96);
insert into REPARA values (102, 1, 196, '2022-05-14', 1620.26);
insert into REPARA values (103, 8, 65, '2015-05-13', 4210.41);
insert into REPARA values (104, 3, 334, '2020-11-11', 3253.75);
insert into REPARA values (105, 1, 53, '2018-07-07', 3416.16);
insert into REPARA values (106, 2, 350, '2022-07-17', 413.72);
insert into REPARA values (107, 8, 270, '2017-07-06', 3819.67);
insert into REPARA values (108, 5, 199, '2021-12-13', 4975.45);
insert into REPARA values (109, 8, 118, '2019-11-06', 362.62);
insert into REPARA values (110, 9, 107, '2019-03-09', 3070.41);
insert into REPARA values (111, 4, 135, '2017-03-18', 4436.60);
insert into REPARA values (112, 8, 311, '2021-11-10', 2933.98);
insert into REPARA values (113, 4, 71, '2017-02-28', 3312.71);
insert into REPARA values (114, 2, 330, '2023-02-03', 3118.37);
insert into REPARA values (115, 1, 159, '2021-11-17', 3223.19);
insert into REPARA values (116, 9, 95, '2021-11-26', 2019.86);
insert into REPARA values (117, 6, 10, '2021-02-27', 147.95);
insert into REPARA values (118, 5, 229, '2016-02-11', 1111.54);
insert into REPARA values (119, 2, 155, '2016-02-22', 1916.19);
insert into REPARA values (120, 8, 212, '2020-12-26', 688.83);
insert into REPARA values (121, 8, 220, '2022-11-07', 1803.72);
insert into REPARA values (122, 8, 26, '2018-05-15', 1053.22);
insert into REPARA values (123, 2, 334, '2022-05-09', 3433.35);
insert into REPARA values (124, 9, 200, '2020-03-17', 3446.43);
insert into REPARA values (125, 2, 35, '2021-07-04', 957.99);
insert into REPARA values (126, 7, 96, '2015-10-22', 1230.56);
insert into REPARA values (127, 3, 188, '2022-12-05', 1744.57);
insert into REPARA values (128, 8, 26, '2021-02-11', 2073.60);
insert into REPARA values (129, 8, 288, '2022-06-19', 4663.85);
insert into REPARA values (130, 6, 292, '2016-04-14', 4912.21);
insert into REPARA values (131, 6, 77, '2022-01-11', 4732.43);
insert into REPARA values (132, 2, 216, '2020-06-01', 4763.20);
insert into REPARA values (133, 3, 67, '2020-08-26', 3350.09);
insert into REPARA values (134, 8, 277, '2019-01-06', 4680.90);
insert into REPARA values (135, 6, 233, '2022-04-11', 1102.08);
insert into REPARA values (136, 7, 28, '2017-11-06', 2234.46);
insert into REPARA values (137, 2, 145, '2018-03-25', 1634.88);
insert into REPARA values (138, 5, 71, '2017-07-27', 3116.16);
insert into REPARA values (139, 8, 307, '2017-05-03', 3595.53);
insert into REPARA values (140, 9, 117, '2021-07-11', 565.76);
insert into REPARA values (141, 1, 184, '2018-04-03', 911.26);
insert into REPARA values (142, 1, 282, '2015-11-15', 313.33);
insert into REPARA values (143, 5, 192, '2015-06-27', 1654.25);
insert into REPARA values (144, 4, 135, '2018-08-16', 144.78);
insert into REPARA values (145, 7, 19, '2021-11-09', 3804.61);
insert into REPARA values (146, 6, 65, '2015-08-22', 4775.47);
insert into REPARA values (147, 9, 49, '2015-05-05', 1636.38);
insert into REPARA values (148, 4, 79, '2020-12-10', 3225.29);
insert into REPARA values (149, 4, 179, '2022-06-15', 3259.96);
insert into REPARA values (150, 9, 147, '2021-05-24', 3459.28);
insert into REPARA values (151, 6, 92, '2016-06-08', 3685.18);
insert into REPARA values (152, 8, 304, '2015-09-13', 3703.92);
insert into REPARA values (153, 7, 34, '2016-03-05', 576.24);
insert into REPARA values (154, 8, 91, '2020-11-21', 1255.41);
insert into REPARA values (155, 7, 77, '2018-10-25', 4060.07);
insert into REPARA values (156, 9, 318, '2019-09-12', 1700.91);
insert into REPARA values (157, 10, 272, '2019-10-08', 3555.19);
insert into REPARA values (158, 9, 129, '2018-05-12', 2721.95);
insert into REPARA values (159, 1, 269, '2019-11-21', 1997.39);
insert into REPARA values (160, 8, 72, '2019-08-27', 3789.71);
insert into REPARA values (161, 2, 167, '2018-10-05', 547.90);
insert into REPARA values (162, 4, 51, '2021-07-28', 1060.06);
insert into REPARA values (163, 8, 245, '2018-06-29', 1549.71);
insert into REPARA values (164, 9, 135, '2022-03-22', 2515.11);
insert into REPARA values (165, 4, 16, '2016-08-08', 987.84);
insert into REPARA values (166, 2, 339, '2016-03-28', 3704.10);
insert into REPARA values (167, 8, 31, '2015-02-09', 174.25);
insert into REPARA values (168, 6, 202, '2017-10-08', 4483.82);
insert into REPARA values (169, 3, 205, '2022-12-12', 3282.00);
insert into REPARA values (170, 8, 163, '2017-03-31', 2160.99);
insert into REPARA values (171, 10, 160, '2018-09-10', 2218.51);
insert into REPARA values (172, 9, 162, '2019-02-07', 1909.26);
insert into REPARA values (173, 10, 296, '2016-03-01', 4052.88);
insert into REPARA values (174, 10, 72, '2017-12-28', 2129.60);
insert into REPARA values (175, 7, 150, '2018-03-12', 1540.24);
insert into REPARA values (176, 6, 309, '2018-12-03', 390.61);
insert into REPARA values (177, 4, 173, '2016-10-12', 2703.67);
insert into REPARA values (178, 2, 42, '2017-08-08', 2336.27);
insert into REPARA values (179, 7, 51, '2021-11-07', 2422.52);
insert into REPARA values (180, 2, 162, '2018-07-03', 4685.95);
insert into REPARA values (181, 6, 176, '2015-12-06', 1577.28);
insert into REPARA values (182, 4, 311, '2020-09-30', 4793.08);
insert into REPARA values (183, 5, 102, '2018-06-26', 4082.12);
insert into REPARA values (184, 3, 344, '2019-12-30', 2661.82);
insert into REPARA values (185, 6, 309, '2015-11-26', 2933.85);
insert into REPARA values (186, 4, 103, '2018-03-07', 2856.18);
insert into REPARA values (187, 6, 213, '2022-08-10', 3049.23);
insert into REPARA values (188, 7, 351, '2021-05-21', 722.07);
insert into REPARA values (189, 10, 1, '2019-06-09', 4102.06);
insert into REPARA values (190, 8, 322, '2022-10-02', 2972.51);
insert into REPARA values (191, 6, 246, '2023-03-15', 3123.35);
insert into REPARA values (192, 2, 233, '2015-07-26', 1402.48);
insert into REPARA values (193, 2, 353, '2023-02-18', 2823.71);
insert into REPARA values (194, 4, 232, '2020-11-30', 1973.99);
insert into REPARA values (195, 4, 145, '2019-02-25', 1610.20);
insert into REPARA values (196, 8, 264, '2019-07-15', 4848.90);
insert into REPARA values (197, 4, 335, '2020-01-17', 104.29);
insert into REPARA values (198, 10, 189, '2016-02-12', 730.84);
insert into REPARA values (199, 10, 168, '2017-07-24', 4400.78);
insert into REPARA values (200, 3, 304, '2017-01-18', 4570.97);
insert into REPARA values (201, 10, 195, '2017-02-25', 1115.90);
insert into REPARA values (202, 8, 34, '2020-12-02', 1723.19);
insert into REPARA values (203, 2, 297, '2020-10-06', 2806.96);
insert into REPARA values (204, 7, 301, '2020-12-08', 1340.78);
insert into REPARA values (205, 7, 4, '2019-07-27', 190.83);
insert into REPARA values (206, 2, 148, '2017-04-16', 2212.15);
insert into REPARA values (207, 4, 218, '2018-11-24', 222.63);
insert into REPARA values (208, 5, 142, '2015-06-26', 4827.36);
insert into REPARA values (209, 5, 99, '2015-07-25', 3604.63);
insert into REPARA values (210, 1, 192, '2016-09-20', 771.11);
insert into REPARA values (211, 9, 236, '2020-01-13', 4013.14);
insert into REPARA values (212, 9, 343, '2018-11-13', 4798.36);
insert into REPARA values (213, 4, 219, '2016-01-09', 4288.81);
insert into REPARA values (214, 10, 40, '2020-10-02', 1756.58);
insert into REPARA values (215, 4, 316, '2017-08-06', 3291.27);
insert into REPARA values (216, 1, 304, '2022-10-17', 4835.16);
insert into REPARA values (217, 8, 7, '2020-07-16', 4666.32);
insert into REPARA values (218, 6, 309, '2016-02-26', 4778.73);
insert into REPARA values (219, 10, 338, '2015-01-16', 2150.57);
insert into REPARA values (220, 1, 63, '2017-10-06', 3144.50);
insert into REPARA values (221, 1, 316, '2017-06-05', 2380.82);
insert into REPARA values (222, 2, 131, '2016-11-28', 4497.78);
insert into REPARA values (223, 4, 215, '2018-02-06', 1753.24);
insert into REPARA values (224, 5, 68, '2020-07-26', 295.46);
insert into REPARA values (225, 10, 54, '2017-07-23', 4905.50);
insert into REPARA values (226, 10, 204, '2022-12-09', 1893.59);
insert into REPARA values (227, 5, 258, '2021-07-07', 3585.43);
insert into REPARA values (228, 8, 353, '2021-11-25', 2266.42);
insert into REPARA values (229, 8, 163, '2022-10-23', 2680.44);
insert into REPARA values (230, 7, 322, '2021-07-24', 4040.56);
insert into REPARA values (231, 9, 246, '2022-02-04', 3694.91);
insert into REPARA values (232, 1, 49, '2017-02-06', 1161.75);
insert into REPARA values (233, 3, 329, '2020-08-20', 4109.92);
insert into REPARA values (234, 2, 78, '2023-01-18', 2520.79);
insert into REPARA values (235, 9, 10, '2019-06-16', 4936.37);
insert into REPARA values (236, 9, 138, '2021-11-05', 4163.24);
insert into REPARA values (237, 5, 47, '2021-03-09', 2098.62);
insert into REPARA values (238, 2, 18, '2022-01-17', 4877.14);
insert into REPARA values (239, 5, 265, '2019-10-10', 3332.45);
insert into REPARA values (240, 3, 318, '2020-10-23', 3252.33);
insert into REPARA values (241, 4, 28, '2016-04-01', 2239.61);
insert into REPARA values (242, 8, 267, '2021-09-17', 4041.36);
insert into REPARA values (243, 10, 209, '2018-05-04', 1078.63);
insert into REPARA values (244, 5, 265, '2019-10-07', 2394.27);
insert into REPARA values (245, 7, 57, '2020-11-28', 4322.34);
insert into REPARA values (246, 8, 254, '2018-01-19', 283.61);
insert into REPARA values (247, 1, 222, '2019-06-27', 2282.18);
insert into REPARA values (248, 4, 111, '2021-05-05', 4037.36);
insert into REPARA values (249, 6, 1, '2020-01-09', 4175.41);
insert into REPARA values (250, 7, 225, '2020-05-12', 3105.70);
insert into REPARA values (251, 3, 245, '2019-08-15', 1657.29);
insert into REPARA values (252, 10, 235, '2022-11-07', 3613.32);
insert into REPARA values (253, 7, 305, '2015-02-01', 198.42);
insert into REPARA values (254, 2, 193, '2016-12-05', 1429.68);
insert into REPARA values (255, 8, 37, '2016-04-21', 1543.53);
insert into REPARA values (256, 1, 267, '2017-10-25', 192.88);
insert into REPARA values (257, 3, 5, '2016-01-09', 2794.50);
insert into REPARA values (258, 1, 211, '2019-04-10', 4574.27);
insert into REPARA values (259, 2, 167, '2019-08-18', 2573.70);
insert into REPARA values (260, 9, 210, '2019-08-13', 1807.98);
insert into REPARA values (261, 5, 152, '2019-06-22', 2988.37);
insert into REPARA values (262, 1, 163, '2015-05-02', 1600.70);
insert into REPARA values (263, 3, 96, '2015-11-18', 264.24);
insert into REPARA values (264, 4, 161, '2019-01-11', 1385.62);
insert into REPARA values (265, 10, 28, '2016-08-30', 1149.29);
insert into REPARA values (266, 7, 11, '2021-12-14', 1281.67);
insert into REPARA values (267, 4, 344, '2019-12-10', 1845.86);
insert into REPARA values (268, 3, 189, '2020-08-07', 738.71);
insert into REPARA values (269, 3, 201, '2017-03-31', 1272.77);
insert into REPARA values (270, 6, 183, '2017-06-11', 4092.02);
insert into REPARA values (271, 8, 9, '2022-11-20', 4578.34);
insert into REPARA values (272, 2, 49, '2016-01-06', 913.36);
insert into REPARA values (273, 5, 223, '2019-12-29', 328.18);
insert into REPARA values (274, 2, 231, '2016-01-09', 1030.56);
insert into REPARA values (275, 3, 38, '2016-08-12', 4026.88);
insert into REPARA values (276, 10, 189, '2016-08-01', 3259.00);
insert into REPARA values (277, 1, 290, '2021-12-03', 279.93);
insert into REPARA values (278, 1, 220, '2018-10-20', 4007.57);
insert into REPARA values (279, 10, 205, '2017-08-24', 4346.05);
insert into REPARA values (280, 6, 299, '2016-07-24', 4776.43);
insert into REPARA values (281, 5, 74, '2019-03-18', 4669.77);
insert into REPARA values (282, 4, 290, '2020-10-22', 467.33);
insert into REPARA values (283, 1, 231, '2022-05-01', 693.39);
insert into REPARA values (284, 1, 228, '2020-10-29', 4344.27);
insert into REPARA values (285, 10, 84, '2018-07-23', 3251.42);
insert into REPARA values (286, 5, 133, '2020-12-20', 4716.24);
insert into REPARA values (287, 7, 299, '2021-03-03', 3089.22);
insert into REPARA values (288, 1, 33, '2016-08-07', 3303.30);
insert into REPARA values (289, 3, 151, '2016-02-17', 2437.45);
insert into REPARA values (290, 5, 220, '2017-09-20', 2996.06);
insert into REPARA values (291, 8, 282, '2016-11-27', 3068.21);
insert into REPARA values (292, 4, 26, '2017-08-27', 4354.32);
insert into REPARA values (293, 2, 301, '2020-04-12', 3558.79);
insert into REPARA values (294, 5, 250, '2018-02-23', 1103.39);
insert into REPARA values (295, 3, 133, '2021-08-03', 3496.21);
insert into REPARA values (296, 9, 204, '2022-10-16', 1414.03);
insert into REPARA values (297, 7, 281, '2021-03-02', 1903.70);
insert into REPARA values (298, 4, 148, '2022-04-16', 3773.95);
insert into REPARA values (299, 5, 321, '2018-06-25', 3742.18);
insert into REPARA values (300, 7, 3, '2017-05-14', 4148.39);
insert into REPARA values (301, 10, 167, '2019-09-16', 3169.85);
insert into REPARA values (302, 4, 178, '2019-10-03', 362.06);
insert into REPARA values (303, 4, 186, '2023-02-14', 2425.48);
insert into REPARA values (304, 10, 346, '2020-11-27', 176.34);
insert into REPARA values (305, 8, 324, '2017-08-05', 3245.66);
insert into REPARA values (306, 6, 134, '2018-08-01', 4488.00);
insert into REPARA values (307, 10, 239, '2017-12-10', 387.70);
insert into REPARA values (308, 1, 274, '2019-09-27', 829.70);
insert into REPARA values (309, 8, 223, '2017-03-25', 4816.64);
insert into REPARA values (310, 4, 309, '2019-02-05', 879.46);
insert into REPARA values (311, 3, 52, '2020-12-20', 3842.13);
insert into REPARA values (312, 10, 90, '2021-11-17', 309.19);
insert into REPARA values (313, 9, 29, '2017-03-13', 4231.25);
insert into REPARA values (314, 7, 182, '2022-09-01', 2220.70);
insert into REPARA values (315, 2, 55, '2016-05-07', 1336.46);
insert into REPARA values (316, 3, 335, '2021-10-06', 1094.67);
insert into REPARA values (317, 6, 63, '2018-06-25', 3483.14);
insert into REPARA values (318, 7, 270, '2022-07-10', 670.37);
insert into REPARA values (319, 9, 142, '2022-01-22', 549.60);
insert into REPARA values (320, 7, 24, '2016-02-25', 4324.78);
insert into REPARA values (321, 1, 268, '2019-12-29', 3188.97);
insert into REPARA values (322, 7, 118, '2021-02-05', 3515.83);
insert into REPARA values (323, 3, 107, '2020-04-18', 1808.19);
insert into REPARA values (324, 8, 181, '2023-03-02', 2555.83);
insert into REPARA values (325, 8, 75, '2020-04-05', 1782.44);
insert into REPARA values (326, 9, 160, '2017-08-15', 1037.86);
insert into REPARA values (327, 5, 284, '2018-11-24', 3903.02);
insert into REPARA values (328, 2, 206, '2022-06-23', 3636.39);
insert into REPARA values (329, 4, 229, '2015-06-10', 2750.38);
insert into REPARA values (330, 8, 202, '2015-03-02', 3423.58);
insert into REPARA values (331, 6, 102, '2019-11-05', 1296.14);
insert into REPARA values (332, 10, 213, '2020-09-04', 4780.08);
insert into REPARA values (333, 2, 78, '2019-08-14', 2492.55);
insert into REPARA values (334, 2, 116, '2015-06-28', 523.20);
insert into REPARA values (335, 9, 271, '2019-12-23', 3105.29);
insert into REPARA values (336, 3, 284, '2021-12-13', 2945.98);
insert into REPARA values (337, 3, 19, '2022-03-09', 186.93);
insert into REPARA values (338, 5, 330, '2018-05-26', 4530.24);
insert into REPARA values (339, 9, 48, '2020-08-18', 562.40);
insert into REPARA values (340, 1, 5, '2018-10-22', 2269.92);
insert into REPARA values (341, 3, 239, '2015-06-17', 773.84);
insert into REPARA values (342, 2, 49, '2023-01-22', 3262.34);
insert into REPARA values (343, 8, 83, '2016-01-05', 4359.59);
insert into REPARA values (344, 1, 25, '2020-01-31', 4577.92);
insert into REPARA values (345, 5, 199, '2019-01-20', 2904.78);
insert into REPARA values (346, 3, 43, '2015-07-07', 1901.32);
insert into REPARA values (347, 5, 148, '2017-10-27', 2858.93);
insert into REPARA values (348, 3, 160, '2023-02-19', 965.68);
insert into REPARA values (349, 10, 152, '2017-02-13', 1818.78);
insert into REPARA values (350, 5, 174, '2020-08-25', 2103.51);
insert into REPARA values (351, 4, 132, '2019-10-05', 1830.54);
insert into REPARA values (352, 7, 60, '2019-11-19', 2682.49);
insert into REPARA values (353, 5, 304, '2015-04-28', 2363.35);
insert into REPARA values (354, 5, 334, '2021-10-30', 731.98);
insert into REPARA values (355, 10, 114, '2019-11-05', 1156.72);
insert into REPARA values (356, 5, 316, '2015-03-23', 2571.08);
insert into REPARA values (357, 5, 219, '2020-04-23', 4681.97);
insert into REPARA values (358, 5, 189, '2017-03-01', 328.02);
insert into REPARA values (359, 10, 147, '2016-08-06', 2314.77);
insert into REPARA values (360, 6, 128, '2018-03-07', 1925.43);
insert into REPARA values (361, 5, 3, '2021-06-18', 4810.65);
insert into REPARA values (362, 5, 38, '2022-09-25', 1820.50);
insert into REPARA values (363, 8, 40, '2017-07-15', 1877.56);
insert into REPARA values (364, 6, 89, '2018-03-25', 1262.47);
insert into REPARA values (365, 7, 288, '2022-01-07', 3528.98);
insert into REPARA values (366, 5, 52, '2020-12-14', 1471.51);
insert into REPARA values (367, 10, 103, '2017-06-21', 3140.34);
insert into REPARA values (368, 9, 89, '2020-11-04', 4697.22);
insert into REPARA values (369, 8, 88, '2023-02-26', 3930.51);
insert into REPARA values (370, 2, 178, '2016-12-24', 213.15);
insert into REPARA values (371, 5, 67, '2016-05-02', 118.83);
insert into REPARA values (372, 1, 211, '2017-06-04', 3570.00);
insert into REPARA values (373, 7, 49, '2019-02-15', 1370.02);
insert into REPARA values (374, 6, 194, '2020-12-15', 1870.24);
insert into REPARA values (375, 3, 130, '2022-09-27', 2967.44);
insert into REPARA values (376, 7, 345, '2015-12-07', 933.94);
insert into REPARA values (377, 2, 265, '2015-11-04', 866.31);
insert into REPARA values (378, 6, 128, '2022-12-31', 2533.11);
insert into REPARA values (379, 1, 1, '2019-07-30', 4972.90);
insert into REPARA values (380, 1, 26, '2020-02-02', 3218.91);
insert into REPARA values (381, 1, 33, '2015-03-21', 4760.89);
insert into REPARA values (382, 10, 51, '2020-08-25', 302.67);
insert into REPARA values (383, 6, 171, '2017-03-26', 2876.27);
insert into REPARA values (384, 9, 208, '2019-10-31', 3927.05);
insert into REPARA values (385, 2, 35, '2019-04-04', 1228.37);
insert into REPARA values (386, 2, 121, '2019-03-17', 4957.47);
insert into REPARA values (387, 4, 325, '2022-06-03', 2278.66);
insert into REPARA values (388, 6, 118, '2015-11-22', 3256.08);
insert into REPARA values (389, 7, 211, '2022-10-15', 1418.18);
insert into REPARA values (390, 5, 106, '2017-05-10', 2239.94);
insert into REPARA values (391, 6, 307, '2016-11-10', 3587.43);
insert into REPARA values (392, 4, 107, '2015-08-05', 259.58);
insert into REPARA values (393, 10, 177, '2018-08-02', 1134.63);
insert into REPARA values (394, 9, 235, '2018-06-07', 3999.47);
insert into REPARA values (395, 2, 210, '2018-06-29', 1951.18);
insert into REPARA values (396, 10, 196, '2023-02-21', 1547.22);
insert into REPARA values (397, 6, 38, '2018-01-20', 730.27);
insert into REPARA values (398, 8, 334, '2020-03-01', 1237.78);
insert into REPARA values (399, 3, 126, '2021-01-09', 865.09);
insert into REPARA values (400, 3, 118, '2018-01-19', 174.48);
insert into REPARA values (401, 5, 272, '2020-12-23', 896.59);
insert into REPARA values (402, 1, 243, '2017-03-05', 335.85);
insert into REPARA values (403, 5, 166, '2020-02-19', 2067.35);
insert into REPARA values (404, 2, 42, '2021-11-23', 3249.99);
insert into REPARA values (405, 6, 64, '2018-04-04', 988.11);
insert into REPARA values (406, 1, 203, '2022-11-11', 3192.87);
insert into REPARA values (407, 9, 138, '2021-10-06', 3163.47);
insert into REPARA values (408, 10, 7, '2016-04-27', 3592.99);
insert into REPARA values (409, 7, 322, '2017-05-17', 4144.85);
insert into REPARA values (410, 5, 162, '2021-09-23', 2193.54);
insert into REPARA values (411, 4, 241, '2022-10-29', 3595.22);
insert into REPARA values (412, 7, 291, '2016-04-01', 4473.44);
insert into REPARA values (413, 5, 17, '2018-11-07', 2761.73);
insert into REPARA values (414, 2, 287, '2017-10-28', 1459.58);
insert into REPARA values (415, 10, 92, '2021-01-08', 4004.23);
insert into REPARA values (416, 10, 311, '2015-04-10', 4890.37);
insert into REPARA values (417, 5, 84, '2018-12-18', 4324.54);
insert into REPARA values (418, 5, 292, '2016-10-29', 2495.64);
insert into REPARA values (419, 5, 64, '2018-05-27', 703.93);
insert into REPARA values (420, 6, 139, '2018-03-22', 2416.76);
insert into REPARA values (421, 10, 331, '2018-06-14', 3955.22);
insert into REPARA values (422, 5, 341, '2017-03-02', 4301.83);
insert into REPARA values (423, 7, 73, '2019-05-01', 4893.60);
insert into REPARA values (424, 7, 168, '2016-06-19', 483.27);
insert into REPARA values (425, 7, 191, '2015-12-31', 1137.51);
insert into REPARA values (426, 3, 257, '2017-12-17', 1655.51);
insert into REPARA values (427, 7, 340, '2015-07-28', 1869.44);
insert into REPARA values (428, 8, 255, '2022-01-13', 976.28);
insert into REPARA values (429, 6, 66, '2018-10-05', 3793.33);
insert into REPARA values (430, 8, 238, '2015-02-20', 2828.02);
insert into REPARA values (431, 4, 68, '2015-11-26', 2697.81);
insert into REPARA values (432, 4, 69, '2020-03-23', 1317.40);
insert into REPARA values (433, 1, 196, '2018-04-09', 2865.20);
insert into REPARA values (434, 1, 30, '2023-02-01', 461.69);
insert into REPARA values (435, 9, 172, '2021-03-25', 355.49);
insert into REPARA values (436, 4, 68, '2021-04-12', 679.53);
insert into REPARA values (437, 3, 12, '2022-04-08', 2072.44);
insert into REPARA values (438, 5, 21, '2021-04-08', 2077.66);
insert into REPARA values (439, 3, 314, '2018-06-13', 3413.79);
insert into REPARA values (440, 8, 311, '2015-05-24', 2820.66);
insert into REPARA values (441, 1, 17, '2016-04-10', 1255.29);
insert into REPARA values (442, 7, 198, '2021-05-27', 2353.99);
insert into REPARA values (443, 4, 30, '2023-02-18', 4552.19);
insert into REPARA values (444, 9, 315, '2017-11-14', 2474.50);
insert into REPARA values (445, 9, 90, '2017-01-13', 1790.45);
insert into REPARA values (446, 7, 120, '2015-06-30', 1995.06);
insert into REPARA values (447, 3, 189, '2023-01-25', 1252.60);
insert into REPARA values (448, 5, 289, '2018-06-08', 4727.83);
insert into REPARA values (449, 2, 348, '2017-08-30', 4146.64);
insert into REPARA values (450, 5, 129, '2016-10-17', 1019.38);


/************ CARGA DE LA TABLA CONCESIONARIO (CODIGO, LOCALIDAD, HORA_APERTURA, HORA_CIERRE) ************/
insert into CONCESIONARIO values (1, 'Madrid', '11:00:00', '21:00:00');
insert into CONCESIONARIO values (2, 'Barcelona', '09:00:00', '18:30:00');
insert into CONCESIONARIO values (3, 'Valencia', '11:00:00', '20:00:00');
insert into CONCESIONARIO values (4, 'Sevilla', '10:00:00', '19:00:00');
insert into CONCESIONARIO values (5, 'Zaragoza', '11:30:00', '20:00:00');
insert into CONCESIONARIO values (6, 'Málaga', '09:30:00', '18:30:00');
insert into CONCESIONARIO values (7, 'Murcia', '08:30:00', '18:30:00');
insert into CONCESIONARIO values (8, 'Palma', '11:00:00', '19:30:00');
insert into CONCESIONARIO values (9, 'Las Palmas de Gran Canaria', '09:30:00', '18:30:00');
insert into CONCESIONARIO values (10, 'Bilbao', '09:30:00', '20:00:00');
insert into CONCESIONARIO values (11, 'Alicante', '10:30:00', '20:00:00');
insert into CONCESIONARIO values (12, 'Córdoba', '09:30:00', '21:00:00');
insert into CONCESIONARIO values (13, 'Valladolid', '10:00:00', '19:30:00');
insert into CONCESIONARIO values (14, 'Vigo', '11:30:00', '18:00:00');
insert into CONCESIONARIO values (15, 'Gijón', '11:30:00', '19:30:00');


/************ CARGA DE LA TABLA OFRECE (COD_COCHE, COD_CONCESIONARIO, CANTIDAD) ************/
insert into OFRECE values (155, 10, 29);
insert into OFRECE values (156, 12, 38);
insert into OFRECE values (314, 13, 21);
insert into OFRECE values (36, 5, 35);
insert into OFRECE values (83, 3, 22);
insert into OFRECE values (250, 13, 23);
insert into OFRECE values (186, 13, 30);
insert into OFRECE values (254, 7, 26);
insert into OFRECE values (237, 1, 25);
insert into OFRECE values (184, 10, 23);
insert into OFRECE values (11, 8, 39);
insert into OFRECE values (196, 1, 35);
insert into OFRECE values (303, 13, 31);
insert into OFRECE values (209, 6, 13);
insert into OFRECE values (12, 1, 30);
insert into OFRECE values (123, 11, 23);
insert into OFRECE values (33, 14, 39);
insert into OFRECE values (51, 5, 12);
insert into OFRECE values (15, 15, 14);
insert into OFRECE values (206, 14, 14);
insert into OFRECE values (98, 6, 29);
insert into OFRECE values (285, 14, 36);
insert into OFRECE values (251, 14, 18);
insert into OFRECE values (9, 12, 25);
insert into OFRECE values (345, 3, 12);
insert into OFRECE values (37, 10, 14);
insert into OFRECE values (278, 11, 27);
insert into OFRECE values (305, 10, 20);
insert into OFRECE values (158, 12, 28);
insert into OFRECE values (347, 14, 22);
insert into OFRECE values (309, 11, 22);
insert into OFRECE values (72, 10, 14);
insert into OFRECE values (120, 12, 37);
insert into OFRECE values (343, 10, 25);
insert into OFRECE values (332, 4, 17);
insert into OFRECE values (266, 2, 35);
insert into OFRECE values (190, 15, 36);
insert into OFRECE values (199, 1, 13);
insert into OFRECE values (225, 12, 12);
insert into OFRECE values (13, 8, 17);
insert into OFRECE values (264, 8, 37);
insert into OFRECE values (194, 2, 20);
insert into OFRECE values (338, 1, 30);
insert into OFRECE values (113, 7, 16);
insert into OFRECE values (292, 1, 34);
insert into OFRECE values (75, 4, 39);
insert into OFRECE values (99, 8, 10);
insert into OFRECE values (332, 1, 20);
insert into OFRECE values (99, 1, 17);
insert into OFRECE values (80, 7, 32);
insert into OFRECE values (310, 6, 36);
insert into OFRECE values (325, 14, 30);
insert into OFRECE values (287, 13, 31);
insert into OFRECE values (302, 9, 29);
insert into OFRECE values (60, 4, 35);
insert into OFRECE values (89, 6, 40);
insert into OFRECE values (248, 1, 31);
insert into OFRECE values (28, 10, 27);
insert into OFRECE values (294, 9, 12);
insert into OFRECE values (243, 2, 26);
insert into OFRECE values (324, 11, 33);
insert into OFRECE values (244, 1, 39);
insert into OFRECE values (82, 13, 15);
insert into OFRECE values (292, 7, 24);
insert into OFRECE values (33, 6, 38);
insert into OFRECE values (195, 11, 25);
insert into OFRECE values (218, 10, 35);
insert into OFRECE values (257, 11, 29);
insert into OFRECE values (235, 1, 29);
insert into OFRECE values (283, 6, 25);
insert into OFRECE values (44, 6, 20);
insert into OFRECE values (181, 1, 35);
insert into OFRECE values (107, 10, 32);
insert into OFRECE values (338, 7, 16);
insert into OFRECE values (139, 1, 39);
insert into OFRECE values (328, 14, 18);
insert into OFRECE values (43, 11, 11);
insert into OFRECE values (84, 4, 34);
insert into OFRECE values (11, 7, 19);
insert into OFRECE values (66, 8, 15);
insert into OFRECE values (150, 1, 40);
insert into OFRECE values (151, 1, 30);
insert into OFRECE values (160, 11, 19);
insert into OFRECE values (322, 8, 31);
insert into OFRECE values (53, 15, 34);
insert into OFRECE values (25, 11, 38);
insert into OFRECE values (124, 2, 20);
insert into OFRECE values (177, 3, 19);
insert into OFRECE values (165, 14, 36);
insert into OFRECE values (148, 11, 33);
insert into OFRECE values (241, 13, 13);
insert into OFRECE values (119, 14, 23);
insert into OFRECE values (349, 13, 13);
insert into OFRECE values (301, 12, 30);
insert into OFRECE values (267, 2, 21);
insert into OFRECE values (226, 7, 33);
insert into OFRECE values (192, 3, 10);
insert into OFRECE values (330, 14, 31);
insert into OFRECE values (7, 12, 37);
insert into OFRECE values (38, 12, 26);
insert into OFRECE values (63, 7, 14);
insert into OFRECE values (221, 10, 19);
insert into OFRECE values (148, 13, 30);
insert into OFRECE values (42, 4, 11);
insert into OFRECE values (317, 5, 36);
insert into OFRECE values (332, 6, 24);
insert into OFRECE values (80, 5, 28);
insert into OFRECE values (93, 14, 26);
insert into OFRECE values (174, 1, 19);
insert into OFRECE values (185, 6, 27);
insert into OFRECE values (31, 4, 26);
insert into OFRECE values (6, 7, 15);
insert into OFRECE values (37, 12, 24);
insert into OFRECE values (72, 8, 16);
insert into OFRECE values (93, 1, 19);
insert into OFRECE values (40, 11, 13);
insert into OFRECE values (191, 5, 40);
insert into OFRECE values (296, 3, 37);
insert into OFRECE values (162, 3, 27);
insert into OFRECE values (197, 2, 16);
insert into OFRECE values (54, 6, 30);
insert into OFRECE values (207, 15, 33);
insert into OFRECE values (262, 8, 22);
insert into OFRECE values (231, 13, 39);
insert into OFRECE values (274, 14, 32);
insert into OFRECE values (142, 10, 36);
insert into OFRECE values (122, 4, 10);
insert into OFRECE values (119, 11, 10);
insert into OFRECE values (259, 4, 25);
insert into OFRECE values (135, 1, 20);
insert into OFRECE values (214, 9, 22);
insert into OFRECE values (291, 7, 18);
insert into OFRECE values (163, 6, 40);
insert into OFRECE values (291, 2, 33);
insert into OFRECE values (310, 11, 34);
insert into OFRECE values (277, 5, 10);
insert into OFRECE values (165, 4, 32);
insert into OFRECE values (66, 5, 38);
insert into OFRECE values (95, 7, 27);
insert into OFRECE values (162, 5, 17);
insert into OFRECE values (62, 2, 16);
insert into OFRECE values (239, 3, 21);
insert into OFRECE values (53, 12, 28);
insert into OFRECE values (16, 2, 32);
insert into OFRECE values (76, 9, 33);
insert into OFRECE values (349, 3, 14);
insert into OFRECE values (130, 5, 10);
insert into OFRECE values (81, 4, 30);
insert into OFRECE values (106, 10, 16);
insert into OFRECE values (163, 9, 39);
insert into OFRECE values (142, 9, 37);
insert into OFRECE values (70, 8, 28);
insert into OFRECE values (47, 1, 34);
insert into OFRECE values (226, 5, 37);
insert into OFRECE values (122, 7, 13);
insert into OFRECE values (114, 6, 35);
insert into OFRECE values (134, 3, 24);
insert into OFRECE values (41, 7, 28);
insert into OFRECE values (120, 1, 34);
insert into OFRECE values (64, 5, 29);
insert into OFRECE values (136, 12, 11);
insert into OFRECE values (176, 2, 11);
insert into OFRECE values (212, 13, 23);
insert into OFRECE values (123, 3, 15);
insert into OFRECE values (214, 1, 27);
insert into OFRECE values (273, 11, 11);
insert into OFRECE values (132, 1, 17);
insert into OFRECE values (91, 15, 29);
insert into OFRECE values (313, 2, 20);
insert into OFRECE values (21, 1, 34);
insert into OFRECE values (57, 9, 20);
insert into OFRECE values (81, 2, 17);
insert into OFRECE values (121, 14, 25);
insert into OFRECE values (102, 14, 38);
insert into OFRECE values (44, 8, 38);
insert into OFRECE values (191, 8, 36);
insert into OFRECE values (10, 1, 21);
insert into OFRECE values (30, 11, 30);
insert into OFRECE values (217, 5, 32);
insert into OFRECE values (258, 7, 18);
insert into OFRECE values (137, 7, 33);
insert into OFRECE values (85, 6, 35);
insert into OFRECE values (51, 3, 20);
insert into OFRECE values (45, 13, 17);
insert into OFRECE values (316, 9, 18);
insert into OFRECE values (230, 14, 31);
insert into OFRECE values (293, 13, 22);
insert into OFRECE values (277, 2, 30);
insert into OFRECE values (244, 13, 18);
insert into OFRECE values (46, 13, 19);
insert into OFRECE values (55, 4, 11);
insert into OFRECE values (89, 2, 17);
insert into OFRECE values (315, 9, 31);
insert into OFRECE values (144, 5, 19);
insert into OFRECE values (27, 8, 33);
insert into OFRECE values (82, 3, 12);
insert into OFRECE values (15, 2, 25);
insert into OFRECE values (151, 13, 11);
insert into OFRECE values (168, 11, 39);
insert into OFRECE values (304, 13, 35);
insert into OFRECE values (321, 12, 24);
insert into OFRECE values (72, 2, 30);
insert into OFRECE values (225, 4, 17);
insert into OFRECE values (169, 10, 36);
insert into OFRECE values (125, 12, 21);
insert into OFRECE values (48, 3, 37);
insert into OFRECE values (36, 11, 23);
insert into OFRECE values (279, 5, 26);
insert into OFRECE values (294, 7, 13);
insert into OFRECE values (299, 2, 21);
insert into OFRECE values (73, 7, 27);
insert into OFRECE values (98, 7, 15);
insert into OFRECE values (283, 14, 29);
insert into OFRECE values (9, 7, 34);
insert into OFRECE values (170, 13, 37);
insert into OFRECE values (41, 9, 33);
insert into OFRECE values (320, 4, 10);
insert into OFRECE values (202, 14, 39);
insert into OFRECE values (186, 4, 34);
insert into OFRECE values (216, 6, 31);
insert into OFRECE values (289, 8, 40);
insert into OFRECE values (103, 8, 34);
insert into OFRECE values (92, 9, 28);
insert into OFRECE values (306, 8, 37);
insert into OFRECE values (280, 9, 39);
insert into OFRECE values (312, 13, 34);
insert into OFRECE values (274, 10, 30);
insert into OFRECE values (240, 5, 10);
insert into OFRECE values (309, 15, 15);
insert into OFRECE values (208, 2, 14);
insert into OFRECE values (348, 1, 19);
insert into OFRECE values (26, 2, 25);
insert into OFRECE values (318, 4, 34);
insert into OFRECE values (334, 4, 30);
insert into OFRECE values (251, 7, 19);
insert into OFRECE values (300, 15, 32);
insert into OFRECE values (208, 4, 31);
insert into OFRECE values (73, 4, 32);
insert into OFRECE values (312, 3, 27);
insert into OFRECE values (311, 1, 31);
insert into OFRECE values (194, 4, 22);
insert into OFRECE values (153, 2, 20);
insert into OFRECE values (46, 8, 40);
insert into OFRECE values (62, 14, 22);
insert into OFRECE values (35, 1, 10);
insert into OFRECE values (55, 6, 39);
insert into OFRECE values (74, 10, 25);
insert into OFRECE values (267, 3, 12);
insert into OFRECE values (313, 14, 25);
insert into OFRECE values (301, 2, 39);
insert into OFRECE values (38, 6, 19);
insert into OFRECE values (71, 6, 15);
insert into OFRECE values (337, 7, 17);
insert into OFRECE values (215, 8, 37);
insert into OFRECE values (14, 3, 39);
insert into OFRECE values (257, 4, 34);
insert into OFRECE values (65, 15, 22);
insert into OFRECE values (286, 8, 17);
insert into OFRECE values (140, 15, 37);
insert into OFRECE values (245, 3, 30);
insert into OFRECE values (123, 13, 24);
insert into OFRECE values (333, 7, 40);
insert into OFRECE values (48, 4, 29);
insert into OFRECE values (295, 7, 40);
insert into OFRECE values (47, 7, 14);
insert into OFRECE values (53, 10, 11);
insert into OFRECE values (28, 1, 12);
insert into OFRECE values (330, 12, 22);
insert into OFRECE values (33, 13, 34);
insert into OFRECE values (302, 2, 26);
insert into OFRECE values (298, 5, 14);
insert into OFRECE values (27, 13, 25);
insert into OFRECE values (243, 12, 24);
insert into OFRECE values (227, 10, 24);
insert into OFRECE values (200, 3, 25);
insert into OFRECE values (158, 11, 18);
insert into OFRECE values (134, 5, 34);
insert into OFRECE values (144, 10, 12);
insert into OFRECE values (292, 8, 31);
insert into OFRECE values (268, 7, 18);
insert into OFRECE values (172, 9, 16);
insert into OFRECE values (134, 14, 18);
insert into OFRECE values (30, 15, 19);
insert into OFRECE values (53, 1, 29);
insert into OFRECE values (205, 15, 15);
insert into OFRECE values (331, 14, 19);
insert into OFRECE values (80, 1, 12);
insert into OFRECE values (205, 8, 40);
insert into OFRECE values (103, 5, 33);
insert into OFRECE values (5, 6, 23);
insert into OFRECE values (67, 6, 24);
insert into OFRECE values (302, 14, 18);
insert into OFRECE values (22, 8, 32);
insert into OFRECE values (115, 14, 37);
insert into OFRECE values (323, 14, 37);
insert into OFRECE values (52, 4, 38);
insert into OFRECE values (303, 5, 25);
insert into OFRECE values (67, 12, 30);
insert into OFRECE values (288, 14, 22);
insert into OFRECE values (229, 8, 28);
insert into OFRECE values (132, 11, 13);
insert into OFRECE values (266, 5, 33);
insert into OFRECE values (265, 13, 22);
insert into OFRECE values (122, 15, 19);
insert into OFRECE values (12, 6, 21);
insert into OFRECE values (124, 9, 13);
insert into OFRECE values (289, 11, 37);
insert into OFRECE values (16, 6, 39);
insert into OFRECE values (60, 10, 23);
insert into OFRECE values (346, 15, 32);
insert into OFRECE values (263, 13, 24);
insert into OFRECE values (206, 8, 13);
insert into OFRECE values (137, 15, 23);
insert into OFRECE values (287, 2, 37);
insert into OFRECE values (329, 14, 39);
insert into OFRECE values (256, 12, 35);
insert into OFRECE values (273, 8, 20);
insert into OFRECE values (210, 13, 17);
insert into OFRECE values (195, 8, 12);
insert into OFRECE values (324, 10, 31);
insert into OFRECE values (145, 6, 24);
insert into OFRECE values (105, 9, 11);
insert into OFRECE values (293, 12, 32);
insert into OFRECE values (340, 9, 11);
insert into OFRECE values (56, 8, 16);
insert into OFRECE values (271, 9, 36);
insert into OFRECE values (141, 10, 27);
insert into OFRECE values (130, 9, 17);
insert into OFRECE values (162, 10, 15);
insert into OFRECE values (223, 8, 11);
insert into OFRECE values (333, 13, 40);
insert into OFRECE values (190, 3, 11);
insert into OFRECE values (327, 4, 39);
insert into OFRECE values (76, 12, 29);
insert into OFRECE values (90, 12, 21);
insert into OFRECE values (131, 14, 25);
insert into OFRECE values (335, 11, 39);
insert into OFRECE values (182, 8, 36);
insert into OFRECE values (90, 2, 30);
insert into OFRECE values (252, 7, 14);
insert into OFRECE values (319, 2, 11);
insert into OFRECE values (326, 5, 34);
insert into OFRECE values (100, 13, 31);
insert into OFRECE values (202, 2, 40);
insert into OFRECE values (2, 14, 15);
insert into OFRECE values (284, 14, 25);
insert into OFRECE values (204, 3, 11);
insert into OFRECE values (290, 13, 37);
insert into OFRECE values (129, 5, 23);
insert into OFRECE values (89, 4, 19);
insert into OFRECE values (225, 5, 27);
insert into OFRECE values (189, 7, 28);
insert into OFRECE values (41, 11, 40);
insert into OFRECE values (67, 5, 38);
insert into OFRECE values (128, 1, 30);
insert into OFRECE values (263, 5, 17);
insert into OFRECE values (147, 4, 24);
insert into OFRECE values (184, 8, 29);
insert into OFRECE values (336, 12, 19);
insert into OFRECE values (283, 4, 15);
insert into OFRECE values (222, 13, 19);
insert into OFRECE values (244, 11, 16);
insert into OFRECE values (47, 10, 26);
insert into OFRECE values (101, 5, 33);
insert into OFRECE values (307, 3, 13);
insert into OFRECE values (309, 5, 32);
insert into OFRECE values (324, 15, 13);
insert into OFRECE values (92, 13, 23);
insert into OFRECE values (175, 14, 27);
insert into OFRECE values (341, 15, 23);
insert into OFRECE values (173, 15, 28);
insert into OFRECE values (190, 9, 15);
insert into OFRECE values (10, 4, 24);
insert into OFRECE values (275, 10, 15);
insert into OFRECE values (303, 10, 12);
insert into OFRECE values (306, 15, 20);
insert into OFRECE values (116, 6, 40);
insert into OFRECE values (15, 8, 14);
insert into OFRECE values (126, 10, 13);
insert into OFRECE values (286, 5, 27);
insert into OFRECE values (24, 9, 23);
insert into OFRECE values (229, 13, 25);
insert into OFRECE values (3, 8, 22);
insert into OFRECE values (170, 14, 29);
insert into OFRECE values (345, 8, 39);
insert into OFRECE values (198, 5, 16);
insert into OFRECE values (219, 7, 13);
insert into OFRECE values (332, 9, 16);
insert into OFRECE values (141, 4, 34);
insert into OFRECE values (272, 1, 20);
insert into OFRECE values (2, 10, 24);
insert into OFRECE values (148, 4, 13);
insert into OFRECE values (164, 2, 12);
insert into OFRECE values (240, 12, 35);
insert into OFRECE values (236, 5, 11);
insert into OFRECE values (242, 4, 25);
insert into OFRECE values (49, 14, 30);
insert into OFRECE values (297, 10, 32);
insert into OFRECE values (274, 9, 29);
insert into OFRECE values (185, 5, 34);
insert into OFRECE values (132, 2, 29);
insert into OFRECE values (200, 10, 32);
insert into OFRECE values (271, 6, 19);
insert into OFRECE values (83, 4, 16);
insert into OFRECE values (277, 4, 23);
insert into OFRECE values (228, 2, 11);
insert into OFRECE values (117, 2, 32);
insert into OFRECE values (308, 4, 32);
insert into OFRECE values (199, 13, 25);
insert into OFRECE values (164, 15, 22);
insert into OFRECE values (60, 13, 31);
insert into OFRECE values (160, 7, 25);
insert into OFRECE values (171, 6, 34);
insert into OFRECE values (118, 12, 13);
insert into OFRECE values (327, 5, 25);
insert into OFRECE values (104, 13, 15);
insert into OFRECE values (268, 14, 13);
insert into OFRECE values (278, 14, 16);
insert into OFRECE values (233, 6, 11);
insert into OFRECE values (6, 1, 35);
insert into OFRECE values (140, 4, 27);
insert into OFRECE values (246, 12, 16);
insert into OFRECE values (74, 2, 26);
insert into OFRECE values (84, 2, 11);
insert into OFRECE values (152, 5, 38);
insert into OFRECE values (171, 11, 29);
insert into OFRECE values (163, 11, 31);
insert into OFRECE values (97, 1, 30);
insert into OFRECE values (239, 11, 15);
insert into OFRECE values (255, 15, 25);
insert into OFRECE values (271, 5, 38);
insert into OFRECE values (337, 15, 23);
insert into OFRECE values (122, 6, 16);
insert into OFRECE values (68, 7, 35);
insert into OFRECE values (345, 4, 21);
insert into OFRECE values (213, 6, 11);
insert into OFRECE values (207, 10, 39);
insert into OFRECE values (23, 9, 35);
insert into OFRECE values (269, 2, 15);
insert into OFRECE values (147, 13, 15);
insert into OFRECE values (1, 5, 20);
insert into OFRECE values (57, 13, 13);
insert into OFRECE values (87, 1, 25);
insert into OFRECE values (223, 9, 10);
insert into OFRECE values (264, 4, 26);
insert into OFRECE values (96, 11, 19);
insert into OFRECE values (29, 4, 27);
insert into OFRECE values (50, 5, 23);
insert into OFRECE values (88, 1, 38);
insert into OFRECE values (175, 15, 12);
insert into OFRECE values (17, 12, 19);
insert into OFRECE values (78, 13, 40);
insert into OFRECE values (61, 12, 40);
insert into OFRECE values (261, 4, 37);
insert into OFRECE values (77, 3, 35);
insert into OFRECE values (247, 7, 40);
insert into OFRECE values (353, 7, 32);
insert into OFRECE values (214, 11, 22);
insert into OFRECE values (167, 4, 14);
insert into OFRECE values (276, 12, 19);
insert into OFRECE values (62, 4, 13);
insert into OFRECE values (174, 7, 16);
insert into OFRECE values (175, 12, 15);
insert into OFRECE values (300, 2, 34);
insert into OFRECE values (12, 7, 39);
insert into OFRECE values (228, 15, 31);
insert into OFRECE values (177, 15, 21);
insert into OFRECE values (192, 9, 11);
insert into OFRECE values (145, 1, 26);
insert into OFRECE values (227, 6, 38);
insert into OFRECE values (208, 8, 18);
insert into OFRECE values (28, 5, 12);
insert into OFRECE values (340, 12, 22);
insert into OFRECE values (312, 15, 40);
insert into OFRECE values (157, 13, 28);
insert into OFRECE values (9, 6, 14);
insert into OFRECE values (77, 11, 11);
insert into OFRECE values (115, 5, 11);
insert into OFRECE values (130, 12, 33);
insert into OFRECE values (24, 1, 21);
insert into OFRECE values (210, 12, 27);
insert into OFRECE values (142, 12, 28);
insert into OFRECE values (133, 2, 32);
insert into OFRECE values (343, 1, 40);
insert into OFRECE values (42, 6, 37);
insert into OFRECE values (286, 3, 18);
insert into OFRECE values (187, 8, 12);
insert into OFRECE values (113, 2, 26);
insert into OFRECE values (134, 12, 31);
insert into OFRECE values (269, 8, 32);
insert into OFRECE values (242, 15, 35);
insert into OFRECE values (76, 8, 20);
insert into OFRECE values (135, 5, 34);
insert into OFRECE values (52, 13, 34);
insert into OFRECE values (155, 5, 10);
insert into OFRECE values (35, 2, 39);
insert into OFRECE values (286, 10, 24);
insert into OFRECE values (161, 7, 40);
insert into OFRECE values (156, 10, 21);
insert into OFRECE values (16, 7, 28);
insert into OFRECE values (59, 2, 37);
insert into OFRECE values (39, 15, 27);
insert into OFRECE values (173, 5, 15);
insert into OFRECE values (203, 12, 17);
insert into OFRECE values (18, 15, 35);
insert into OFRECE values (154, 14, 30);
insert into OFRECE values (324, 6, 37);
insert into OFRECE values (155, 12, 21);
insert into OFRECE values (304, 11, 37);
insert into OFRECE values (112, 2, 37);
insert into OFRECE values (233, 5, 24);
insert into OFRECE values (199, 4, 35);
insert into OFRECE values (27, 11, 14);
insert into OFRECE values (71, 12, 27);
insert into OFRECE values (227, 3, 26);
insert into OFRECE values (43, 7, 15);
insert into OFRECE values (207, 9, 11);
insert into OFRECE values (262, 4, 37);
insert into OFRECE values (220, 6, 15);
insert into OFRECE values (276, 4, 35);
insert into OFRECE values (134, 1, 22);
insert into OFRECE values (191, 13, 19);
insert into OFRECE values (217, 7, 37);
insert into OFRECE values (187, 4, 20);
insert into OFRECE values (342, 2, 40);
insert into OFRECE values (312, 2, 18);
insert into OFRECE values (113, 3, 14);
insert into OFRECE values (253, 8, 37);
insert into OFRECE values (41, 1, 11);
insert into OFRECE values (13, 13, 10);
insert into OFRECE values (66, 15, 28);
insert into OFRECE values (60, 6, 38);
insert into OFRECE values (329, 10, 15);
insert into OFRECE values (246, 9, 13);
insert into OFRECE values (338, 9, 11);
insert into OFRECE values (61, 2, 36);
insert into OFRECE values (212, 12, 13);
insert into OFRECE values (49, 7, 27);
insert into OFRECE values (34, 7, 39);
insert into OFRECE values (339, 15, 34);
insert into OFRECE values (339, 12, 16);
insert into OFRECE values (81, 15, 39);
insert into OFRECE values (109, 5, 24);
insert into OFRECE values (58, 12, 40);
insert into OFRECE values (146, 6, 40);
insert into OFRECE values (104, 6, 21);
insert into OFRECE values (171, 4, 26);
insert into OFRECE values (32, 3, 11);
insert into OFRECE values (276, 2, 20);
insert into OFRECE values (231, 11, 16);
insert into OFRECE values (135, 15, 30);
insert into OFRECE values (184, 6, 10);
insert into OFRECE values (236, 15, 27);
insert into OFRECE values (88, 12, 21);
insert into OFRECE values (1, 7, 39);
insert into OFRECE values (234, 13, 39);
insert into OFRECE values (18, 5, 19);
insert into OFRECE values (203, 7, 18);
insert into OFRECE values (215, 14, 26);
insert into OFRECE values (7, 13, 19);
insert into OFRECE values (71, 3, 17);
insert into OFRECE values (164, 8, 30);
insert into OFRECE values (26, 6, 20);
insert into OFRECE values (250, 4, 13);
insert into OFRECE values (166, 7, 27);
insert into OFRECE values (55, 12, 28);
insert into OFRECE values (45, 1, 38);
insert into OFRECE values (350, 3, 11);
insert into OFRECE values (348, 14, 11);
insert into OFRECE values (341, 9, 15);
insert into OFRECE values (121, 1, 39);
insert into OFRECE values (151, 8, 24);
insert into OFRECE values (55, 11, 21);
insert into OFRECE values (44, 2, 38);
insert into OFRECE values (271, 14, 15);
insert into OFRECE values (87, 6, 37);
insert into OFRECE values (82, 5, 14);
insert into OFRECE values (228, 6, 20);
insert into OFRECE values (240, 8, 37);
insert into OFRECE values (294, 11, 31);
insert into OFRECE values (227, 9, 31);
insert into OFRECE values (77, 2, 27);
insert into OFRECE values (83, 13, 11);
insert into OFRECE values (137, 3, 27);
insert into OFRECE values (167, 3, 21);
insert into OFRECE values (232, 7, 34);
insert into OFRECE values (22, 11, 31);
insert into OFRECE values (316, 13, 35);
insert into OFRECE values (270, 12, 20);
insert into OFRECE values (52, 1, 29);
insert into OFRECE values (250, 5, 15);
insert into OFRECE values (75, 9, 19);
insert into OFRECE values (351, 13, 27);
insert into OFRECE values (248, 4, 21);
insert into OFRECE values (27, 15, 29);
insert into OFRECE values (275, 4, 35);
insert into OFRECE values (39, 10, 34);
insert into OFRECE values (92, 3, 21);
insert into OFRECE values (32, 4, 23);
insert into OFRECE values (132, 6, 34);
insert into OFRECE values (338, 8, 38);
insert into OFRECE values (107, 12, 37);
insert into OFRECE values (198, 14, 11);
insert into OFRECE values (197, 3, 28);
insert into OFRECE values (50, 6, 18);
insert into OFRECE values (178, 9, 27);
insert into OFRECE values (212, 3, 15);
insert into OFRECE values (247, 4, 33);
insert into OFRECE values (168, 7, 14);
insert into OFRECE values (333, 11, 20);
insert into OFRECE values (119, 7, 13);
insert into OFRECE values (187, 6, 22);
insert into OFRECE values (117, 9, 28);
insert into OFRECE values (351, 8, 13);
insert into OFRECE values (172, 6, 16);
insert into OFRECE values (231, 14, 37);
insert into OFRECE values (189, 10, 34);
insert into OFRECE values (51, 8, 27);
insert into OFRECE values (260, 15, 20);
insert into OFRECE values (318, 8, 31);
insert into OFRECE values (224, 9, 27);
insert into OFRECE values (68, 10, 13);
insert into OFRECE values (320, 15, 38);
insert into OFRECE values (119, 8, 26);
insert into OFRECE values (317, 8, 37);
insert into OFRECE values (103, 4, 16);
insert into OFRECE values (337, 4, 38);
insert into OFRECE values (142, 2, 20);
insert into OFRECE values (29, 1, 34);
insert into OFRECE values (317, 14, 14);
insert into OFRECE values (283, 7, 25);
insert into OFRECE values (124, 6, 39);
insert into OFRECE values (302, 10, 20);
insert into OFRECE values (48, 8, 11);
insert into OFRECE values (104, 4, 27);
insert into OFRECE values (75, 2, 17);
insert into OFRECE values (242, 9, 15);
insert into OFRECE values (208, 6, 38);
insert into OFRECE values (353, 14, 23);
insert into OFRECE values (8, 3, 26);
insert into OFRECE values (82, 9, 36);
insert into OFRECE values (272, 8, 31);
insert into OFRECE values (69, 1, 13);
insert into OFRECE values (175, 13, 22);
insert into OFRECE values (163, 1, 36);
insert into OFRECE values (192, 14, 37);
insert into OFRECE values (352, 8, 31);
insert into OFRECE values (134, 11, 19);
insert into OFRECE values (149, 15, 14);
insert into OFRECE values (264, 1, 16);
insert into OFRECE values (139, 15, 32);
insert into OFRECE values (19, 1, 33);
insert into OFRECE values (5, 4, 28);
insert into OFRECE values (221, 1, 11);
insert into OFRECE values (4, 13, 15);
insert into OFRECE values (158, 10, 19);
insert into OFRECE values (245, 7, 11);
insert into OFRECE values (69, 6, 15);
insert into OFRECE values (331, 11, 26);
insert into OFRECE values (176, 13, 37);
insert into OFRECE values (20, 1, 40);
insert into OFRECE values (83, 1, 23);
insert into OFRECE values (171, 7, 18);
insert into OFRECE values (321, 14, 37);
insert into OFRECE values (58, 4, 26);
insert into OFRECE values (315, 1, 13);
insert into OFRECE values (127, 14, 16);
insert into OFRECE values (202, 11, 16);
insert into OFRECE values (191, 10, 29);
insert into OFRECE values (126, 13, 37);
insert into OFRECE values (221, 3, 28);
insert into OFRECE values (99, 11, 18);
insert into OFRECE values (352, 10, 20);
insert into OFRECE values (123, 2, 32);
insert into OFRECE values (199, 9, 38);
insert into OFRECE values (201, 6, 12);
insert into OFRECE values (153, 9, 27);
insert into OFRECE values (238, 15, 29);
insert into OFRECE values (347, 1, 39);
insert into OFRECE values (261, 14, 27);
insert into OFRECE values (260, 3, 22);
insert into OFRECE values (90, 15, 36);
insert into OFRECE values (39, 12, 37);
insert into OFRECE values (69, 2, 24);
insert into OFRECE values (181, 8, 39);
insert into OFRECE values (211, 3, 20);
insert into OFRECE values (310, 9, 19);
insert into OFRECE values (180, 11, 18);
insert into OFRECE values (53, 8, 14);
insert into OFRECE values (180, 4, 40);
insert into OFRECE values (193, 1, 33);
insert into OFRECE values (45, 15, 36);
insert into OFRECE values (27, 6, 30);
insert into OFRECE values (280, 5, 39);
insert into OFRECE values (310, 15, 18);
insert into OFRECE values (306, 11, 16);
insert into OFRECE values (111, 2, 35);
insert into OFRECE values (282, 9, 21);
insert into OFRECE values (134, 7, 29);
insert into OFRECE values (10, 2, 20);
insert into OFRECE values (112, 6, 12);
insert into OFRECE values (254, 8, 37);
insert into OFRECE values (115, 10, 36);
insert into OFRECE values (167, 11, 20);
insert into OFRECE values (78, 6, 21);
insert into OFRECE values (115, 1, 22);
insert into OFRECE values (344, 2, 36);
insert into OFRECE values (80, 15, 14);
insert into OFRECE values (79, 3, 19);
insert into OFRECE values (29, 11, 29);
insert into OFRECE values (346, 12, 40);
insert into OFRECE values (348, 7, 10);
insert into OFRECE values (293, 15, 13);
insert into OFRECE values (109, 9, 13);
insert into OFRECE values (249, 1, 33);
insert into OFRECE values (65, 10, 16);
insert into OFRECE values (187, 10, 21);
insert into OFRECE values (108, 8, 29);
insert into OFRECE values (285, 4, 13);
insert into OFRECE values (244, 12, 31);
insert into OFRECE values (258, 8, 29);
insert into OFRECE values (80, 4, 23);
insert into OFRECE values (126, 1, 17);
insert into OFRECE values (240, 7, 24);
insert into OFRECE values (20, 2, 15);
insert into OFRECE values (110, 3, 31);
insert into OFRECE values (346, 6, 15);
insert into OFRECE values (146, 12, 25);
insert into OFRECE values (80, 10, 19);
insert into OFRECE values (73, 15, 24);
insert into OFRECE values (336, 5, 32);
insert into OFRECE values (245, 11, 26);
insert into OFRECE values (97, 2, 40);
insert into OFRECE values (125, 15, 24);
insert into OFRECE values (99, 9, 16);
insert into OFRECE values (133, 3, 16);
insert into OFRECE values (313, 13, 38);
insert into OFRECE values (185, 14, 20);
insert into OFRECE values (159, 11, 24);
insert into OFRECE values (44, 13, 25);
insert into OFRECE values (261, 9, 13);
insert into OFRECE values (182, 14, 23);
insert into OFRECE values (332, 7, 40);
insert into OFRECE values (302, 15, 36);
insert into OFRECE values (326, 3, 15);
insert into OFRECE values (106, 14, 13);
insert into OFRECE values (95, 10, 33);
insert into OFRECE values (66, 7, 16);
insert into OFRECE values (157, 2, 31);
insert into OFRECE values (272, 2, 29);
insert into OFRECE values (20, 3, 25);
insert into OFRECE values (271, 10, 34);
insert into OFRECE values (64, 4, 18);
insert into OFRECE values (19, 8, 33);
insert into OFRECE values (348, 15, 23);
insert into OFRECE values (143, 11, 39);
insert into OFRECE values (152, 10, 40);
insert into OFRECE values (337, 14, 18);
insert into OFRECE values (219, 12, 30);
insert into OFRECE values (94, 2, 26);
insert into OFRECE values (255, 8, 19);
insert into OFRECE values (199, 2, 38);
insert into OFRECE values (334, 1, 25);
insert into OFRECE values (86, 7, 20);
insert into OFRECE values (166, 11, 31);
insert into OFRECE values (58, 14, 21);
insert into OFRECE values (183, 8, 34);
insert into OFRECE values (188, 3, 32);
insert into OFRECE values (186, 5, 22);
insert into OFRECE values (43, 5, 17);
insert into OFRECE values (216, 15, 35);
insert into OFRECE values (108, 14, 21);
insert into OFRECE values (180, 8, 25);
insert into OFRECE values (141, 14, 13);
insert into OFRECE values (96, 5, 18);
insert into OFRECE values (207, 3, 26);
insert into OFRECE values (138, 8, 13);
insert into OFRECE values (179, 6, 27);
insert into OFRECE values (281, 1, 16);
insert into OFRECE values (256, 4, 35);
insert into OFRECE values (167, 5, 15);
insert into OFRECE values (65, 13, 24);
insert into OFRECE values (26, 13, 12);
insert into OFRECE values (315, 11, 27);
insert into OFRECE values (146, 8, 19);
insert into OFRECE values (295, 13, 28);
insert into OFRECE values (273, 1, 36);
insert into OFRECE values (329, 5, 27);
insert into OFRECE values (286, 13, 12);
insert into OFRECE values (271, 4, 18);
insert into OFRECE values (216, 3, 32);
insert into OFRECE values (36, 6, 13);
insert into OFRECE values (56, 10, 28);
insert into OFRECE values (283, 10, 20);
insert into OFRECE values (294, 8, 34);
insert into OFRECE values (91, 8, 14);
insert into OFRECE values (86, 3, 28);
insert into OFRECE values (60, 12, 29);
insert into OFRECE values (169, 15, 18);
insert into OFRECE values (98, 4, 24);


/************ CARGA DE LA TABLA CLIENTE (DNI, NOMBRE, FECHA_NAC, TELEFONO) ************/
insert into CLIENTE values ('47545518L', 'Beatriz González Fernández', '1990-01-07', '632205562');
insert into CLIENTE values ('98565142Z', 'Ángel Alonso Méndez', '1995-05-03', '635735058');
insert into CLIENTE values ('40615847K', 'Alicia Gil Sánchez', '1979-03-31', '981210010');
insert into CLIENTE values ('43886606H', 'Rafael Gómez Vázquez', '1990-09-21', '637842229');
insert into CLIENTE values ('09451662W', 'Laura Díaz Ramírez', '1956-08-01', '908060005');
insert into CLIENTE values ('76005952Q', 'Sofía Santos González', '1965-07-08', '993144793');
insert into CLIENTE values ('57133438P', 'Emma Morales López', '1961-09-17', '926678611');
insert into CLIENTE values ('53055913W', 'Adriana Torres López', '1980-08-10', '688389436');
insert into CLIENTE values ('93913105M', 'Ángel Fernández Alonso', '1988-05-23', '662319946');
insert into CLIENTE values ('20714820J', 'Lorena Ortiz Domínguez', '1980-03-16', '677156289');
insert into CLIENTE values ('96327385E', 'Juan Pérez Navarro', '1993-09-13', '914752921');
insert into CLIENTE values ('72423278E', 'Juan Carlos Vidal Romero', '1981-02-12', '986018921');
insert into CLIENTE values ('62862371N', 'Celia Jiménez Calvo', '1957-04-15', '679812654');
insert into CLIENTE values ('00913405G', 'Luisa Santos Ortiz', '1958-02-28', '980475596');
insert into CLIENTE values ('43998804M', 'Miguel Ruiz Cortés', '1964-11-01', '924018239');
insert into CLIENTE values ('84322266M', 'Mateo Castillo Ruiz', '1957-11-11', '610428859');
insert into CLIENTE values ('54762125Z', 'Pablo Cano Ortiz', '1992-05-31', '669984539');
insert into CLIENTE values ('46831284V', 'Lorena Sánchez García', '1989-03-23', '909437834');
insert into CLIENTE values ('98366460Q', 'Silvia Castro Moreno', '1955-03-25', '623012001');
insert into CLIENTE values ('59502574L', 'Rafael Álvarez García', '1980-07-14', '940055002');
insert into CLIENTE values ('04847435B', 'Enrique Moreno Ortega', '1966-01-23', '953742129');
insert into CLIENTE values ('39412223Y', 'Rosa Ortega Iglesias', '1987-03-31', '920348407');
insert into CLIENTE values ('29068791M', 'Andrea Ramírez Nuñez', '1982-11-10', '920780313');
insert into CLIENTE values ('53159737Y', 'Emma Rubio Romero', '1978-07-22', '941332683');
insert into CLIENTE values ('00564033E', 'Claudia Moreno Domínguez', '1981-03-09', '911861119');
insert into CLIENTE values ('64800947M', 'Natalia Serrano Castillo', '1960-02-05', '965940229');
insert into CLIENTE values ('77857698H', 'Rosa Vázquez Romero', '1955-11-03', '900942445');
insert into CLIENTE values ('49882121X', 'Víctor Sánchez Vidal', '1979-12-16', '995050175');
insert into CLIENTE values ('31081897W', 'Carmen Medina Calvo', '1972-03-05', '942217240');
insert into CLIENTE values ('59665978Z', 'Mercedes Calvo Molina', '1966-04-24', '950433881');
insert into CLIENTE values ('31561705B', 'Hugo Delgado Ortega', '1965-10-03', '903156876');
insert into CLIENTE values ('97111720S', 'Francisco Santos Vázquez', '1961-10-20', '608996096');
insert into CLIENTE values ('92743917F', 'Francisco Rodríguez Marín', '1987-06-08', '681593735');
insert into CLIENTE values ('36155397V', 'Antonio Martínez Cortés', '1992-07-27', '699362107');
insert into CLIENTE values ('53250948Q', 'Fernando Díaz Vidal', '1961-09-10', '662661217');
insert into CLIENTE values ('07522235S', 'José Gallego Cano', '1969-07-27', '921929844');
insert into CLIENTE values ('39813929K', 'Alba Martínez Ortega', '1982-12-30', '667748520');
insert into CLIENTE values ('78971814D', 'Lorena Rubio Martínez', '1989-10-01', '952006665');
insert into CLIENTE values ('52832683E', 'Javier Prieto Calvo', '1975-11-09', '616435152');
insert into CLIENTE values ('51048855L', 'Claudia Romero Castro', '1971-07-17', '678582303');
insert into CLIENTE values ('69135462R', 'Patricia Ruiz Martínez', '1982-03-02', '609196733');
insert into CLIENTE values ('48399274G', 'Óscar García Cano', '1969-02-02', '694437024');
insert into CLIENTE values ('57081922S', 'Irene Gutiérrez Gallego', '1997-01-29', '652460415');
insert into CLIENTE values ('37378215V', 'Luisa Díaz García', '1996-07-03', '663258714');
insert into CLIENTE values ('52507680Q', 'Marta Marín Rodríguez', '1957-05-06', '958061768');
insert into CLIENTE values ('23268145M', 'Andrea Muñoz Rodríguez', '1970-07-21', '601071626');
insert into CLIENTE values ('05232437G', 'Isabel Lozano Rodríguez', '1979-11-19', '967439793');
insert into CLIENTE values ('36721432A', 'Raúl Cano Torres', '1975-05-17', '692767285');
insert into CLIENTE values ('53670547B', 'Pedro Molina Moreno', '1957-08-04', '600737445');
insert into CLIENTE values ('40427787X', 'Adriana Ramos Álvarez', '1988-12-26', '976473721');
insert into CLIENTE values ('49769393R', 'Alicia Romero Castillo', '1976-03-06', '928868609');
insert into CLIENTE values ('64254394H', 'Hugo Prieto Ramírez', '1972-10-12', '955832370');
insert into CLIENTE values ('41569146E', 'Eva Jiménez Martínez', '1989-09-21', '918382798');
insert into CLIENTE values ('54294999D', 'Jorge Morales Vázquez', '1956-04-06', '627868469');
insert into CLIENTE values ('44474676N', 'Luisa Vidal Méndez', '1997-04-03', '632852259');
insert into CLIENTE values ('07562595M', 'Marina Suárez Medina', '1977-04-24', '695693700');
insert into CLIENTE values ('89172695S', 'Claudia Guerrero Ortega', '1987-05-18', '966722891');
insert into CLIENTE values ('83905947R', 'Sofía Moreno Rodríguez', '1988-08-22', '647934016');
insert into CLIENTE values ('40046500E', 'Lucía Delgado Iglesias', '1989-09-17', '999453343');
insert into CLIENTE values ('25478059S', 'Andrea Castillo Domínguez', '1970-07-10', '619059741');
insert into CLIENTE values ('21323863M', 'Gloria Ramírez Ortega', '1956-07-03', '639707205');
insert into CLIENTE values ('52471912M', 'Cristina Blanco Castro', '1996-06-29', '925353295');
insert into CLIENTE values ('03360706R', 'Sofía Ruiz Rubio', '1979-07-13', '956321345');
insert into CLIENTE values ('29415532E', 'Lucas Ruiz Rubio', '1992-07-08', '938541200');
insert into CLIENTE values ('37255768A', 'Luisa Sánchez Rodríguez', '1964-04-18', '690924977');
insert into CLIENTE values ('54282111V', 'Óscar Santos Martín', '1963-03-20', '969369223');
insert into CLIENTE values ('01351505C', 'Mateo Marín Ramos', '1959-01-07', '666513603');
insert into CLIENTE values ('69751320C', 'Carmen María Medina Moreno', '1972-12-04', '948989338');
insert into CLIENTE values ('94076435V', 'Raquel Jiménez Torres', '1999-08-25', '922079649');
insert into CLIENTE values ('03458292P', 'Manuel Fernández Prieto', '1967-09-03', '925184893');
insert into CLIENTE values ('29689240P', 'Patricia Rubio Romero', '1989-09-15', '640791528');
insert into CLIENTE values ('52549104R', 'Rafael Calvo Muñoz', '1970-10-01', '901599959');
insert into CLIENTE values ('23691443T', 'David Fernández Romero', '1984-07-08', '616296621');
insert into CLIENTE values ('15436032W', 'Carlos Lozano Calvo', '1981-08-15', '670175688');
insert into CLIENTE values ('42472045R', 'Ángel Gil Blanco', '1995-05-04', '921179286');
insert into CLIENTE values ('97736209K', 'Daniel Pérez Rubio', '1971-02-06', '678275586');
insert into CLIENTE values ('73454716H', 'Miriam Blanco Romero', '1990-02-07', '684549080');
insert into CLIENTE values ('97422552D', 'Joaquín Serrano Cano', '1965-01-19', '929319439');
insert into CLIENTE values ('83985381H', 'Luisa Moreno Vidal', '1978-07-03', '932694959');
insert into CLIENTE values ('86129506D', 'Jaime Torres González', '1974-07-07', '660379043');
insert into CLIENTE values ('23819293L', 'Fernando Santos Serrano', '1981-05-14', '679030086');
insert into CLIENTE values ('52170443D', 'Cristina Cano García', '1964-11-25', '645806797');
insert into CLIENTE values ('52920803M', 'Laura Sánchez Iglesias', '1986-02-09', '987842710');
insert into CLIENTE values ('11707557F', 'Luisa Jiménez Calvo', '1987-10-07', '983335093');
insert into CLIENTE values ('00975808L', 'Carmen María González Navarro', '1957-08-26', '988850031');
insert into CLIENTE values ('17060476W', 'Manuel Martín Sanz', '1969-09-29', '670436964');
insert into CLIENTE values ('36605651B', 'Enrique Blanco Vidal', '1998-05-23', '911438109');
insert into CLIENTE values ('54872971J', 'Beatriz Suárez Marín', '1964-07-18', '903990159');
insert into CLIENTE values ('15159492J', 'Miriam Lozano Jiménez', '1981-07-17', '964081693');
insert into CLIENTE values ('54824807G', 'Álvaro Fernández Méndez', '1988-10-15', '618887000');
insert into CLIENTE values ('38583379F', 'Andrea Torres Santos', '1971-12-23', '953837398');
insert into CLIENTE values ('09347370K', 'David Sánchez Vázquez', '1966-09-28', '903543241');
insert into CLIENTE values ('28577365D', 'Carla Fernández Sánchez', '1983-04-18', '699301745');
insert into CLIENTE values ('23488734H', 'Sofía Marín Ramos', '1970-10-08', '908764274');
insert into CLIENTE values ('60360886J', 'Jorge Calvo Morales', '1958-04-17', '920216128');
insert into CLIENTE values ('55189313J', 'Isabel Morales Gómez', '1997-12-27', '979468849');
insert into CLIENTE values ('68175866C', 'Rubén Delgado Alonso', '1999-03-08', '952205377');
insert into CLIENTE values ('21885852V', 'Juan Martín Iglesias', '1975-05-03', '695323469');
insert into CLIENTE values ('22120731Y', 'Marta Sánchez Ramos', '1962-03-08', '934230922');
insert into CLIENTE values ('70452473A', 'Mateo Domínguez González', '1983-06-16', '944404574');
insert into CLIENTE values ('94407738G', 'Verónica Méndez Rodríguez', '1983-03-30', '639186885');
insert into CLIENTE values ('03186492D', 'Eva Rubio Ramos', '1963-05-07', '632123488');
insert into CLIENTE values ('33487838Z', 'Marina Prieto Medina', '1980-08-21', '965208662');
insert into CLIENTE values ('91462412Q', 'Ángel Álvarez Guerrero', '1963-07-01', '625734123');
insert into CLIENTE values ('10742957C', 'Rubén Gil Vázquez', '1995-08-13', '628516437');
insert into CLIENTE values ('44055162W', 'Diego Gallego Pérez', '1996-03-22', '639335499');
insert into CLIENTE values ('81649325R', 'Gloria Serrano González', '1993-02-21', '687350246');
insert into CLIENTE values ('76128127N', 'Raúl Domínguez García', '1987-01-27', '921487050');
insert into CLIENTE values ('62277212X', 'Emma Santos Díaz', '1972-04-06', '933364284');
insert into CLIENTE values ('22633060C', 'Sara Gallego Rodríguez', '1989-07-05', '927419156');
insert into CLIENTE values ('86618517M', 'Daniel Navarro Guerrero', '1965-03-06', '693347669');
insert into CLIENTE values ('51682208P', 'Ángel Prieto Jiménez', '1985-08-13', '908966362');
insert into CLIENTE values ('95836417T', 'Juan Carlos Lozano Morales', '1992-03-03', '665246646');
insert into CLIENTE values ('87800564W', 'Jorge López Jiménez', '1994-02-17', '663994413');
insert into CLIENTE values ('39695859Y', 'Cristina Torres Morales', '1983-06-13', '958396477');
insert into CLIENTE values ('41433864J', 'Lucía Martínez Méndez', '1978-11-12', '980114268');
insert into CLIENTE values ('43155256M', 'Alicia Prieto Santos', '1961-08-06', '671837189');
insert into CLIENTE values ('67575761N', 'Laura Marín Castro', '1965-08-21', '667775205');
insert into CLIENTE values ('57743168P', 'Irene Vidal García', '1993-07-08', '949922879');
insert into CLIENTE values ('12280217M', 'Manuel Cortés Ortiz', '1959-10-30', '985813496');
insert into CLIENTE values ('40138364G', 'Jaime Hernández Ruiz', '1983-09-29', '677894828');
insert into CLIENTE values ('14342197V', 'Lucas Muñoz Ramos', '1977-08-04', '926810213');
insert into CLIENTE values ('02874559W', 'Manuel Guerrero Castillo', '1989-07-22', '671549673');
insert into CLIENTE values ('79707508W', 'Isabel Alonso Rodríguez', '1991-08-08', '999708514');
insert into CLIENTE values ('16590231K', 'Leo Moreno Lozano', '1988-11-06', '632489371');
insert into CLIENTE values ('69485859H', 'Jaime Navarro Lozano', '1986-07-14', '968722018');
insert into CLIENTE values ('47500104Y', 'Beatriz Vidal Hernández', '1995-11-21', '997215953');
insert into CLIENTE values ('78604700R', 'Valentina Guerrero Ortiz', '1989-08-24', '952059257');
insert into CLIENTE values ('81846458R', 'Verónica Gutiérrez Castro', '1976-07-03', '996346220');
insert into CLIENTE values ('48877398G', 'María Suárez Nuñez', '1989-04-24', '905501453');
insert into CLIENTE values ('33006734K', 'Rafael Guerrero García', '1965-01-08', '645527246');
insert into CLIENTE values ('78381396V', 'Valentina Castillo Rubio', '1966-02-19', '941788889');
insert into CLIENTE values ('83448052E', 'Pablo Sanz Díaz', '1984-10-22', '914420097');
insert into CLIENTE values ('88831254L', 'Isabel Ortiz Castro', '1985-12-10', '946625988');
insert into CLIENTE values ('67337366N', 'Isabel Pérez Gómez', '1975-07-23', '616226046');
insert into CLIENTE values ('88756812W', 'Hugo Cortés Gallego', '1981-09-20', '925452990');
insert into CLIENTE values ('50662082F', 'Patricia Delgado Martín', '1991-09-27', '976670546');
insert into CLIENTE values ('56205026V', 'Sara Morales Martínez', '1985-01-04', '999575661');
insert into CLIENTE values ('93212025T', 'Hugo Serrano Prieto', '1975-03-21', '911355797');
insert into CLIENTE values ('52515981P', 'Silvia Gómez Ortiz', '1973-05-10', '930167882');
insert into CLIENTE values ('97878151V', 'Juan Prieto Ramos', '1964-04-08', '948958491');
insert into CLIENTE values ('63285547P', 'Alba Cano Molina', '1985-05-29', '943863540');
insert into CLIENTE values ('70641980L', 'Mercedes Navarro Ramírez', '1960-07-25', '932938487');
insert into CLIENTE values ('96202309C', 'María Navarro Romero', '1958-12-21', '628236512');
insert into CLIENTE values ('28957121G', 'Daniel Ruiz Pérez', '1980-07-16', '600914568');
insert into CLIENTE values ('56250512L', 'Marta Lozano Alonso', '1989-09-30', '957787032');
insert into CLIENTE values ('27782334N', 'Alejandro Alonso Gil', '1985-07-28', '655689061');
insert into CLIENTE values ('41569757T', 'Juan Carlos Ramírez Alonso', '1991-06-30', '990482065');
insert into CLIENTE values ('67189821N', 'Francisco Álvarez Sanz', '1976-09-16', '945649411');
insert into CLIENTE values ('68179293C', 'Jesús Ramírez Gallego', '1967-09-01', '668841743');
insert into CLIENTE values ('02795829V', 'Mercedes Torres Ortiz', '1999-02-25', '910458622');
insert into CLIENTE values ('30669120A', 'Patricia Ruiz Morales', '1999-09-20', '628435167');
insert into CLIENTE values ('29433229Q', 'Ana Rodríguez Marín', '1981-04-16', '922325934');
insert into CLIENTE values ('50347026D', 'Carla Guerrero Sánchez', '1984-06-15', '980550866');
insert into CLIENTE values ('07954683V', 'Víctor Sánchez Rodríguez', '1974-11-02', '695938240');
insert into CLIENTE values ('03113693Z', 'Sara Medina Delgado', '1957-07-13', '939249309');
insert into CLIENTE values ('09511816F', 'Irene Iglesias Muñoz', '1979-12-20', '641441470');
insert into CLIENTE values ('89771451N', 'Julia Gil Delgado', '1993-08-07', '671661503');
insert into CLIENTE values ('92126794V', 'Luisa Martín Torres', '1989-06-06', '954102552');
insert into CLIENTE values ('30294366J', 'Alejandro López Rodríguez', '1963-05-07', '654625286');
insert into CLIENTE values ('61175369R', 'Emma Guerrero Castillo', '1969-10-20', '972242266');
insert into CLIENTE values ('86671934Z', 'Emma Suárez Medina', '1997-05-11', '941285717');
insert into CLIENTE values ('05015147X', 'Fernando Sanz Serrano', '1990-09-22', '652908094');
insert into CLIENTE values ('03053910S', 'Enrique Serrano Vázquez', '1983-08-03', '981979781');
insert into CLIENTE values ('88855588L', 'Paula Fernández Ramírez', '1987-09-15', '676114286');
insert into CLIENTE values ('69672177C', 'Ignacio Vázquez Navarro', '1985-09-23', '990252528');
insert into CLIENTE values ('55688037A', 'Álvaro Medina Pérez', '1966-02-14', '675136345');
insert into CLIENTE values ('56964545J', 'Pablo Guerrero Martínez', '1984-07-10', '912261731');
insert into CLIENTE values ('92279131D', 'Adriana Nuñez Muñoz', '1959-04-25', '930466066');
insert into CLIENTE values ('07400741J', 'Mateo Torres Blanco', '1978-01-14', '952398077');
insert into CLIENTE values ('28543499S', 'Manuel Ramírez Calvo', '1959-03-05', '675751363');
insert into CLIENTE values ('33720691A', 'Lucas Rubio Ortega', '1963-11-19', '997526003');
insert into CLIENTE values ('85103978Z', 'Irene Navarro Domínguez', '1995-10-21', '636999178');
insert into CLIENTE values ('52812893T', 'Adriana Nuñez Vidal', '1964-08-06', '694326946');
insert into CLIENTE values ('83005273Y', 'Miriam Nuñez Ramos', '1992-12-02', '947159320');
insert into CLIENTE values ('61746131K', 'Andrea Castro Méndez', '1991-08-21', '963022211');
insert into CLIENTE values ('02860535C', 'Carlos Domínguez Ruiz', '1979-01-29', '681013935');
insert into CLIENTE values ('21361326H', 'Hugo Sánchez Romero', '1976-02-28', '965506300');
insert into CLIENTE values ('28025131Z', 'Antonio García Suárez', '1984-11-02', '651327307');
insert into CLIENTE values ('02423356H', 'María Calvo Cortés', '1974-12-20', '905581398');
insert into CLIENTE values ('33778649Y', 'Rosa Iglesias Marín', '1967-01-04', '914164866');
insert into CLIENTE values ('66529222X', 'María Vázquez Gómez', '1971-02-25', '628619756');
insert into CLIENTE values ('28239828Q', 'Raquel Prieto Prieto', '1987-03-29', '682127691');
insert into CLIENTE values ('10232017H', 'Mateo Ortiz Vázquez', '1959-05-10', '972064426');
insert into CLIENTE values ('41975889R', 'Celia Gallego Guerrero', '1985-12-14', '604196946');
insert into CLIENTE values ('15043770Z', 'Patricia Suárez Medina', '1998-09-30', '985434979');
insert into CLIENTE values ('10426607T', 'Joaquín Ortiz Ramos', '1982-10-29', '609843056');
insert into CLIENTE values ('03856744P', 'Julia Gutiérrez García', '1991-06-19', '626265672');
insert into CLIENTE values ('86001889N', 'Sofía Guerrero Sanz', '1962-12-22', '949526719');
insert into CLIENTE values ('42177875R', 'Verónica Suárez Rubio', '1972-10-16', '687240263');
insert into CLIENTE values ('62922195Q', 'Sofía Santos Blanco', '1990-11-07', '694860370');
insert into CLIENTE values ('57393102G', 'Jorge Méndez Calvo', '1977-01-30', '620390449');
insert into CLIENTE values ('55257071J', 'Rosa Alonso Romero', '1959-06-11', '630692460');
insert into CLIENTE values ('23815735T', 'Jorge Guerrero Serrano', '1965-01-01', '670397216');
insert into CLIENTE values ('87897532W', 'Beatriz Martínez Fernández', '1985-07-27', '602226553');
insert into CLIENTE values ('68027739V', 'Beatriz Pérez García', '1968-12-22', '925903757');
insert into CLIENTE values ('94534180T', 'Mariano Serrano Delgado', '1965-07-27', '671951798');
insert into CLIENTE values ('95001242V', 'Irene Gallego Pérez', '1990-01-10', '917709052');
insert into CLIENTE values ('69007223B', 'Celia Delgado López', '1993-09-04', '672286210');
insert into CLIENTE values ('11695805G', 'Óscar García Rodríguez', '1976-08-22', '646388852');
insert into CLIENTE values ('02264604B', 'Alicia Cano Molina', '1994-05-23', '636744772');
insert into CLIENTE values ('75649694D', 'Francisco García Ruiz', '1978-09-10', '639583118');
insert into CLIENTE values ('74862602T', 'Miriam Delgado Navarro', '1967-01-02', '944040939');
insert into CLIENTE values ('93118563E', 'Laura Romero Martínez', '1961-06-10', '653948924');
insert into CLIENTE values ('60002680E', 'Jesús Muñoz Alonso', '1957-07-16', '967695378');
insert into CLIENTE values ('21364775G', 'Isabel Álvarez Serrano', '1998-12-21', '675822190');
insert into CLIENTE values ('28975520F', 'Leo López Prieto', '1973-09-10', '697803270');
insert into CLIENTE values ('53321745T', 'Jorge Alonso Ortega', '1972-12-04', '641367155');
insert into CLIENTE values ('66161033R', 'Álvaro Pérez López', '1997-07-15', '621404784');
insert into CLIENTE values ('75495401T', 'Miriam Domínguez Gutiérrez', '1998-09-23', '993313578');
insert into CLIENTE values ('13356737S', 'Lorena Blanco Rodríguez', '1956-12-02', '910031079');
insert into CLIENTE values ('26411772Y', 'Julia Díaz Cortés', '1977-06-27', '930583281');
insert into CLIENTE values ('72891239H', 'Enrique Santos Alonso', '1959-07-03', '611548563');
insert into CLIENTE values ('44761104Z', 'Claudia Rubio Torres', '1994-05-31', '685947405');
insert into CLIENTE values ('25340996L', 'Claudia Álvarez Guerrero', '1987-05-21', '993809010');
insert into CLIENTE values ('33090966R', 'Juan López Castro', '1971-03-07', '938964622');
insert into CLIENTE values ('39595009D', 'Rosa Sanz Ortega', '1991-08-17', '681984209');
insert into CLIENTE values ('97860658F', 'Silvia García García', '1957-06-30', '964719969');
insert into CLIENTE values ('97492403D', 'Mateo Ramírez Cortés', '1976-07-18', '614172887');
insert into CLIENTE values ('33138183N', 'Patricia Martínez Navarro', '1958-04-15', '980008533');
insert into CLIENTE values ('39913933K', 'Andrea Rubio Gutiérrez', '1955-01-31', '651808030');
insert into CLIENTE values ('74617874K', 'Beatriz Marín Domínguez', '1983-11-13', '973264434');
insert into CLIENTE values ('19287838R', 'Julia Vázquez García', '1959-02-28', '662957939');
insert into CLIENTE values ('21755332A', 'Miguel Torres Ortega', '1988-06-27', '614871720');
insert into CLIENTE values ('84713279B', 'Miriam Álvarez Méndez', '1970-06-04', '689243198');
insert into CLIENTE values ('14474634Y', 'Alba Méndez García', '1981-01-31', '984397170');
insert into CLIENTE values ('23094948E', 'Claudia Alonso González', '1980-07-15', '666425085');
insert into CLIENTE values ('86101061K', 'David Martínez Gutiérrez', '1995-04-20', '603588200');
insert into CLIENTE values ('54588432C', 'Mariano Álvarez Navarro', '1955-05-19', '694209485');
insert into CLIENTE values ('69570469A', 'Carlos López Lozano', '1968-11-04', '699176314');
insert into CLIENTE values ('47951629L', 'Juan Carlos Calvo Torres', '1999-09-24', '994934472');
insert into CLIENTE values ('07951557X', 'Laura Molina Torres', '1998-10-05', '982836375');
insert into CLIENTE values ('04287342E', 'Sara Hernández Jiménez', '1986-07-19', '904816461');
insert into CLIENTE values ('34137663F', 'David Castro Marín', '1967-07-12', '663252933');
insert into CLIENTE values ('37896972L', 'Alejandro Álvarez Cano', '1985-10-03', '910706575');
insert into CLIENTE values ('52716527Y', 'Ana Navarro García', '1982-12-17', '603215004');
insert into CLIENTE values ('35138231E', 'Marina Gallego Santos', '1989-12-07', '651692899');
insert into CLIENTE values ('69948359A', 'Alicia Sánchez Sanz', '1968-07-04', '981097127');
insert into CLIENTE values ('54466599A', 'Francisco García Muñoz', '1991-05-12', '618277431');
insert into CLIENTE values ('09943837T', 'Rosa Castro López', '1991-07-04', '936298541');
insert into CLIENTE values ('11003164L', 'Patricia Prieto Cano', '1961-03-16', '963223759');
insert into CLIENTE values ('80830975F', 'Guillermo Hernández Álvarez', '1964-05-01', '967221294');
insert into CLIENTE values ('35640404V', 'Mariano Suárez Muñoz', '1971-06-06', '936786000');
insert into CLIENTE values ('43092221W', 'Ángel Castillo Prieto', '1985-05-29', '982477748');
insert into CLIENTE values ('83450930H', 'Antonio Domínguez Navarro', '1994-01-28', '666202866');
insert into CLIENTE values ('35897021B', 'Marta Romero Méndez', '1958-05-03', '917855029');
insert into CLIENTE values ('09191843J', 'Javier Pérez Iglesias', '1983-08-23', '634662336');
insert into CLIENTE values ('28864068M', 'Lucas Torres Cortés', '1971-04-11', '695278546');
insert into CLIENTE values ('90124228S', 'Emma Iglesias Castro', '1967-07-09', '964222888');
insert into CLIENTE values ('98531793A', 'Gloria Marín Vázquez', '1976-08-22', '960326863');
insert into CLIENTE values ('91591931X', 'Marta Serrano Vidal', '1987-01-05', '981541789');
insert into CLIENTE values ('48731463G', 'Jaime González Molina', '1984-01-12', '906655709');
insert into CLIENTE values ('96476340M', 'Rafael Romero Molina', '1956-01-24', '973419582');
insert into CLIENTE values ('39046967F', 'Javier Vázquez Nuñez', '1997-06-25', '989567381');
insert into CLIENTE values ('57769267G', 'Patricia Jiménez Muñoz', '1997-05-17', '688832356');
insert into CLIENTE values ('29048114M', 'José Antonio Martínez Domínguez', '1980-02-16', '617087010');
insert into CLIENTE values ('35946458M', 'Mateo Suárez Marín', '1981-02-06', '643880604');
insert into CLIENTE values ('27403130L', 'María Delgado Blanco', '1989-08-02', '946607202');
insert into CLIENTE values ('00162438P', 'Ángel Vidal Moreno', '1982-09-24', '638149928');
insert into CLIENTE values ('10322807S', 'Joaquín Prieto Cano', '1973-02-04', '664815475');
insert into CLIENTE values ('84253573W', 'Rosa Méndez Cano', '1986-08-12', '901584199');
insert into CLIENTE values ('23205557G', 'José Antonio Medina Rubio', '1981-05-18', '679782436');
insert into CLIENTE values ('76444316Y', 'Isabel Ramírez Cano', '1974-08-21', '969632280');
insert into CLIENTE values ('60173658A', 'Miguel Romero Ortega', '1996-07-27', '935959330');
insert into CLIENTE values ('05806915N', 'Hugo Pérez Muñoz', '1979-01-07', '923406093');
insert into CLIENTE values ('66165435B', 'Gloria Castro Navarro', '1961-07-24', '666606743');
insert into CLIENTE values ('49890032W', 'Laura Díaz Moreno', '1960-07-04', '681180636');
insert into CLIENTE values ('49613436Y', 'Ángel Marín Sanz', '1992-07-17', '607263552');
insert into CLIENTE values ('77099551K', 'Óscar Prieto Ramírez', '1992-06-21', '996727939');
insert into CLIENTE values ('51916482J', 'Miguel Gil González', '1977-03-28', '909913563');
insert into CLIENTE values ('87458218F', 'Raúl Prieto Romero', '1987-10-06', '680817368');
insert into CLIENTE values ('75791472K', 'Mercedes Ortega Castillo', '1996-09-14', '928941422');
insert into CLIENTE values ('26080468K', 'Laura Sánchez Cano', '1999-02-24', '996053781');
insert into CLIENTE values ('57463306Q', 'Sofía Hernández Ortiz', '1995-12-24', '919319186');
insert into CLIENTE values ('73773061K', 'Patricia Pérez Moreno', '1957-02-24', '643983848');
insert into CLIENTE values ('86942129N', 'Silvia Rodríguez Rodríguez', '1986-08-11', '902063711');
insert into CLIENTE values ('22291101H', 'Enrique Castro Marín', '1982-01-14', '639702117');
insert into CLIENTE values ('83770850X', 'Silvia González Castillo', '1965-06-18', '976534073');
insert into CLIENTE values ('41341278X', 'Celia Medina Torres', '1971-01-07', '920611811');
insert into CLIENTE values ('21772781R', 'Cristina Lozano Pérez', '1987-07-29', '631957974');
insert into CLIENTE values ('25668858H', 'Joaquín Rodríguez Moreno', '1996-10-14', '634677385');
insert into CLIENTE values ('84000725L', 'Adriana Ramos Gutiérrez', '1983-01-11', '686205604');
insert into CLIENTE values ('37474348M', 'Ana Vidal Fernández', '1969-10-16', '989481569');
insert into CLIENTE values ('60485015G', 'Ignacio Nuñez Ortega', '1977-10-14', '609091108');
insert into CLIENTE values ('48741576Z', 'Claudia Muñoz Gutiérrez', '1967-04-17', '900351588');
insert into CLIENTE values ('58749887Y', 'Manuel Iglesias Castillo', '1978-12-21', '997607580');
insert into CLIENTE values ('01539182Z', 'Jesús Ruiz Cortés', '1985-01-12', '947042803');
insert into CLIENTE values ('57163691X', 'Alejandro Sánchez Díaz', '1985-08-19', '979032608');
insert into CLIENTE values ('12975847G', 'Elena Molina Gil', '1996-07-07', '998180917');
insert into CLIENTE values ('95729578N', 'Emma Romero Gutiérrez', '1986-10-25', '930869536');
insert into CLIENTE values ('92275037D', 'Juan Moreno Alonso', '1996-09-01', '656661250');
insert into CLIENTE values ('28566800V', 'Jesús Cortés Ortiz', '1983-11-22', '910381989');
insert into CLIENTE values ('39051394S', 'Javier Torres Nuñez', '1975-04-07', '963561722');
insert into CLIENTE values ('06717159K', 'Javier Vidal Calvo', '1977-07-28', '621133738');
insert into CLIENTE values ('08014877Y', 'Álvaro Castillo Cortés', '1999-11-03', '963546971');
insert into CLIENTE values ('36951718L', 'Pedro Serrano Suárez', '1975-09-18', '602715587');
insert into CLIENTE values ('31000881K', 'Javier Ortiz Ortega', '1993-04-12', '916757752');
insert into CLIENTE values ('31140191J', 'Silvia Iglesias Ramírez', '1973-01-02', '664672978');
insert into CLIENTE values ('62071419J', 'Carla Ortiz Morales', '1969-03-09', '664049652');
insert into CLIENTE values ('39003561A', 'Rafael Morales Nuñez', '1988-01-12', '907599343');
insert into CLIENTE values ('01310017G', 'Jorge Martín Sanz', '1974-07-23', '619098719');
insert into CLIENTE values ('94585588X', 'Isabel García Martínez', '1955-07-17', '658356190');
insert into CLIENTE values ('73104373A', 'Marina Cortés Castro', '1989-07-06', '920314581');
insert into CLIENTE values ('45879836M', 'Fernando Santos Álvarez', '1962-07-05', '947631582');
insert into CLIENTE values ('17132958F', 'Rosa Vidal Gil', '1963-07-10', '662808551');
insert into CLIENTE values ('72048033E', 'Elena Prieto Ruiz', '1975-03-28', '908272326');
insert into CLIENTE values ('44352109N', 'Carmen Gil Prieto', '1966-08-10', '626992807');
insert into CLIENTE values ('10671936F', 'Mariano Gil Calvo', '1989-08-27', '988732983');
insert into CLIENTE values ('85208599S', 'Eva Lozano Gallego', '1998-10-24', '684802377');
insert into CLIENTE values ('45584059Q', 'Raúl Ramos Romero', '1996-06-11', '935758277');
insert into CLIENTE values ('49324137S', 'Silvia Serrano Jiménez', '1960-07-17', '981118796');
insert into CLIENTE values ('66143298N', 'Ignacio Molina Sanz', '1956-10-16', '650922802');
insert into CLIENTE values ('45530252E', 'Mateo Ortega González', '1955-12-02', '924444613');
insert into CLIENTE values ('05845314C', 'Javier Guerrero Suárez', '1991-05-15', '694424594');
insert into CLIENTE values ('47716164W', 'Juan Carlos Navarro Gallego', '1961-08-27', '952683094');
insert into CLIENTE values ('29241262F', 'Lucas Sánchez Gallego', '1983-04-20', '615948887');
insert into CLIENTE values ('42657655R', 'Luisa Gil Castro', '1989-06-17', '929060730');
insert into CLIENTE values ('80982751E', 'Paula Domínguez Martín', '1973-09-15', '616891071');
insert into CLIENTE values ('70835235W', 'Alicia Gómez Ramírez', '1993-07-07', '677290516');
insert into CLIENTE values ('43887138L', 'Jaime Romero Marín', '1976-01-12', '610580126');
insert into CLIENTE values ('52082492E', 'Ignacio Díaz Gallego', '1959-10-08', '927882991');
insert into CLIENTE values ('67724352B', 'Carlos Ruiz Jiménez', '1982-08-03', '628469475');
insert into CLIENTE values ('46138241M', 'Marina Gutiérrez Jiménez', '1977-05-11', '606263575');
insert into CLIENTE values ('66791748B', 'Jorge Delgado Hernández', '1964-02-04', '978608560');
insert into CLIENTE values ('36900198L', 'Francisco Gil García', '1981-08-28', '931687019');
insert into CLIENTE values ('61827508P', 'Juan Carlos Calvo Sánchez', '1960-10-05', '943486930');
insert into CLIENTE values ('12731069T', 'Pedro López Romero', '1965-04-28', '914037941');
insert into CLIENTE values ('96117956N', 'Verónica Ramírez Guerrero', '1991-04-14', '664405671');
insert into CLIENTE values ('40511104J', 'Andrea Morales Lozano', '1972-09-05', '980786213');
insert into CLIENTE values ('22042293N', 'Leo Morales Gómez', '1986-03-15', '908170788');
insert into CLIENTE values ('97108339S', 'Carmen María Cortés Nuñez', '1980-11-24', '990772429');
insert into CLIENTE values ('20592505H', 'Mercedes Ramos Marín', '1957-11-01', '973832901');
insert into CLIENTE values ('90328401V', 'Cristina Martínez Santos', '1975-10-03', '679725573');
insert into CLIENTE values ('28025530H', 'Sara Hernández Cano', '1982-01-12', '990129969');
insert into CLIENTE values ('28875972B', 'Juan Carlos Rubio Alonso', '1973-05-24', '699456562');
insert into CLIENTE values ('04084296C', 'Alejandro García Alonso', '1968-08-16', '658437704');
insert into CLIENTE values ('34061458Z', 'Javier Santos Ramírez', '1973-05-29', '963064558');
insert into CLIENTE values ('20307974K', 'Julia Alonso Castillo', '1956-07-12', '627910348');
insert into CLIENTE values ('75741951H', 'Rubén García Blanco', '1997-07-01', '680702112');
insert into CLIENTE values ('50263341R', 'Luisa Guerrero Medina', '1974-04-13', '960451276');
insert into CLIENTE values ('86015232S', 'Claudia Santos Domínguez', '1976-08-12', '656851646');
insert into CLIENTE values ('29267413F', 'Hugo Gallego Morales', '1969-10-02', '998421050');
insert into CLIENTE values ('38428473E', 'Enrique Jiménez Castillo', '1968-10-25', '919021801');
insert into CLIENTE values ('89531049H', 'Isabel Álvarez Gallego', '1958-01-05', '669448370');
insert into CLIENTE values ('16445251Y', 'Fernando Domínguez Romero', '1971-03-31', '921047186');
insert into CLIENTE values ('88148481R', 'Raúl Cortés Díaz', '1957-08-30', '981026114');
insert into CLIENTE values ('88013049H', 'Miriam Ramos Méndez', '1990-10-14', '990978933');
insert into CLIENTE values ('51296599Y', 'Natalia Díaz Iglesias', '1970-04-19', '956827526');
insert into CLIENTE values ('63953162G', 'Diego Gil Hernández', '1996-12-12', '984611700');
insert into CLIENTE values ('40585225A', 'Raquel Iglesias Cano', '1981-11-14', '923856086');
insert into CLIENTE values ('31654205V', 'Guillermo Gallego Sánchez', '1966-05-11', '647858394');
insert into CLIENTE values ('43065727Y', 'Laura Nuñez Méndez', '1971-12-15', '631494046');
insert into CLIENTE values ('50616911G', 'Emma Guerrero Rubio', '1966-06-08', '606419713');
insert into CLIENTE values ('03295320V', 'Miguel Calvo Gutiérrez', '1988-10-14', '927236020');
insert into CLIENTE values ('99743507F', 'Javier Prieto Álvarez', '1964-05-17', '697795794');
insert into CLIENTE values ('04312749W', 'Miriam Medina Gómez', '1981-01-04', '906472542');
insert into CLIENTE values ('22885776T', 'Isabel Vázquez Gil', '1963-03-05', '982296207');
insert into CLIENTE values ('35141940L', 'Pablo Nuñez Pérez', '1981-05-30', '924624221');
insert into CLIENTE values ('45072056Q', 'Marta Iglesias Blanco', '1976-08-23', '996921726');
insert into CLIENTE values ('48627658A', 'Alejandro Rubio Gómez', '1996-04-15', '960864048');
insert into CLIENTE values ('54929580Q', 'Carla Gutiérrez Medina', '1993-07-30', '956582949');
insert into CLIENTE values ('31985925K', 'Irene Iglesias Méndez', '1985-09-08', '920847652');
insert into CLIENTE values ('76251018R', 'Iván Rodríguez Rodríguez', '1964-04-29', '669650450');
insert into CLIENTE values ('49752652V', 'Diego López Lozano', '1990-08-16', '684143916');
insert into CLIENTE values ('88873915G', 'Enrique Sánchez Rodríguez', '1983-07-01', '934891170');
insert into CLIENTE values ('32716893Q', 'María Gómez Gallego', '1998-12-19', '937710204');
insert into CLIENTE values ('91808015W', 'Isabel Muñoz Serrano', '1978-03-06', '670486411');
insert into CLIENTE values ('94058251E', 'Raquel Vázquez Pérez', '1984-07-09', '935287766');
insert into CLIENTE values ('49019414X', 'Silvia Suárez Méndez', '1969-06-14', '674112983');
insert into CLIENTE values ('94908337L', 'Luisa Alonso Sánchez', '1976-07-07', '682310890');
insert into CLIENTE values ('57063918Y', 'Diego Marín Gil', '1975-11-30', '698173195');
insert into CLIENTE values ('46147454B', 'Adriana Serrano Vidal', '1960-05-15', '633933579');
insert into CLIENTE values ('77306181H', 'Sara Sánchez Pérez', '1997-02-17', '603021154');
insert into CLIENTE values ('05472815M', 'Andrea Ruiz López', '1962-03-18', '695692443');
insert into CLIENTE values ('61972424F', 'Ana Morales Gómez', '1979-12-29', '913874256');
insert into CLIENTE values ('10022632Q', 'Lucía Fernández Molina', '1967-01-26', '918967314');
insert into CLIENTE values ('87693985Z', 'Raúl Díaz Blanco', '1990-12-12', '984733212');
insert into CLIENTE values ('98458968S', 'Ignacio Serrano Rubio', '1968-05-13', '953605322');
insert into CLIENTE values ('79381738Y', 'Rubén Martín Moreno', '1967-01-28', '996872615');
insert into CLIENTE values ('33182668S', 'Sofía Méndez Sanz', '1976-08-01', '991280911');
insert into CLIENTE values ('04977394L', 'Juan Carlos Sánchez Jiménez', '1990-12-01', '981523122');
insert into CLIENTE values ('92501409K', 'Alejandro Sanz Suárez', '1961-06-09', '666460694');
insert into CLIENTE values ('75597504A', 'Miguel Prieto Fernández', '1982-11-25', '647264537');
insert into CLIENTE values ('14754838S', 'Verónica Gil Moreno', '1956-01-14', '627184346');
insert into CLIENTE values ('54725448H', 'Sara Muñoz Santos', '1963-05-27', '686267544');
insert into CLIENTE values ('25480870Y', 'Valentina Moreno Moreno', '1974-06-19', '996679973');
insert into CLIENTE values ('25004121S', 'David Romero López', '1982-02-26', '922618072');
insert into CLIENTE values ('86734154E', 'Claudia Suárez Ortiz', '1983-05-18', '949222047');
insert into CLIENTE values ('99444547Z', 'Carmen Ortega Sanz', '1989-10-16', '665528146');
insert into CLIENTE values ('80818021A', 'Mateo Gallego Lozano', '1987-05-03', '611058556');
insert into CLIENTE values ('28715652Q', 'Mateo Calvo Torres', '1978-12-06', '942535032');
insert into CLIENTE values ('96507952Y', 'Ángel Marín Molina', '1987-12-26', '997096995');
insert into CLIENTE values ('61370574W', 'Alicia Torres Cano', '1975-09-11', '947396707');
insert into CLIENTE values ('77056400G', 'Irene Sanz Muñoz', '1971-03-04', '613684334');
insert into CLIENTE values ('82420372L', 'Daniel Alonso Gallego', '1989-03-31', '652596519');
insert into CLIENTE values ('04720519Z', 'Sofía García Morales', '1978-08-26', '622674448');
insert into CLIENTE values ('16788863N', 'Sofía Morales Medina', '1989-06-03', '912246362');
insert into CLIENTE values ('23787544B', 'Álvaro Sanz Castro', '1983-07-07', '981605292');
insert into CLIENTE values ('41163429H', 'Enrique García López', '1979-01-24', '665927707');
insert into CLIENTE values ('99973228C', 'Mercedes Méndez Cortés', '1962-03-10', '990354064');


/************ CARGA DE LA TABLA VENTA (NUM_FACTURA, COD_CLIENTE, COD_COCHE, COD_CONCESIONARIO, PRECIO, FECHA) ************/
insert into VENTA values (1, '47545518L', 254, 7, 25849.20, '2014-06-14');
insert into VENTA values (2, '98565142Z', 313, 2, 40280.31, '2000-10-05');
insert into VENTA values (3, '40615847K', 348, 1, 30398.02, '2001-08-07');
insert into VENTA values (4, '43886606H', 274, 14, 23809.17, '2002-04-02');
insert into VENTA values (5, '09451662W', 269, 2, 48719.29, '1996-11-05');
insert into VENTA values (6, '76005952Q', 309, 15, 16737.35, '2008-10-03');
insert into VENTA values (7, '57133438P', 82, 3, 37735.73, '2015-12-31');
insert into VENTA values (8, '53055913W', 69, 6, 40827.08, '2016-06-04');
insert into VENTA values (9, '93913105M', 308, 4, 31874.51, '2008-11-04');
insert into VENTA values (10, '20714820J', 52, 1, 32502.21, '2001-02-11');
insert into VENTA values (11, '96327385E', 262, 4, 26677.27, '2017-05-01');
insert into VENTA values (12, '72423278E', 115, 14, 24891.23, '2011-11-10');
insert into VENTA values (13, '62862371N', 173, 15, 20091.10, '1995-08-30');
insert into VENTA values (14, '00913405G', 134, 1, 28041.16, '2015-04-18');
insert into VENTA values (15, '43998804M', 131, 14, 15190.26, '2002-09-26');
insert into VENTA values (16, '84322266M', 142, 12, 48080.23, '2005-11-04');
insert into VENTA values (17, '54762125Z', 45, 13, 22772.63, '2008-10-11');
insert into VENTA values (18, '46831284V', 340, 12, 16592.54, '2006-08-05');
insert into VENTA values (19, '98366460Q', 159, 11, 15072.10, '2007-09-24');
insert into VENTA values (20, '59502574L', 281, 1, 27898.73, '2002-11-16');
insert into VENTA values (21, '04847435B', 45, 15, 44926.60, '1996-02-08');
insert into VENTA values (22, '39412223Y', 312, 15, 30180.14, '2018-02-01');
insert into VENTA values (23, '29068791M', 341, 15, 37038.71, '2015-12-02');
insert into VENTA values (24, '53159737Y', 262, 4, 18636.16, '2015-06-04');
insert into VENTA values (25, '00564033E', 345, 3, 15598.99, '1998-08-12');
insert into VENTA values (26, '64800947M', 276, 4, 41115.59, '2006-01-20');
insert into VENTA values (27, '77857698H', 217, 7, 42842.53, '2010-05-14');
insert into VENTA values (28, '49882121X', 194, 2, 44239.99, '2000-09-11');
insert into VENTA values (29, '31081897W', 86, 7, 32719.80, '2013-11-13');
insert into VENTA values (30, '59665978Z', 148, 4, 17550.23, '2000-10-26');
insert into VENTA values (31, '31561705B', 322, 8, 31956.31, '2018-01-31');
insert into VENTA values (32, '97111720S', 312, 2, 35623.42, '2000-02-10');
insert into VENTA values (33, '92743917F', 260, 15, 18133.86, '2002-05-15');
insert into VENTA values (34, '36155397V', 191, 8, 49223.90, '2007-07-06');
insert into VENTA values (35, '53250948Q', 102, 14, 44947.24, '2021-02-13');
insert into VENTA values (36, '07522235S', 43, 5, 25513.37, '2011-07-01');
insert into VENTA values (37, '39813929K', 158, 11, 17525.43, '2004-01-22');
insert into VENTA values (38, '78971814D', 48, 4, 38050.01, '1995-05-03');
insert into VENTA values (39, '52832683E', 214, 9, 32813.85, '2019-07-31');
insert into VENTA values (40, '51048855L', 66, 15, 45668.84, '1995-05-11');
insert into VENTA values (41, '69135462R', 122, 4, 17781.04, '1998-08-22');
insert into VENTA values (42, '48399274G', 250, 4, 37424.96, '2022-05-21');
insert into VENTA values (43, '57081922S', 28, 5, 16678.08, '2021-08-18');
insert into VENTA values (44, '37378215V', 245, 11, 34175.59, '1998-07-03');
insert into VENTA values (45, '52507680Q', 332, 9, 31645.30, '1995-02-28');
insert into VENTA values (46, '23268145M', 23, 9, 19580.53, '2009-10-01');
insert into VENTA values (47, '05232437G', 197, 3, 26793.57, '2001-03-23');
insert into VENTA values (48, '36721432A', 121, 14, 47005.03, '2018-06-18');
insert into VENTA values (49, '53670547B', 315, 9, 45495.73, '2007-08-13');
insert into VENTA values (50, '40427787X', 309, 11, 23465.31, '2006-04-05');
insert into VENTA values (51, '49769393R', 338, 9, 47536.65, '2022-12-06');
insert into VENTA values (52, '64254394H', 283, 7, 33359.93, '1997-04-27');
insert into VENTA values (53, '41569146E', 333, 11, 32921.41, '2001-03-02');
insert into VENTA values (54, '54294999D', 117, 2, 27535.15, '2013-09-21');
insert into VENTA values (55, '44474676N', 102, 14, 49421.25, '2001-08-03');
insert into VENTA values (56, '07562595M', 80, 15, 40279.31, '2006-09-19');
insert into VENTA values (57, '89172695S', 271, 6, 47951.41, '2019-06-04');
insert into VENTA values (58, '83905947R', 267, 3, 23496.39, '2011-05-03');
insert into VENTA values (59, '40046500E', 123, 11, 39903.00, '1999-07-17');
insert into VENTA values (60, '25478059S', 54, 6, 49340.87, '2019-02-18');
insert into VENTA values (61, '21323863M', 12, 6, 28415.43, '2013-04-29');
insert into VENTA values (62, '52471912M', 224, 9, 43052.80, '2016-02-08');
insert into VENTA values (63, '03360706R', 302, 9, 18108.91, '2014-04-07');
insert into VENTA values (64, '29415532E', 88, 12, 33079.57, '2005-01-14');
insert into VENTA values (65, '37255768A', 219, 7, 35930.81, '2006-12-15');
insert into VENTA values (66, '54282111V', 202, 2, 36045.88, '2008-03-02');
insert into VENTA values (67, '01351505C', 42, 4, 23479.52, '2022-09-25');
insert into VENTA values (68, '69751320C', 199, 4, 29487.97, '1999-03-04');
insert into VENTA values (69, '94076435V', 15, 2, 30877.63, '1997-01-18');
insert into VENTA values (70, '03458292P', 76, 9, 49151.44, '2000-10-14');
insert into VENTA values (71, '29689240P', 48, 3, 47286.73, '2016-05-25');
insert into VENTA values (72, '52549104R', 327, 4, 43078.03, '2010-10-26');
insert into VENTA values (73, '23691443T', 6, 1, 39035.07, '2005-09-08');
insert into VENTA values (74, '15436032W', 280, 9, 32569.07, '2017-09-23');
insert into VENTA values (75, '42472045R', 277, 4, 35079.11, '2009-08-11');
insert into VENTA values (76, '97736209K', 300, 15, 48413.07, '2015-08-11');
insert into VENTA values (77, '73454716H', 66, 5, 33119.85, '1999-12-14');
insert into VENTA values (78, '97422552D', 99, 1, 43180.46, '2010-05-18');
insert into VENTA values (79, '83985381H', 234, 13, 45702.40, '2021-01-04');
insert into VENTA values (80, '86129506D', 276, 4, 30306.59, '2010-03-02');
insert into VENTA values (81, '23819293L', 9, 12, 25530.88, '2005-03-14');
insert into VENTA values (82, '52170443D', 58, 4, 27210.98, '2010-01-07');
insert into VENTA values (83, '52920803M', 329, 5, 36862.47, '1997-01-22');
insert into VENTA values (84, '11707557F', 155, 5, 19826.02, '2007-06-22');
insert into VENTA values (85, '00975808L', 182, 8, 18929.97, '2014-06-30');
insert into VENTA values (86, '17060476W', 167, 11, 17787.14, '2005-06-07');
insert into VENTA values (87, '36605651B', 103, 4, 17967.78, '2007-09-15');
insert into VENTA values (88, '54872971J', 82, 5, 33878.70, '2001-09-29');
insert into VENTA values (89, '15159492J', 146, 12, 32669.61, '2007-08-06');
insert into VENTA values (90, '54824807G', 12, 7, 29099.97, '1996-02-21');
insert into VENTA values (91, '38583379F', 134, 11, 33993.63, '1995-02-05');
insert into VENTA values (92, '09347370K', 170, 14, 17069.55, '2003-08-06');
insert into VENTA values (93, '28577365D', 264, 8, 38671.38, '2018-03-12');
insert into VENTA values (94, '23488734H', 14, 3, 17735.60, '1999-02-06');
insert into VENTA values (95, '60360886J', 298, 5, 44163.72, '2011-05-03');
insert into VENTA values (96, '55189313J', 315, 1, 21012.33, '2000-05-14');
insert into VENTA values (97, '68175866C', 141, 14, 48152.28, '2009-08-24');
insert into VENTA values (98, '21885852V', 163, 6, 17131.36, '2014-01-27');
insert into VENTA values (99, '22120731Y', 313, 2, 36897.69, '2010-04-17');
insert into VENTA values (100, '70452473A', 53, 15, 26432.55, '2014-05-18');
insert into VENTA values (101, '94407738G', 153, 9, 49705.67, '2009-07-05');
insert into VENTA values (102, '03186492D', 36, 5, 40189.73, '2002-02-05');
insert into VENTA values (103, '33487838Z', 261, 14, 20715.95, '1995-08-07');
insert into VENTA values (104, '91462412Q', 327, 5, 28774.50, '1996-07-28');
insert into VENTA values (105, '10742957C', 182, 8, 45899.32, '2015-08-21');
insert into VENTA values (106, '44055162W', 205, 8, 43210.35, '1998-03-21');
insert into VENTA values (107, '81649325R', 90, 12, 21782.56, '2011-09-13');
insert into VENTA values (108, '76128127N', 25, 11, 15192.74, '2012-03-02');
insert into VENTA values (109, '62277212X', 330, 12, 47499.49, '2005-04-06');
insert into VENTA values (110, '22633060C', 180, 4, 21035.32, '2018-06-16');
insert into VENTA values (111, '86618517M', 221, 1, 43029.21, '2018-05-01');
insert into VENTA values (112, '51682208P', 76, 12, 34703.34, '1999-05-05');
insert into VENTA values (113, '95836417T', 229, 8, 48737.59, '2020-11-19');
insert into VENTA values (114, '87800564W', 301, 12, 21654.90, '2016-06-24');
insert into VENTA values (115, '39695859Y', 107, 10, 40097.32, '2003-01-13');
insert into VENTA values (116, '41433864J', 15, 15, 20737.00, '1997-10-15');
insert into VENTA values (117, '43155256M', 300, 15, 18144.60, '2000-10-06');
insert into VENTA values (118, '67575761N', 303, 10, 44998.70, '2012-08-28');
insert into VENTA values (119, '57743168P', 278, 14, 33668.15, '2018-06-14');
insert into VENTA values (120, '12280217M', 66, 5, 32436.04, '2012-02-13');
insert into VENTA values (121, '40138364G', 45, 13, 16473.10, '2011-08-29');
insert into VENTA values (122, '14342197V', 6, 7, 15107.01, '2015-11-27');
insert into VENTA values (123, '02874559W', 83, 4, 39828.22, '2011-12-21');
insert into VENTA values (124, '79707508W', 124, 9, 43810.38, '2013-08-06');
insert into VENTA values (125, '16590231K', 313, 14, 37832.20, '1995-11-03');
insert into VENTA values (126, '69485859H', 306, 15, 39537.19, '2022-02-03');
insert into VENTA values (127, '47500104Y', 33, 14, 16695.00, '2019-05-24');
insert into VENTA values (128, '78604700R', 157, 2, 39053.07, '1998-03-02');
insert into VENTA values (129, '81846458R', 275, 4, 43932.87, '1998-03-18');
insert into VENTA values (130, '48877398G', 182, 8, 29261.36, '2006-06-08');
insert into VENTA values (131, '33006734K', 231, 13, 49496.76, '2005-08-01');
insert into VENTA values (132, '78381396V', 137, 7, 39594.72, '2009-11-06');
insert into VENTA values (133, '83448052E', 91, 15, 26578.00, '2002-06-25');
insert into VENTA values (134, '88831254L', 216, 3, 19674.73, '2014-08-06');
insert into VENTA values (135, '67337366N', 39, 12, 45789.17, '1997-06-28');
insert into VENTA values (136, '88756812W', 82, 9, 26515.94, '2021-02-16');
insert into VENTA values (137, '50662082F', 134, 11, 29962.75, '1999-01-09');
insert into VENTA values (138, '56205026V', 291, 7, 47975.89, '2006-08-22');
insert into VENTA values (139, '93212025T', 52, 1, 20026.47, '2003-06-17');
insert into VENTA values (140, '52515981P', 302, 2, 41608.13, '2007-03-22');
insert into VENTA values (141, '97878151V', 190, 9, 30574.45, '2017-12-07');
insert into VENTA values (142, '63285547P', 190, 15, 35596.71, '2005-07-18');
insert into VENTA values (143, '70641980L', 277, 5, 36951.60, '2007-02-12');
insert into VENTA values (144, '96202309C', 192, 14, 45307.99, '1997-08-10');
insert into VENTA values (145, '28957121G', 240, 8, 42016.68, '1998-02-22');
insert into VENTA values (146, '56250512L', 56, 10, 22402.65, '2019-03-04');
insert into VENTA values (147, '27782334N', 135, 1, 16415.30, '2021-01-13');
insert into VENTA values (148, '41569757T', 62, 2, 24038.74, '2008-06-27');
insert into VENTA values (149, '67189821N', 216, 6, 40822.29, '1997-08-21');
insert into VENTA values (150, '68179293C', 36, 5, 43414.86, '2019-12-02');
insert into VENTA values (151, '02795829V', 269, 8, 16187.68, '2004-06-27');
insert into VENTA values (152, '30669120A', 75, 2, 34310.81, '2007-12-17');
insert into VENTA values (153, '29433229Q', 115, 5, 22189.07, '1996-08-09');
insert into VENTA values (154, '50347026D', 271, 6, 18518.72, '2019-02-08');
insert into VENTA values (155, '07954683V', 36, 11, 31946.52, '2009-02-09');
insert into VENTA values (156, '03113693Z', 52, 13, 47827.50, '2019-08-19');
insert into VENTA values (157, '09511816F', 221, 10, 47417.10, '2017-04-07');
insert into VENTA values (158, '89771451N', 346, 15, 32474.77, '2004-06-12');
insert into VENTA values (159, '92126794V', 184, 10, 17863.20, '2019-11-28');
insert into VENTA values (160, '30294366J', 300, 2, 18432.12, '2021-10-02');
insert into VENTA values (161, '61175369R', 27, 8, 30549.59, '2015-04-17');
insert into VENTA values (162, '86671934Z', 306, 8, 31217.72, '2015-01-16');
insert into VENTA values (163, '05015147X', 189, 10, 38133.88, '2006-05-30');
insert into VENTA values (164, '03053910S', 286, 3, 38471.35, '2020-08-08');
insert into VENTA values (165, '88855588L', 9, 7, 29954.92, '2012-12-14');
insert into VENTA values (166, '69672177C', 155, 5, 16784.14, '2005-10-25');
insert into VENTA values (167, '55688037A', 287, 13, 28486.03, '2012-08-19');
insert into VENTA values (168, '56964545J', 145, 6, 19519.81, '2001-10-19');
insert into VENTA values (169, '92279131D', 187, 10, 16346.60, '2012-07-20');
insert into VENTA values (170, '07400741J', 293, 15, 43634.14, '2021-10-29');
insert into VENTA values (171, '28543499S', 68, 7, 44049.65, '2013-05-28');
insert into VENTA values (172, '33720691A', 82, 5, 47594.60, '2015-10-17');
insert into VENTA values (173, '85103978Z', 247, 7, 19554.12, '2001-08-09');
insert into VENTA values (174, '52812893T', 288, 14, 39194.37, '2002-11-12');
insert into VENTA values (175, '83005273Y', 240, 12, 40043.85, '2022-06-25');
insert into VENTA values (176, '61746131K', 198, 14, 35403.17, '2019-12-15');
insert into VENTA values (177, '02860535C', 113, 2, 30297.28, '2020-07-28');
insert into VENTA values (178, '21361326H', 306, 15, 25268.59, '2002-12-05');
insert into VENTA values (179, '28025131Z', 75, 2, 44621.10, '2011-11-28');
insert into VENTA values (180, '02423356H', 176, 13, 34565.33, '2009-08-31');
insert into VENTA values (181, '33778649Y', 274, 14, 29727.79, '2011-02-11');
insert into VENTA values (182, '66529222X', 104, 13, 34120.18, '1997-04-12');
insert into VENTA values (183, '28239828Q', 155, 5, 40022.90, '2008-10-06');
insert into VENTA values (184, '10232017H', 220, 6, 27716.54, '2003-01-29');
insert into VENTA values (185, '41975889R', 241, 13, 39460.99, '2020-08-04');
insert into VENTA values (186, '15043770Z', 345, 8, 18369.02, '1999-07-29');
insert into VENTA values (187, '10426607T', 219, 7, 46355.71, '2022-08-19');
insert into VENTA values (188, '03856744P', 289, 11, 22319.92, '2012-05-06');
insert into VENTA values (189, '86001889N', 162, 10, 33443.02, '2007-05-17');
insert into VENTA values (190, '42177875R', 176, 2, 49123.85, '2021-11-27');
insert into VENTA values (191, '62922195Q', 141, 14, 34358.52, '2001-06-14');
insert into VENTA values (192, '57393102G', 151, 1, 21904.86, '2015-02-27');
insert into VENTA values (193, '55257071J', 81, 2, 26205.45, '2004-03-10');
insert into VENTA values (194, '23815735T', 290, 13, 39534.24, '2003-06-17');
insert into VENTA values (195, '87897532W', 7, 13, 22416.87, '2017-12-09');
insert into VENTA values (196, '68027739V', 22, 8, 15700.98, '2002-10-04');
insert into VENTA values (197, '94534180T', 49, 14, 21328.36, '2017-01-31');
insert into VENTA values (198, '95001242V', 53, 8, 21496.51, '2008-07-27');
insert into VENTA values (199, '69007223B', 349, 13, 30081.11, '2002-10-27');
insert into VENTA values (200, '11695805G', 250, 4, 33537.09, '2019-10-21');
insert into VENTA values (201, '02264604B', 207, 9, 27318.40, '2000-09-30');
insert into VENTA values (202, '75649694D', 291, 2, 34972.28, '2009-03-20');
insert into VENTA values (203, '74862602T', 293, 15, 29237.64, '1995-11-10');
insert into VENTA values (204, '93118563E', 29, 11, 41882.57, '2015-04-19');
insert into VENTA values (205, '60002680E', 35, 2, 38814.29, '2022-11-14');
insert into VENTA values (206, '21364775G', 222, 13, 39395.01, '1996-02-04');
insert into VENTA values (207, '28975520F', 275, 10, 34494.38, '2005-07-24');
insert into VENTA values (208, '53321745T', 310, 11, 40342.48, '1999-06-28');
insert into VENTA values (209, '66161033R', 51, 3, 23878.76, '2006-11-29');
insert into VENTA values (210, '75495401T', 53, 10, 46932.43, '2021-04-19');
insert into VENTA values (211, '13356737S', 294, 11, 31439.93, '2014-03-07');
insert into VENTA values (212, '26411772Y', 163, 9, 42649.20, '2004-08-15');
insert into VENTA values (213, '72891239H', 299, 2, 19487.74, '2018-04-20');
insert into VENTA values (214, '44761104Z', 199, 1, 27055.90, '2002-11-28');
insert into VENTA values (215, '25340996L', 343, 10, 19685.05, '2008-01-08');
insert into VENTA values (216, '33090966R', 197, 2, 26223.95, '2017-10-27');
insert into VENTA values (217, '39595009D', 27, 6, 22165.78, '2020-08-06');
insert into VENTA values (218, '97860658F', 304, 13, 43212.24, '2007-05-28');
insert into VENTA values (219, '97492403D', 221, 3, 41626.04, '2001-11-02');
insert into VENTA values (220, '33138183N', 207, 15, 21414.29, '2017-04-22');
insert into VENTA values (221, '39913933K', 60, 12, 41632.82, '1995-06-18');
insert into VENTA values (222, '74617874K', 230, 14, 40621.70, '2007-05-15');
insert into VENTA values (223, '19287838R', 26, 13, 47499.47, '2004-01-18');
insert into VENTA values (224, '21755332A', 21, 1, 39739.83, '2017-10-27');
insert into VENTA values (225, '84713279B', 272, 8, 22308.07, '2003-01-31');
insert into VENTA values (226, '14474634Y', 191, 13, 40028.26, '2019-11-06');
insert into VENTA values (227, '23094948E', 191, 5, 27143.00, '2001-07-20');
insert into VENTA values (228, '86101061K', 183, 8, 41980.25, '2009-07-16');
insert into VENTA values (229, '54588432C', 41, 1, 47565.66, '2008-05-03');
insert into VENTA values (230, '69570469A', 134, 11, 18321.22, '2004-09-03');
insert into VENTA values (231, '47951629L', 68, 10, 49494.29, '2015-11-27');
insert into VENTA values (232, '07951557X', 119, 14, 49745.64, '1997-10-03');
insert into VENTA values (233, '04287342E', 189, 7, 31459.91, '2020-06-14');
insert into VENTA values (234, '34137663F', 350, 3, 38468.24, '2009-05-26');
insert into VENTA values (235, '37896972L', 29, 4, 37990.38, '2017-06-22');
insert into VENTA values (236, '52716527Y', 132, 1, 17500.91, '2006-08-19');
insert into VENTA values (237, '35138231E', 141, 10, 32813.79, '1996-09-04');
insert into VENTA values (238, '69948359A', 257, 11, 37341.70, '2022-05-16');
insert into VENTA values (239, '54466599A', 142, 10, 45392.75, '2001-06-09');
insert into VENTA values (240, '09943837T', 290, 13, 38972.35, '1998-05-23');
insert into VENTA values (241, '11003164L', 303, 10, 29690.18, '2009-10-02');
insert into VENTA values (242, '80830975F', 60, 13, 43587.02, '2014-04-18');
insert into VENTA values (243, '35640404V', 312, 15, 18059.97, '2000-01-30');
insert into VENTA values (244, '43092221W', 143, 11, 31144.18, '1997-03-11');
insert into VENTA values (245, '83450930H', 329, 5, 46101.12, '2006-10-25');
insert into VENTA values (246, '35897021B', 234, 13, 28673.38, '2006-12-29');
insert into VENTA values (247, '09191843J', 134, 11, 32841.30, '2005-07-10');
insert into VENTA values (248, '28864068M', 122, 6, 22286.73, '2008-12-27');
insert into VENTA values (249, '90124228S', 223, 8, 18306.71, '2001-01-17');
insert into VENTA values (250, '98531793A', 208, 8, 48897.59, '1995-08-16');
insert into VENTA values (251, '91591931X', 260, 3, 41486.40, '2006-02-06');
insert into VENTA values (252, '48731463G', 287, 13, 18179.44, '2019-01-09');
insert into VENTA values (253, '96476340M', 323, 14, 40097.13, '2019-12-22');
insert into VENTA values (254, '39046967F', 207, 10, 27839.76, '2001-06-16');
insert into VENTA values (255, '57769267G', 123, 13, 40725.73, '2012-01-23');
insert into VENTA values (256, '29048114M', 161, 7, 25530.64, '2020-05-16');
insert into VENTA values (257, '35946458M', 27, 8, 26104.13, '2015-05-27');
insert into VENTA values (258, '27403130L', 92, 9, 45183.01, '2016-10-09');
insert into VENTA values (259, '00162438P', 349, 13, 35581.02, '2020-11-26');
insert into VENTA values (260, '10322807S', 45, 1, 28706.90, '2016-07-11');
insert into VENTA values (261, '84253573W', 302, 15, 48057.30, '2022-06-01');
insert into VENTA values (262, '23205557G', 243, 12, 34034.16, '2000-07-22');
insert into VENTA values (263, '76444316Y', 326, 5, 48099.40, '2011-03-01');
insert into VENTA values (264, '60173658A', 277, 2, 48988.71, '2004-06-18');
insert into VENTA values (265, '05806915N', 80, 4, 17285.97, '2021-11-28');
insert into VENTA values (266, '66165435B', 67, 6, 15539.82, '1996-03-17');
insert into VENTA values (267, '49890032W', 31, 4, 27791.74, '2015-04-25');
insert into VENTA values (268, '49613436Y', 187, 4, 30017.60, '2008-05-24');
insert into VENTA values (269, '77099551K', 304, 13, 32774.53, '2020-11-01');
insert into VENTA values (270, '51916482J', 338, 7, 49142.86, '2012-09-03');
insert into VENTA values (271, '87458218F', 283, 10, 37842.00, '1999-01-11');
insert into VENTA values (272, '75791472K', 251, 7, 19325.79, '2017-07-25');
insert into VENTA values (273, '26080468K', 129, 5, 44996.03, '2013-12-25');
insert into VENTA values (274, '57463306Q', 333, 13, 28636.59, '2014-08-23');
insert into VENTA values (275, '73773061K', 318, 4, 19315.55, '1999-09-21');
insert into VENTA values (276, '86942129N', 337, 14, 38608.00, '2001-03-25');
insert into VENTA values (277, '22291101H', 340, 12, 25709.93, '2001-09-30');
insert into VENTA values (278, '83770850X', 206, 14, 48097.11, '2016-06-11');
insert into VENTA values (279, '41341278X', 337, 14, 37630.14, '2006-10-18');
insert into VENTA values (280, '21772781R', 172, 6, 45890.95, '2009-06-09');
insert into VENTA values (281, '25668858H', 341, 15, 23527.54, '1995-08-02');
insert into VENTA values (282, '84000725L', 162, 3, 34651.84, '2006-12-25');
insert into VENTA values (283, '37474348M', 310, 9, 34353.80, '2020-02-12');
insert into VENTA values (284, '60485015G', 19, 1, 36952.11, '2004-07-08');
insert into VENTA values (285, '48741576Z', 121, 1, 24523.40, '2011-10-23');
insert into VENTA values (286, '58749887Y', 320, 4, 28041.62, '1998-01-10');
insert into VENTA values (287, '01539182Z', 343, 1, 33793.05, '2012-10-17');
insert into VENTA values (288, '57163691X', 214, 9, 22188.56, '1995-05-14');
insert into VENTA values (289, '12975847G', 60, 10, 18053.00, '2018-10-16');
insert into VENTA values (290, '95729578N', 165, 4, 23101.42, '2016-04-28');
insert into VENTA values (291, '92275037D', 242, 15, 45120.76, '2006-07-10');
insert into VENTA values (292, '28566800V', 338, 1, 32251.61, '2003-10-09');
insert into VENTA values (293, '39051394S', 198, 14, 28484.72, '1999-01-10');
insert into VENTA values (294, '06717159K', 256, 12, 17596.98, '2003-03-26');
insert into VENTA values (295, '08014877Y', 202, 2, 49306.91, '2005-02-11');
insert into VENTA values (296, '36951718L', 251, 7, 46670.92, '2014-08-21');
insert into VENTA values (297, '31000881K', 149, 15, 18484.84, '1997-02-22');
insert into VENTA values (298, '31140191J', 52, 4, 42247.97, '2001-07-23');
insert into VENTA values (299, '62071419J', 108, 14, 34318.09, '1995-10-28');
insert into VENTA values (300, '39003561A', 239, 11, 16541.37, '2010-10-06');
insert into VENTA values (301, '01310017G', 42, 6, 25017.91, '2019-07-28');
insert into VENTA values (302, '94585588X', 106, 10, 22644.35, '1996-07-05');
insert into VENTA values (303, '73104373A', 191, 8, 25803.01, '2014-07-24');
insert into VENTA values (304, '45879836M', 202, 14, 31387.00, '2005-04-12');
insert into VENTA values (305, '17132958F', 66, 5, 30015.71, '2013-08-17');
insert into VENTA values (306, '72048033E', 273, 8, 15088.67, '2003-10-14');
insert into VENTA values (307, '44352109N', 103, 8, 17097.50, '1997-01-14');
insert into VENTA values (308, '10671936F', 187, 6, 15158.28, '2008-03-04');
insert into VENTA values (309, '85208599S', 267, 2, 24027.76, '2002-03-30');
insert into VENTA values (310, '45584059Q', 273, 8, 27287.44, '2017-05-14');
insert into VENTA values (311, '49324137S', 209, 6, 44844.85, '1998-04-12');
insert into VENTA values (312, '66143298N', 286, 5, 39060.20, '2000-04-01');
insert into VENTA values (313, '45530252E', 286, 10, 45166.88, '2001-08-26');
insert into VENTA values (314, '05845314C', 348, 7, 26380.39, '2007-11-25');
insert into VENTA values (315, '47716164W', 302, 9, 27916.17, '2020-11-08');
insert into VENTA values (316, '29241262F', 80, 1, 32280.53, '2003-09-23');
insert into VENTA values (317, '42657655R', 212, 3, 21784.50, '1998-01-17');
insert into VENTA values (318, '80982751E', 237, 1, 37445.03, '2013-12-19');
insert into VENTA values (319, '70835235W', 126, 10, 18663.96, '2016-10-03');
insert into VENTA values (320, '43887138L', 13, 8, 18155.95, '2016-11-26');
insert into VENTA values (321, '52082492E', 71, 3, 42190.05, '2007-04-14');
insert into VENTA values (322, '67724352B', 271, 5, 49873.67, '2009-12-24');
insert into VENTA values (323, '46138241M', 165, 4, 49854.67, '2014-01-26');
insert into VENTA values (324, '66791748B', 214, 1, 49811.09, '2008-03-02');
insert into VENTA values (325, '36900198L', 191, 8, 45427.40, '2013-09-11');
insert into VENTA values (326, '61827508P', 286, 3, 25327.09, '2014-07-24');
insert into VENTA values (327, '12731069T', 332, 9, 18409.87, '2003-05-09');
insert into VENTA values (328, '96117956N', 199, 9, 42363.49, '2001-05-23');
insert into VENTA values (329, '40511104J', 182, 8, 45557.62, '2007-08-15');
insert into VENTA values (330, '22042293N', 80, 5, 30430.90, '2008-06-26');
insert into VENTA values (331, '97108339S', 57, 13, 41230.52, '2000-04-24');
insert into VENTA values (332, '20592505H', 39, 15, 27849.95, '2009-08-27');
insert into VENTA values (333, '90328401V', 285, 4, 32006.82, '2020-05-24');
insert into VENTA values (334, '28025530H', 60, 4, 19601.50, '2017-12-26');
insert into VENTA values (335, '28875972B', 268, 7, 22352.90, '2020-11-04');
insert into VENTA values (336, '04084296C', 348, 15, 37891.04, '1996-03-22');
insert into VENTA values (337, '34061458Z', 63, 7, 21969.78, '2006-01-31');
insert into VENTA values (338, '20307974K', 222, 13, 21943.67, '2022-01-25');
insert into VENTA values (339, '75741951H', 60, 4, 42484.76, '1996-04-15');
insert into VENTA values (340, '50263341R', 45, 1, 48246.29, '2010-10-14');
insert into VENTA values (341, '86015232S', 264, 4, 25458.52, '1998-06-05');
insert into VENTA values (342, '29267413F', 117, 2, 20647.22, '2007-10-13');
insert into VENTA values (343, '38428473E', 185, 5, 29037.29, '2020-07-22');
insert into VENTA values (344, '89531049H', 139, 1, 19345.12, '2008-02-16');
insert into VENTA values (345, '16445251Y', 254, 8, 42925.07, '1999-06-22');
insert into VENTA values (346, '88148481R', 226, 5, 33722.05, '2016-11-19');
insert into VENTA values (347, '88013049H', 345, 4, 22803.67, '2021-04-19');
insert into VENTA values (348, '51296599Y', 73, 7, 42272.00, '2014-10-16');
insert into VENTA values (349, '63953162G', 349, 13, 21898.61, '2022-05-27');
insert into VENTA values (350, '40585225A', 104, 4, 35368.24, '2007-02-18');
insert into VENTA values (351, '31654205V', 106, 10, 20359.45, '1999-03-08');
insert into VENTA values (352, '43065727Y', 146, 12, 38965.23, '2014-02-22');
insert into VENTA values (353, '50616911G', 233, 6, 28578.85, '2016-12-31');
insert into VENTA values (354, '03295320V', 300, 15, 40465.81, '1999-03-22');
insert into VENTA values (355, '99743507F', 156, 10, 38230.48, '2012-11-24');
insert into VENTA values (356, '04312749W', 147, 4, 18429.05, '2017-07-29');
insert into VENTA values (357, '22885776T', 32, 4, 23877.75, '2007-11-21');
insert into VENTA values (358, '35141940L', 248, 1, 17120.49, '2022-01-26');
insert into VENTA values (359, '45072056Q', 53, 10, 30413.59, '1996-10-31');
insert into VENTA values (360, '48627658A', 247, 7, 35750.39, '2002-06-26');
insert into VENTA values (361, '54929580Q', 332, 1, 29157.99, '2006-11-21');
insert into VENTA values (362, '31985925K', 85, 6, 21618.53, '2007-04-06');
insert into VENTA values (363, '76251018R', 283, 6, 43221.22, '1998-12-11');
insert into VENTA values (364, '49752652V', 26, 13, 43783.31, '2018-10-03');
insert into VENTA values (365, '88873915G', 338, 8, 26478.26, '1995-11-04');
insert into VENTA values (366, '32716893Q', 275, 10, 22825.80, '2001-03-10');
insert into VENTA values (367, '91808015W', 151, 1, 15089.30, '2006-05-16');
insert into VENTA values (368, '94058251E', 116, 6, 33813.60, '2006-10-05');
insert into VENTA values (369, '49019414X', 4, 13, 49535.92, '2006-10-10');
insert into VENTA values (370, '94908337L', 212, 13, 20830.92, '2009-09-19');
insert into VENTA values (371, '57063918Y', 137, 15, 48014.34, '1998-09-09');
insert into VENTA values (372, '46147454B', 83, 3, 30938.30, '2012-12-23');
insert into VENTA values (373, '77306181H', 205, 15, 49118.47, '2012-10-29');
insert into VENTA values (374, '05472815M', 255, 15, 29170.84, '2019-09-27');
insert into VENTA values (375, '61972424F', 250, 4, 16583.29, '2022-12-23');
insert into VENTA values (376, '10022632Q', 73, 7, 31484.77, '2008-04-19');
insert into VENTA values (377, '87693985Z', 275, 10, 18346.02, '2015-12-04');
insert into VENTA values (378, '98458968S', 152, 10, 25763.96, '2005-11-09');
insert into VENTA values (379, '79381738Y', 76, 9, 27751.02, '2007-07-17');
insert into VENTA values (380, '33182668S', 271, 6, 24784.59, '2013-08-13');
insert into VENTA values (381, '04977394L', 10, 1, 44314.53, '2019-04-18');
insert into VENTA values (382, '92501409K', 198, 5, 49117.07, '2015-12-26');
insert into VENTA values (383, '75597504A', 132, 2, 22970.37, '2018-12-10');
insert into VENTA values (384, '14754838S', 64, 5, 19819.48, '2008-09-05');
insert into VENTA values (385, '54725448H', 196, 1, 17888.61, '2007-02-01');
insert into VENTA values (386, '25480870Y', 283, 7, 30394.26, '2016-08-02');
insert into VENTA values (387, '25004121S', 272, 1, 44234.48, '2002-08-28');
insert into VENTA values (388, '86734154E', 349, 3, 21263.34, '2020-06-30');
insert into VENTA values (389, '99444547Z', 130, 9, 36636.31, '2016-11-04');
insert into VENTA values (390, '80818021A', 195, 11, 32390.95, '2001-05-10');
insert into VENTA values (391, '28715652Q', 332, 1, 44641.80, '2002-02-23');
insert into VENTA values (392, '96507952Y', 185, 14, 15828.88, '2002-02-18');
insert into VENTA values (393, '61370574W', 160, 11, 37718.88, '1999-02-16');
insert into VENTA values (394, '77056400G', 32, 3, 38882.15, '1995-12-02');
insert into VENTA values (395, '82420372L', 276, 12, 26836.09, '2001-11-09');
insert into VENTA values (396, '04720519Z', 236, 5, 15903.86, '2002-07-18');
insert into VENTA values (397, '16788863N', 216, 15, 33829.86, '2016-12-31');
insert into VENTA values (398, '23787544B', 74, 10, 21710.43, '1999-07-21');
insert into VENTA values (399, '41163429H', 289, 8, 42978.29, '2018-07-30');
insert into VENTA values (400, '99973228C', 64, 4, 36675.77, '2009-04-02');
insert into VENTA values (401, '36900198L', 181, 1, 16450.16, '2017-11-17');
insert into VENTA values (402, '26411772Y', 181, 8, 40515.66, '2016-07-22');
insert into VENTA values (403, '93118563E', 86, 3, 15857.92, '1998-03-27');
insert into VENTA values (404, '52920803M', 217, 5, 32287.63, '2011-03-12');
insert into VENTA values (405, '05845314C', 91, 15, 35458.12, '2016-11-26');
insert into VENTA values (406, '40615847K', 123, 3, 42713.53, '2017-10-15');
insert into VENTA values (407, '93212025T', 271, 5, 40455.79, '2002-12-23');
insert into VENTA values (408, '22885776T', 55, 11, 26107.38, '2020-07-10');
insert into VENTA values (409, '05232437G', 324, 6, 16721.01, '1998-09-09');
insert into VENTA values (410, '98366460Q', 171, 4, 49058.20, '2013-11-05');
insert into VENTA values (411, '02795829V', 142, 2, 28857.30, '2019-04-30');
insert into VENTA values (412, '00913405G', 201, 6, 28329.48, '2002-06-11');
insert into VENTA values (413, '25004121S', 82, 13, 45454.85, '1996-12-17');
insert into VENTA values (414, '10322807S', 161, 7, 41492.20, '2008-11-28');
insert into VENTA values (415, '50263341R', 231, 14, 42432.03, '2005-11-27');
insert into VENTA values (416, '54929580Q', 99, 8, 17805.20, '2011-01-28');
insert into VENTA values (417, '98531793A', 173, 5, 42314.19, '2019-04-04');
insert into VENTA values (418, '98531793A', 11, 8, 48716.08, '2012-10-22');
insert into VENTA values (419, '20592505H', 258, 7, 18326.79, '2004-01-20');
insert into VENTA values (420, '93118563E', 352, 8, 18343.74, '1995-10-13');
insert into VENTA values (421, '44055162W', 246, 9, 24682.52, '1996-07-28');
insert into VENTA values (422, '44761104Z', 29, 1, 23414.61, '2007-04-27');
insert into VENTA values (423, '39595009D', 273, 11, 30214.48, '2013-06-21');
insert into VENTA values (424, '31140191J', 318, 8, 49687.74, '2020-06-06');
insert into VENTA values (425, '88873915G', 207, 15, 35028.56, '2016-04-12');
insert into VENTA values (426, '51916482J', 92, 13, 15391.29, '1996-07-09');
insert into VENTA values (427, '67575761N', 182, 8, 46943.02, '2002-05-22');
insert into VENTA values (428, '84322266M', 62, 2, 42561.54, '2012-05-20');
insert into VENTA values (429, '36900198L', 95, 7, 38762.40, '2003-11-08');
insert into VENTA values (430, '75597504A', 234, 13, 45412.36, '2007-10-06');
insert into VENTA values (431, '02264604B', 101, 5, 43752.47, '2015-02-25');
insert into VENTA values (432, '57133438P', 148, 11, 33427.61, '2008-03-24');
insert into VENTA values (433, '49769393R', 180, 8, 35124.29, '2000-01-06');
insert into VENTA values (434, '60002680E', 101, 5, 44730.68, '2004-01-29');
insert into VENTA values (435, '09511816F', 293, 12, 46720.51, '1995-09-05');
insert into VENTA values (436, '15159492J', 30, 11, 28999.67, '2014-03-01');
insert into VENTA values (437, '45072056Q', 60, 13, 36530.52, '1995-09-12');
insert into VENTA values (438, '54466599A', 192, 3, 22962.28, '2001-10-16');
insert into VENTA values (439, '23205557G', 334, 4, 25919.75, '2018-04-21');
insert into VENTA values (440, '03856744P', 100, 13, 44437.51, '1998-03-27');
insert into VENTA values (441, '01351505C', 25, 11, 24498.33, '2018-03-02');
insert into VENTA values (442, '87458218F', 121, 14, 16548.70, '1998-03-27');
insert into VENTA values (443, '69485859H', 188, 3, 46939.11, '2015-10-19');
insert into VENTA values (444, '91808015W', 94, 2, 21523.38, '2001-05-15');
insert into VENTA values (445, '22291101H', 36, 5, 28151.33, '2003-02-18');
insert into VENTA values (446, '55688037A', 268, 7, 44232.71, '2005-09-12');
insert into VENTA values (447, '48627658A', 89, 4, 20824.49, '1997-10-15');
insert into VENTA values (448, '92275037D', 19, 1, 33632.01, '2005-04-08');
insert into VENTA values (449, '23787544B', 89, 4, 21880.65, '2010-05-17');
insert into VENTA values (450, '07400741J', 84, 2, 39726.72, '2021-03-03');
insert into VENTA values (451, '28566800V', 214, 9, 33468.33, '2005-10-13');
insert into VENTA values (452, '31081897W', 286, 8, 23698.52, '2020-03-30');
insert into VENTA values (453, '75597504A', 341, 9, 17326.58, '2004-03-23');
insert into VENTA values (454, '51296599Y', 58, 14, 44751.05, '2010-01-30');
insert into VENTA values (455, '89771451N', 140, 15, 48807.54, '2006-03-05');
insert into VENTA values (456, '36721432A', 62, 4, 33541.75, '1996-11-22');
insert into VENTA values (457, '48877398G', 54, 6, 19571.98, '2006-10-30');
insert into VENTA values (458, '92279131D', 28, 10, 49982.25, '2004-05-02');
insert into VENTA values (459, '34061458Z', 167, 5, 33886.20, '2013-07-27');
insert into VENTA values (460, '54824807G', 283, 4, 16489.03, '2010-08-07');
insert into VENTA values (461, '23787544B', 89, 2, 23284.67, '2013-12-16');
insert into VENTA values (462, '49752652V', 227, 6, 33226.71, '2007-07-09');
insert into VENTA values (463, '77099551K', 180, 8, 32407.40, '2010-04-05');
insert into VENTA values (464, '53250948Q', 73, 15, 34477.23, '1995-05-02');
insert into VENTA values (465, '05232437G', 140, 15, 21947.83, '1997-06-01');
insert into VENTA values (466, '09451662W', 192, 9, 43878.95, '2002-03-07');
insert into VENTA values (467, '83450930H', 286, 13, 17456.02, '2013-10-31');
insert into VENTA values (468, '78971814D', 134, 12, 23110.75, '2010-02-16');
insert into VENTA values (469, '28577365D', 89, 6, 22407.80, '2000-08-13');
insert into VENTA values (470, '01310017G', 277, 4, 44578.47, '2014-01-23');
insert into VENTA values (471, '83448052E', 115, 14, 23719.96, '2001-07-15');
insert into VENTA values (472, '02860535C', 187, 10, 37947.82, '2010-10-29');
insert into VENTA values (473, '23691443T', 264, 4, 32209.63, '2008-06-08');
insert into VENTA values (474, '35946458M', 277, 5, 38651.34, '2011-05-16');
insert into VENTA values (475, '57063918Y', 84, 2, 29996.05, '2018-07-17');
insert into VENTA values (476, '98531793A', 128, 1, 34104.36, '2003-10-19');
insert into VENTA values (477, '92279131D', 350, 3, 39521.89, '2020-10-03');
insert into VENTA values (478, '53159737Y', 108, 14, 26838.13, '2001-12-07');
insert into VENTA values (479, '35946458M', 216, 6, 40760.06, '2002-08-02');
insert into VENTA values (480, '48877398G', 66, 15, 27211.03, '2012-12-20');
insert into VENTA values (481, '12280217M', 310, 11, 29998.56, '2010-03-29');
insert into VENTA values (482, '73454716H', 41, 7, 45996.20, '2020-09-05');
insert into VENTA values (483, '09191843J', 41, 7, 38872.66, '2013-06-25');
insert into VENTA values (484, '67724352B', 284, 14, 19015.23, '2021-01-03');
insert into VENTA values (485, '27782334N', 212, 13, 36039.01, '1996-07-25');
insert into VENTA values (486, '63953162G', 260, 15, 20123.82, '2002-07-22');
insert into VENTA values (487, '09943837T', 349, 3, 31739.51, '2022-01-06');
insert into VENTA values (488, '87693985Z', 115, 10, 34386.64, '2005-07-25');
insert into VENTA values (489, '49752652V', 333, 11, 17373.92, '2013-01-16');
insert into VENTA values (490, '03186492D', 176, 2, 17360.22, '2005-11-11');
insert into VENTA values (491, '61827508P', 310, 15, 33200.55, '2002-11-15');
insert into VENTA values (492, '80982751E', 191, 10, 26864.90, '2014-06-12');
insert into VENTA values (493, '21772781R', 291, 2, 37341.64, '2005-07-16');
insert into VENTA values (494, '77857698H', 119, 14, 42326.05, '2008-07-20');
insert into VENTA values (495, '16445251Y', 115, 1, 43707.99, '2006-03-29');
insert into VENTA values (496, '49019414X', 352, 8, 25292.61, '2018-04-24');
insert into VENTA values (497, '66143298N', 277, 5, 31854.55, '2007-09-05');
insert into VENTA values (498, '26080468K', 310, 9, 36686.90, '2015-08-10');
insert into VENTA values (499, '87458218F', 134, 1, 30969.91, '2018-06-23');
insert into VENTA values (500, '68179293C', 207, 10, 31561.44, '2002-04-09');
insert into VENTA values (501, '86101061K', 83, 4, 27827.90, '2017-08-08');
insert into VENTA values (502, '66529222X', 293, 15, 36853.15, '2000-06-13');
insert into VENTA values (503, '35897021B', 82, 9, 43506.22, '1998-12-01');
insert into VENTA values (504, '75649694D', 293, 13, 24636.04, '2021-11-29');
insert into VENTA values (505, '72891239H', 16, 7, 44490.34, '2005-07-23');
insert into VENTA values (506, '76444316Y', 98, 7, 27817.89, '2021-08-14');
insert into VENTA values (507, '10742957C', 71, 3, 29712.05, '2012-03-31');
insert into VENTA values (508, '10742957C', 143, 11, 42011.41, '2007-12-30');
insert into VENTA values (509, '87458218F', 208, 8, 18336.49, '2022-07-11');
insert into VENTA values (510, '84322266M', 164, 8, 27632.53, '2015-07-16');
insert into VENTA values (511, '77056400G', 41, 7, 42548.22, '2021-01-07');
insert into VENTA values (512, '22291101H', 267, 2, 30918.87, '2017-07-21');
insert into VENTA values (513, '03458292P', 278, 11, 35051.26, '2011-08-14');
insert into VENTA values (514, '28957121G', 118, 12, 20001.32, '2009-01-27');
insert into VENTA values (515, '94407738G', 99, 1, 48235.31, '1999-12-28');
insert into VENTA values (516, '27403130L', 315, 11, 24305.67, '1999-03-20');
insert into VENTA values (517, '28975520F', 294, 11, 43352.03, '1999-07-29');
insert into VENTA values (518, '53250948Q', 56, 10, 42996.68, '2011-10-05');
insert into VENTA values (519, '51916482J', 175, 14, 44084.64, '2009-08-15');
insert into VENTA values (520, '69485859H', 266, 5, 20956.79, '2020-04-28');
insert into VENTA values (521, '88013049H', 75, 2, 31117.00, '2018-05-08');
insert into VENTA values (522, '25340996L', 113, 2, 27122.62, '2016-06-02');
insert into VENTA values (523, '57163691X', 197, 2, 32640.52, '2013-05-10');
insert into VENTA values (524, '22885776T', 9, 7, 28483.90, '2015-03-23');
insert into VENTA values (525, '92743917F', 318, 8, 37372.03, '2009-06-18');
insert into VENTA values (526, '98366460Q', 39, 12, 33648.95, '2004-04-13');
insert into VENTA values (527, '17132958F', 124, 2, 37900.82, '2019-06-21');
insert into VENTA values (528, '45584059Q', 55, 11, 45851.20, '2003-09-23');
insert into VENTA values (529, '02423356H', 27, 6, 34801.61, '2015-12-30');
insert into VENTA values (530, '46147454B', 319, 2, 49662.22, '1999-03-09');
insert into VENTA values (531, '28025530H', 250, 13, 42659.19, '2010-03-16');
insert into VENTA values (532, '15043770Z', 161, 7, 31974.28, '2003-10-12');
insert into VENTA values (533, '54294999D', 307, 3, 44493.18, '2007-02-23');
insert into VENTA values (534, '83450930H', 175, 15, 22753.89, '2014-07-12');
insert into VENTA values (535, '36605651B', 53, 8, 41486.50, '2010-12-14');
insert into VENTA values (536, '46831284V', 103, 8, 43984.67, '2015-09-18');
insert into VENTA values (537, '99743507F', 348, 1, 41062.60, '2008-12-13');
insert into VENTA values (538, '05845314C', 242, 9, 43330.17, '2016-07-28');
insert into VENTA values (539, '44055162W', 52, 4, 30223.80, '1997-11-06');
insert into VENTA values (540, '43155256M', 250, 4, 49524.92, '2009-01-28');
insert into VENTA values (541, '92126794V', 352, 10, 47794.77, '2021-07-11');
insert into VENTA values (542, '88756812W', 248, 1, 32574.92, '2017-06-06');
insert into VENTA values (543, '44352109N', 20, 2, 22658.67, '2019-10-23');
insert into VENTA values (544, '43887138L', 48, 3, 28701.47, '2009-05-02');
insert into VENTA values (545, '90328401V', 238, 15, 15760.64, '2003-01-09');
insert into VENTA values (546, '56250512L', 53, 1, 19348.47, '1995-11-30');
insert into VENTA values (547, '29415532E', 191, 10, 23876.84, '2001-02-02');
insert into VENTA values (548, '51048855L', 294, 8, 45613.03, '2010-11-24');
insert into VENTA values (549, '85208599S', 169, 10, 37981.70, '1999-01-03');
insert into VENTA values (550, '41569757T', 212, 13, 49012.99, '2022-07-17');
insert into VENTA values (551, '28715652Q', 195, 8, 40297.05, '2014-07-21');
insert into VENTA values (552, '81649325R', 210, 13, 38863.44, '2004-01-03');
insert into VENTA values (553, '83450930H', 9, 6, 48151.23, '2004-01-16');
insert into VENTA values (554, '91808015W', 153, 9, 49508.63, '2008-01-23');
insert into VENTA values (555, '07522235S', 135, 1, 39183.07, '2020-09-06');
insert into VENTA values (556, '39813929K', 198, 5, 25090.45, '2019-08-07');
insert into VENTA values (557, '40138364G', 75, 2, 27158.98, '2001-12-04');
insert into VENTA values (558, '48741576Z', 22, 11, 22420.31, '1997-04-03');
insert into VENTA values (559, '05845314C', 26, 2, 18462.11, '2006-11-28');
insert into VENTA values (560, '69672177C', 124, 2, 17730.12, '1999-04-07');
insert into VENTA values (561, '94076435V', 162, 5, 36478.34, '1996-05-08');
insert into VENTA values (562, '20714820J', 35, 1, 33286.06, '2014-10-22');
insert into VENTA values (563, '98366460Q', 208, 2, 16875.85, '2001-07-01');
insert into VENTA values (564, '68179293C', 144, 5, 19171.29, '2003-01-21');
insert into VENTA values (565, '56964545J', 286, 5, 22253.94, '2018-01-11');
insert into VENTA values (566, '37896972L', 39, 15, 15420.10, '2009-03-27');
insert into VENTA values (567, '10742957C', 41, 7, 39422.42, '2017-08-28');
insert into VENTA values (568, '10671936F', 148, 11, 27700.05, '2004-06-14');
insert into VENTA values (569, '36900198L', 5, 4, 30418.73, '2016-04-15');
insert into VENTA values (570, '20592505H', 348, 15, 23151.37, '2005-04-05');
insert into VENTA values (571, '85103978Z', 9, 6, 30142.13, '2006-08-30');
insert into VENTA values (572, '68175866C', 249, 1, 47957.40, '1998-01-30');
insert into VENTA values (573, '37474348M', 56, 8, 29673.44, '2014-06-22');
insert into VENTA values (574, '84253573W', 335, 11, 28978.46, '2001-01-09');
insert into VENTA values (575, '50662082F', 226, 5, 22569.34, '2004-06-03');
insert into VENTA values (576, '93212025T', 312, 13, 39123.31, '2018-04-05');
insert into VENTA values (577, '88756812W', 90, 12, 16814.07, '2001-06-18');
insert into VENTA values (578, '67189821N', 271, 14, 25285.18, '2015-09-04');
insert into VENTA values (579, '51916482J', 144, 10, 17600.91, '2004-08-04');
insert into VENTA values (580, '69135462R', 53, 15, 24998.62, '2010-03-17');
insert into VENTA values (581, '61370574W', 349, 3, 20345.41, '2005-07-07');
insert into VENTA values (582, '34061458Z', 304, 11, 26036.42, '2010-07-26');
insert into VENTA values (583, '95836417T', 162, 3, 46929.04, '2021-04-14');
insert into VENTA values (584, '54294999D', 77, 3, 46054.67, '2018-11-12');
insert into VENTA values (585, '45530252E', 132, 6, 20339.06, '2019-03-04');
insert into VENTA values (586, '33720691A', 140, 4, 45570.91, '2012-06-05');
insert into VENTA values (587, '41975889R', 247, 4, 26178.29, '1998-02-24');
insert into VENTA values (588, '48877398G', 133, 3, 43255.66, '1996-04-16');
insert into VENTA values (589, '57463306Q', 122, 6, 47352.47, '1995-11-08');
insert into VENTA values (590, '69007223B', 242, 15, 27247.54, '2012-03-20');
insert into VENTA values (591, '25480870Y', 33, 14, 40148.81, '2021-09-29');
insert into VENTA values (592, '75597504A', 175, 13, 18074.03, '1995-12-17');
insert into VENTA values (593, '16445251Y', 48, 4, 15340.39, '1997-03-21');
insert into VENTA values (594, '07954683V', 9, 7, 30393.20, '2022-07-02');
insert into VENTA values (595, '09451662W', 39, 12, 40683.68, '2014-06-20');
insert into VENTA values (596, '61175369R', 145, 6, 26021.18, '2000-05-11');
insert into VENTA values (597, '41433864J', 145, 6, 30472.44, '2011-09-01');
insert into VENTA values (598, '76251018R', 9, 7, 21458.61, '2018-07-31');
insert into VENTA values (599, '20592505H', 200, 3, 39588.48, '2021-07-19');
insert into VENTA values (600, '84000725L', 93, 1, 37760.54, '2010-12-18');
