/************ CARGA DE LA TABLA MECANICO (CODIGO, NOMBRE, CIUDAD) ************/

insert into MECANICO values (1, 'Reparación Oportuno de Coches', 'Lugo');
insert into MECANICO values (2, 'Diagnóstico Profesional Express', 'Castellón de la Plana');
insert into MECANICO values (3, 'Neumáticos Experto Express', 'Teruel');
insert into MECANICO values (4, 'Diagnóstico Innovador de Coches', 'Cáceres');
insert into MECANICO values (5, 'Mantenimiento Fiable Express', 'Burgos');
insert into MECANICO values (6, 'Neumáticos Innovador Mantenimiento', 'Almería');
insert into MECANICO values (7, 'Automotriz Hábil Total', 'Girona');
insert into MECANICO values (8, 'Neumáticos Eficiente Mecánico', 'Cuenca');
insert into MECANICO values (9, 'Servicio Experto Automotriz', 'Zamora');
insert into MECANICO values (10, 'Diagnóstico Preciso Automotriz', 'Huelva');


/************ CARGA DE LA TABLA MARCA (CODIGO, NOMBRE, SEDE) ************/
insert into MARCA values(1, 'Toyota', 'Japón');
insert into MARCA values(2, 'Ford', 'Estados Unidos');
insert into MARCA values(3, 'BMW', 'Alemania');
insert into MARCA values(4, 'Audi', 'Alemania');
insert into MARCA values(5, 'Mercedes-Benz', 'Alemania');
insert into MARCA values(6, 'Volkswagen', 'Alemania');
insert into MARCA values(7, 'Nissan', 'Japón');
insert into MARCA values(8, 'Chevrolet', 'Estados Unidos');
insert into MARCA values(9, 'Honda', 'Japón');
insert into MARCA values(10, 'Hyundai', 'Corea del Sur');
insert into MARCA values(11, 'Kia', 'Corea del Sur');
insert into MARCA values(12, 'Mazda', 'Japón');
insert into MARCA values(13, 'Volvo', 'Suecia');
insert into MARCA values(14, 'Peugeot', 'Francia');
insert into MARCA values(15, 'Fiat', 'Italia');
insert into MARCA values(16, 'Seat', 'España');
insert into MARCA values(17, 'Tesla', 'Estados Unidos');
insert into MARCA values(18, 'Renault ', 'Francia');


/************ CARGA DE LA TABLA COCHE (CODIGO, COD_MARCA, MODELO, PROPULSION) ************/
insert into COCHE values (1, 1, 'Corolla', 'Gasolina');
insert into COCHE values (2, 1, 'Corolla', 'Híbrido eléctrico');
insert into COCHE values (3, 1, 'Yaris', 'Gasolina');
insert into COCHE values (4, 1, 'Yaris', 'Híbrido eléctrico');
insert into COCHE values (5, 1, 'RAV4', 'Gasolina');
insert into COCHE values (6, 1, 'RAV4', 'Híbrido eléctrico');
insert into COCHE values (7, 1, 'C-HR', 'Gasolina');
insert into COCHE values (8, 1, 'C-HR', 'Híbrido eléctrico');
insert into COCHE values (9, 1, 'Camry', 'Gasolina');
insert into COCHE values (10, 1, 'Camry', 'Híbrido eléctrico');
insert into COCHE values (11, 1, 'Prius', 'Híbrido eléctrico');
insert into COCHE values (12, 1, 'Mirai', 'Hidrógeno');
insert into COCHE values (13, 1, 'GR Supra', 'Gasolina');
insert into COCHE values (14, 1, 'GT86', 'Gasolina');
insert into COCHE values (15, 1, 'Land Cruiser', 'Gasolina');
insert into COCHE values (16, 1, 'Land Cruiser', 'Diésel');
insert into COCHE values (17, 2, 'Fiesta', 'Gasolina');
insert into COCHE values (18, 2, 'Fiesta', 'Diésel');
insert into COCHE values (19, 2, 'Focus', 'Gasolina');
insert into COCHE values (20, 2, 'Focus', 'Diésel');
insert into COCHE values (21, 2, 'Focus', 'Híbrido eléctrico');
insert into COCHE values (22, 2, 'Mondeo', 'Gasolina');
insert into COCHE values (23, 2, 'Mondeo', 'Diésel');
insert into COCHE values (24, 2, 'Mondeo', 'Híbrido eléctrico');
insert into COCHE values (25, 2, 'Kuga', 'Gasolina');
insert into COCHE values (26, 2, 'Kuga', 'Diésel');
insert into COCHE values (27, 2, 'Kuga', 'Híbrido enchufable');
insert into COCHE values (28, 2, 'EcoSport', 'Gasolina');
insert into COCHE values (29, 2, 'EcoSport', 'Diésel');
insert into COCHE values (30, 2, 'Puma', 'Gasolina');
insert into COCHE values (31, 2, 'Puma', 'Diésel');
insert into COCHE values (32, 2, 'Puma', 'Híbrido eléctrico');
insert into COCHE values (33, 2, 'Mustang', 'Gasolina');
insert into COCHE values (34, 2, 'Edge', 'Diésel');
insert into COCHE values (35, 2, 'Ranger', 'Diésel');
insert into COCHE values (36, 2, 'Transit', 'Diésel');
insert into COCHE values (37, 3, 'Serie 1', 'Gasolina');
insert into COCHE values (38, 3, 'Serie 1', 'Diésel');
insert into COCHE values (39, 3, 'Serie 1', 'Híbrido enchufable');
insert into COCHE values (40, 3, 'Serie 2', 'Gasolina');
insert into COCHE values (41, 3, 'Serie 2', 'Diésel');
insert into COCHE values (42, 3, 'Serie 2', 'Híbrido enchufable');
insert into COCHE values (43, 3, 'Serie 3', 'Gasolina');
insert into COCHE values (44, 3, 'Serie 3', 'Diésel');
insert into COCHE values (45, 3, 'Serie 3', 'Híbrido enchufable');
insert into COCHE values (46, 3, 'Serie 4', 'Gasolina');
insert into COCHE values (47, 3, 'Serie 4', 'Diésel');
insert into COCHE values (48, 3, 'Serie 4', 'Híbrido enchufable');
insert into COCHE values (49, 3, 'Serie 5', 'Gasolina');
insert into COCHE values (50, 3, 'Serie 5', 'Diésel');
insert into COCHE values (51, 3, 'Serie 5', 'Híbrido enchufable');
insert into COCHE values (52, 3, 'Serie 6', 'Gasolina');
insert into COCHE values (53, 3, 'Serie 6', 'Diésel');
insert into COCHE values (54, 3, 'Serie 6', 'Híbrido enchufable');
insert into COCHE values (55, 3, 'Serie 7', 'Gasolina');
insert into COCHE values (56, 3, 'Serie 7', 'Diésel');
insert into COCHE values (57, 3, 'Serie 7', 'Híbrido enchufable');
insert into COCHE values (58, 3, 'X1', 'Gasolina');
insert into COCHE values (59, 3, 'X1', 'Diésel');
insert into COCHE values (60, 3, 'X1', 'Híbrido enchufable');
insert into COCHE values (61, 3, 'X2', 'Gasolina');
insert into COCHE values (62, 3, 'X2', 'Diésel');
insert into COCHE values (63, 3, 'X2', 'Híbrido enchufable');
insert into COCHE values (64, 3, 'X3', 'Gasolina');
insert into COCHE values (65, 3, 'X3', 'Diésel');
insert into COCHE values (66, 3, 'X3', 'Híbrido enchufable');
insert into COCHE values (67, 3, 'X4', 'Gasolina');
insert into COCHE values (68, 3, 'X4', 'Diésel');
insert into COCHE values (69, 3, 'X4', 'Híbrido enchufable');
insert into COCHE values (70, 3, 'X5', 'Gasolina');
insert into COCHE values (71, 3, 'X5', 'Diésel');
insert into COCHE values (72, 3, 'X5', 'Híbrido enchufable');
insert into COCHE values (73, 3, 'X6', 'Gasolina');
insert into COCHE values (74, 3, 'X6', 'Diésel');
insert into COCHE values (75, 3, 'X6', 'Híbrido enchufable');
insert into COCHE values (76, 3, 'X7', 'Gasolina');
insert into COCHE values (77, 3, 'X7', 'Diésel');
insert into COCHE values (78, 3, 'X7', 'Híbrido enchufable');
insert into COCHE values (79, 3, 'i3', 'Eléctrico');
insert into COCHE values (80, 3, 'i3', 'Híbrido enchufable');
insert into COCHE values (81, 3, 'i8', 'Híbrido enchufable');
insert into COCHE values (82, 4, 'A1', 'Gasolina');
insert into COCHE values (83, 4, 'A2', 'Gasolina');
insert into COCHE values (84, 4, 'A3', 'Gasolina');
insert into COCHE values (85, 4, 'A4', 'Diesel');
insert into COCHE values (86, 4, 'A5', 'Gasolina');
insert into COCHE values (87, 4, 'A6', 'Diesel');
insert into COCHE values (88, 4, 'A7', 'Gasolina');
insert into COCHE values (89, 4, 'A8', 'Híbrido');
insert into COCHE values (90, 4, 'Q2', 'Gasolina');
insert into COCHE values (91, 4, 'Q3', 'Diesel');
insert into COCHE values (92, 4, 'Q4', 'Eléctrico');
insert into COCHE values (93, 4, 'Q5', 'Híbrido');
insert into COCHE values (94, 4, 'Q7', 'Diesel');
insert into COCHE values (95, 4, 'Q8', 'Gasolina');
insert into COCHE values (96, 4, 'TT', 'Gasolina');
insert into COCHE values (97, 5, 'Clase A', 'Gasolina');
insert into COCHE values (98, 5, 'Clase B', 'Diésel');
insert into COCHE values (99, 5, 'Clase C', 'Híbrido');
insert into COCHE values (100, 5, 'Clase E', 'Eléctrico');
insert into COCHE values (101, 5, 'Clase G', 'Gasolina');
insert into COCHE values (102, 5, 'Clase S', 'Híbrido');
insert into COCHE values (103, 5, 'GLA', 'Gasolina');
insert into COCHE values (104, 5, 'GLB', 'Diésel');
insert into COCHE values (105, 5, 'GLC', 'Híbrido');
insert into COCHE values (106, 5, 'GLE', 'Eléctrico');
insert into COCHE values (107, 5, 'GLS', 'Gasolina');
insert into COCHE values (108, 5, 'AMG GT', 'Gasolina');
insert into COCHE values (109, 5, 'EQC', 'Eléctrico');
insert into COCHE values (110, 6, 'Golf', 'Gasolina');
insert into COCHE values (111, 6, 'Golf', 'Diésel');
insert into COCHE values (112, 6, 'Golf', 'Híbrido');
insert into COCHE values (113, 6, 'Golf', 'Eléctrico');
insert into COCHE values (114, 6, 'Polo', 'Gasolina');
insert into COCHE values (115, 6, 'Polo', 'Diésel');
insert into COCHE values (116, 6, 'Polo', 'Híbrido');
insert into COCHE values (117, 6, 'Passat', 'Gasolina');
insert into COCHE values (118, 6, 'Passat', 'Diésel');
insert into COCHE values (119, 6, 'Passat', 'Híbrido');
insert into COCHE values (120, 6, 'Tiguan', 'Gasolina');
insert into COCHE values (121, 6, 'Tiguan', 'Diésel');
insert into COCHE values (122, 6, 'Tiguan', 'Híbrido');
insert into COCHE values (123, 6, 'Touareg', 'Gasolina');
insert into COCHE values (124, 6, 'Touareg', 'Diésel');
insert into COCHE values (125, 6, 'Touareg', 'Híbrido');
insert into COCHE values (126, 6, 'Arteon', 'Gasolina');
insert into COCHE values (127, 6, 'Arteon', 'Diésel');
insert into COCHE values (128, 6, 'Arteon', 'Híbrido');
insert into COCHE values (129, 6, 'Up', 'Gasolina');
insert into COCHE values (130, 6, 'Up', 'Eléctrico');
insert into COCHE values (131, 6, 'ID.3', 'Eléctrico');
insert into COCHE values (132, 6, 'ID.4', 'Eléctrico');
insert into COCHE values (133, 6, 'Caddy', 'Gasolina');
insert into COCHE values (134, 6, 'Caddy', 'Diésel');
insert into COCHE values (135, 6, 'Caddy', 'Híbrido');
insert into COCHE values (136, 7, 'Micra', 'Gasolina');
insert into COCHE values (137, 7, 'Micra', 'Eléctrico');
insert into COCHE values (138, 7, 'Qashqai', 'Gasolina');
insert into COCHE values (139, 7, 'Qashqai', 'Diésel');
insert into COCHE values (140, 7, 'Qashqai', 'Híbrido');
insert into COCHE values (141, 7, 'Qashqai', 'Eléctrico');
insert into COCHE values (142, 7, 'Juke', 'Gasolina');
insert into COCHE values (143, 7, 'Juke', 'Diésel');
insert into COCHE values (144, 7, 'Juke', 'Híbrido');
insert into COCHE values (145, 7, 'Leaf', 'Eléctrico');
insert into COCHE values (146, 7, 'GT-R', 'Gasolina');
insert into COCHE values (147, 8, 'Bel Air', 'Gasolina');
insert into COCHE values (148, 8, 'Camaro', 'Gasolina');
insert into COCHE values (149, 8, 'Chevelle', 'Gasolina');
insert into COCHE values (150, 8, 'Corvette', 'Gasolina');
insert into COCHE values (151, 8, 'Impala', 'Gasolina');
insert into COCHE values (152, 8, 'Nova', 'Gasolina');
insert into COCHE values (153, 9, 'Accord', 'Gasolina');
insert into COCHE values (154, 9, 'Accord', 'Diésel');
insert into COCHE values (155, 9, 'Civic', 'Gasolina');
insert into COCHE values (156, 9, 'Civic', 'Diésel');
insert into COCHE values (157, 9, 'Civic', 'Eléctrico');
insert into COCHE values (158, 9, 'CR-V', 'Gasolina');
insert into COCHE values (159, 9, 'CR-V', 'Híbrido');
insert into COCHE values (160, 9, 'HR-V', 'Gasolina');
insert into COCHE values (161, 9, 'HR-V', 'Híbrido');
insert into COCHE values (162, 9, 'Jazz', 'Gasolina');
insert into COCHE values (163, 9, 'Jazz', 'Híbrido');
insert into COCHE values (164, 9, 'NSX', 'Híbrido');
insert into COCHE values (165, 10, 'Accent', 'Gasolina');
insert into COCHE values (166, 10, 'Elantra', 'Gasolina');
insert into COCHE values (167, 10, 'Elantra', 'Híbrido');
insert into COCHE values (168, 10, 'i10', 'Gasolina');
insert into COCHE values (169, 10, 'i20', 'Gasolina');
insert into COCHE values (170, 10, 'i20', 'Diésel');
insert into COCHE values (171, 10, 'i30', 'Gasolina');
insert into COCHE values (172, 10, 'i30', 'Diésel');
insert into COCHE values (173, 10, 'i30', 'Híbrido');
insert into COCHE values (174, 10, 'Kona', 'Gasolina');
insert into COCHE values (175, 10, 'Kona', 'Híbrido');
insert into COCHE values (176, 10, 'Kona', 'Eléctrico');
insert into COCHE values (177, 10, 'Santa Fe', 'Gasolina');
insert into COCHE values (178, 10, 'Santa Fe', 'Diésel');
insert into COCHE values (179, 10, 'Santa Fe', 'Híbrido');
insert into COCHE values (180, 10, 'Tucson', 'Gasolina');
insert into COCHE values (181, 10, 'Tucson', 'Diésel');
insert into COCHE values (182, 10, 'Tucson', 'Híbrido');
insert into COCHE values (183, 11, 'Picanto', 'Gasolina');
insert into COCHE values (184, 11, 'Picanto', 'Diesel');
insert into COCHE values (185, 11, 'Rio', 'Gasolina');
insert into COCHE values (186, 11, 'Rio', 'Diesel');
insert into COCHE values (187, 11, 'Stonic', 'Gasolina');
insert into COCHE values (188, 11, 'Stonic', 'Diesel');
insert into COCHE values (189, 11, 'Niro', 'Híbrido');
insert into COCHE values (190, 11, 'Niro', 'Eléctrico');
insert into COCHE values (191, 11, 'Ceed', 'Gasolina');
insert into COCHE values (192, 11, 'Ceed', 'Diesel');
insert into COCHE values (193, 11, 'Sportage', 'Gasolina');
insert into COCHE values (194, 11, 'Sportage', 'Diesel');
insert into COCHE values (195, 11, 'Sorento', 'Gasolina');
insert into COCHE values (196, 11, 'Sorento', 'Diesel');
insert into COCHE values (197, 11, 'Telluride', 'Gasolina');
insert into COCHE values (198, 12, '2', 'Gasolina');
insert into COCHE values (199, 12, '2', 'Diesel');
insert into COCHE values (200, 12, '2', 'Híbrido');
insert into COCHE values (201, 12, '3', 'Gasolina');
insert into COCHE values (202, 12, '3', 'Diesel');
insert into COCHE values (203, 12, '3', 'Híbrido');
insert into COCHE values (204, 12, 'CX-30', 'Gasolina');
insert into COCHE values (205, 12, 'CX-30', 'Diesel');
insert into COCHE values (206, 12, 'CX-30', 'Híbrido');
insert into COCHE values (207, 12, 'CX-5', 'Gasolina');
insert into COCHE values (208, 12, 'CX-5', 'Diesel');
insert into COCHE values (209, 12, 'CX-5', 'Híbrido');
insert into COCHE values (210, 13, 'XC90', 'Gasolina');
insert into COCHE values (211, 13, 'XC90', 'Diésel');
insert into COCHE values (212, 13, 'XC90', 'Híbrido enchufable');
insert into COCHE values (213, 13, 'XC90', 'Eléctrico');
insert into COCHE values (214, 13, 'XC60', 'Gasolina');
insert into COCHE values (215, 13, 'XC60', 'Diésel');
insert into COCHE values (216, 13, 'XC60', 'Híbrido enchufable');
insert into COCHE values (217, 13, 'XC60', 'Eléctrico');
insert into COCHE values (218, 13, 'XC40', 'Gasolina');
insert into COCHE values (219, 13, 'XC40', 'Diésel');
insert into COCHE values (220, 13, 'XC40', 'Híbrido enchufable');
insert into COCHE values (221, 13, 'XC40', 'Eléctrico');
insert into COCHE values (222, 13, 'S90', 'Gasolina');
insert into COCHE values (223, 13, 'S90', 'Diésel');
insert into COCHE values (224, 13, 'S90', 'Híbrido enchufable');
insert into COCHE values (225, 13, 'S60', 'Gasolina');
insert into COCHE values (226, 13, 'S60', 'Diésel');
insert into COCHE values (227, 13, 'S60', 'Híbrido enchufable');
insert into COCHE values (228, 13, 'V90', 'Gasolina');
insert into COCHE values (229, 13, 'V90', 'Diésel');
insert into COCHE values (230, 13, 'V90', 'Híbrido enchufable');
insert into COCHE values (231, 13, 'V60', 'Gasolina');
insert into COCHE values (232, 13, 'V60', 'Diésel');
insert into COCHE values (233, 13, 'V60', 'Híbrido enchufable');
insert into COCHE values (234, 14, '108', 'Gasolina');
insert into COCHE values (235, 14, '208', 'Gasolina');
insert into COCHE values (236, 14, '208', 'Diesel');
insert into COCHE values (237, 14, '208', 'Eléctrico');
insert into COCHE values (238, 14, '2008', 'Gasolina');
insert into COCHE values (239, 14, '2008', 'Diesel');
insert into COCHE values (240, 14, '2008', 'Eléctrico');
insert into COCHE values (241, 14, '308', 'Gasolina');
insert into COCHE values (242, 14, '308', 'Diesel');
insert into COCHE values (243, 14, '3008', 'Gasolina');
insert into COCHE values (244, 14, '3008', 'Diesel');
insert into COCHE values (245, 14, '3008', 'Eléctrico');
insert into COCHE values (246, 14, '508', 'Gasolina');
insert into COCHE values (247, 14, '508', 'Diesel');
insert into COCHE values (248, 14, '508', 'Eléctrico');
insert into COCHE values (249, 14, '5008', 'Gasolina');
insert into COCHE values (250, 14, '5008', 'Diesel');
insert into COCHE values (251, 14, '5008', 'Eléctrico');
insert into COCHE values (252, 14, 'Rifter', 'Gasolina');
insert into COCHE values (253, 14, 'Rifter', 'Diesel');
insert into COCHE values (254, 14, 'Traveller', 'Gasolina');
insert into COCHE values (255, 14, 'Traveller', 'Diesel');
insert into COCHE values (256, 14, 'Partner', 'Gasolina');
insert into COCHE values (257, 14, 'Partner', 'Diesel');
insert into COCHE values (258, 14, 'Expert', 'Gasolina');
insert into COCHE values (259, 14, 'Expert', 'Diesel');
insert into COCHE values (260, 14, 'Boxer', 'Gasolina');
insert into COCHE values (261, 14, 'Boxer', 'Diesel');
insert into COCHE values (262, 15, '500', 'Gasolina');
insert into COCHE values (263, 15, '500', 'Eléctrico');
insert into COCHE values (264, 15, '500L', 'Gasolina');
insert into COCHE values (265, 15, '500X', 'Gasolina');
insert into COCHE values (266, 15, 'Panda', 'Gasolina');
insert into COCHE values (267, 15, 'Panda', 'GNC');
insert into COCHE values (268, 15, 'Tipo', 'Gasolina');
insert into COCHE values (269, 15, 'Tipo', 'Diésel');
insert into COCHE values (270, 15, 'Tipo', 'GNC');
insert into COCHE values (271, 15, 'Doblo', 'Gasolina');
insert into COCHE values (272, 15, 'Doblo', 'Diésel');
insert into COCHE values (273, 15, 'Doblo', 'GNC');
insert into COCHE values (274, 15, 'Qubo', 'Gasolina');
insert into COCHE values (275, 15, 'Qubo', 'Diésel');
insert into COCHE values (276, 15, 'Tipo Cross', 'Gasolina');
insert into COCHE values (277, 15, 'Tipo Cross', 'Diésel');
insert into COCHE values (278, 15, '500e', 'Eléctrico');
insert into COCHE values (279, 15, '500C', 'Gasolina');
insert into COCHE values (280, 15, 'Talento', 'Diésel');
insert into COCHE values (281, 15, 'Ducato', 'Diésel');
insert into COCHE values (282, 15, 'Punto', 'Gasolina');
insert into COCHE values (283, 15, 'Punto', 'Diésel');
insert into COCHE values (284, 15, 'Freemont', 'Gasolina');
insert into COCHE values (285, 15, 'Freemont', 'Diésel');
insert into COCHE values (286, 15, '500L Living', 'Gasolina');
insert into COCHE values (287, 15, '500L Living', 'Diésel');
insert into COCHE values (288, 15, '124 Spider', 'Gasolina');
insert into COCHE values (289, 15, 'Fullback', 'Diésel');
insert into COCHE values (290, 15, 'Tipo Station Wagon', 'Gasolina');
insert into COCHE values (291, 15, 'Tipo Station Wagon', 'Diésel');
insert into COCHE values (292, 15, 'Tipo Sedan', 'Gasolina');
insert into COCHE values (293, 15, 'Tipo Sedan', 'Diésel');
insert into COCHE values (294, 15, 'Tipo Sedan', 'GNC');
insert into COCHE values (295, 15, '500L Cross', 'Gasolina');
insert into COCHE values (296, 15, '500L Cross', 'Diésel');
insert into COCHE values (297, 15, '500L Trekking', 'Gasolina');
insert into COCHE values (298, 15, '500L Trekking', 'Diésel');
insert into COCHE values (299, 15, '500L Urban', 'Gasolina');
insert into COCHE values (300, 15, '500L Urban', 'Diésel');
insert into COCHE values (301, 15, '500S', 'Gasolina');
insert into COCHE values (302, 15, '500C Cabrio', 'Gasolina');
insert into COCHE values (303, 15, '500L MPV', 'Gasolina');
insert into COCHE values (304, 15, '500L MPV', 'Diésel');
insert into COCHE values (305, 15, '500 Spiaggina 58', 'Gasolina');
insert into COCHE values (306, 16, 'Arona', 'Gasolina');
insert into COCHE values (307, 16, 'Arona', 'Diésel');
insert into COCHE values (308, 16, 'Arona', 'Eléctrico');
insert into COCHE values (309, 16, 'Arona', 'Híbrido enchufable');
insert into COCHE values (310, 16, 'Ateca', 'Gasolina');
insert into COCHE values (311, 16, 'Ateca', 'Diésel');
insert into COCHE values (312, 16, 'Ateca', 'Híbrido enchufable');
insert into COCHE values (313, 16, 'Ibiza', 'Gasolina');
insert into COCHE values (314, 16, 'Ibiza', 'Diésel');
insert into COCHE values (315, 16, 'Leon', 'Gasolina');
insert into COCHE values (316, 16, 'Leon', 'Diésel');
insert into COCHE values (317, 16, 'Leon', 'Eléctrico');
insert into COCHE values (318, 16, 'Leon', 'Híbrido enchufable');
insert into COCHE values (319, 16, 'Tarraco', 'Gasolina');
insert into COCHE values (320, 16, 'Tarraco', 'Diésel');
insert into COCHE values (321, 16, 'Tarraco', 'Híbrido enchufable');
insert into COCHE values (322, 17, 'Model S', 'Eléctrico');
insert into COCHE values (323, 17, 'Model 3', 'Eléctrico');
insert into COCHE values (324, 17, 'Model X', 'Eléctrico');
insert into COCHE values (325, 17, 'Model Y', 'Eléctrico');
insert into COCHE values (326, 18, 'Clio', 'Gasolina');
insert into COCHE values (327, 18, 'Clio', 'Diésel');
insert into COCHE values (328, 18, 'Clio', 'Híbrido');
insert into COCHE values (329, 18, 'Mégane', 'Gasolina');
insert into COCHE values (330, 18, 'Mégane', 'Diésel');
insert into COCHE values (331, 18, 'Mégane', 'Híbrido');
insert into COCHE values (332, 18, 'Captur', 'Gasolina');
insert into COCHE values (333, 18, 'Captur', 'Diésel');
insert into COCHE values (334, 18, 'Captur', 'Híbrido');
insert into COCHE values (335, 18, 'Zoe', 'Eléctrico');
insert into COCHE values (336, 18, 'Kadjar', 'Gasolina');
insert into COCHE values (337, 18, 'Kadjar', 'Diésel');
insert into COCHE values (338, 18, 'Kadjar', 'Híbrido');
insert into COCHE values (339, 18, 'Talisman', 'Gasolina');
insert into COCHE values (340, 18, 'Talisman', 'Diésel');
insert into COCHE values (341, 18, 'Talisman', 'Híbrido');
insert into COCHE values (342, 18, 'Scénic', 'Gasolina');
insert into COCHE values (343, 18, 'Scénic', 'Diésel');
insert into COCHE values (344, 18, 'Scénic', 'Híbrido');
insert into COCHE values (345, 18, 'Twingo', 'Gasolina');
insert into COCHE values (346, 18, 'Twingo', 'Eléctrico');
insert into COCHE values (347, 18, 'Koleos', 'Gasolina');
insert into COCHE values (348, 18, 'Koleos', 'Diésel');
insert into COCHE values (349, 18, 'Koleos', 'Híbrido');
insert into COCHE values (350, 18, 'Clio', 'Gasolina');
insert into COCHE values (351, 18, 'Laguna', 'Gasolina');
insert into COCHE values (352, 18, 'Laguna', 'Diésel');
insert into COCHE values (353, 18, 'Laguna', 'Híbrido');


/************ CARGA DE LA TABLA REPARA (ID, COD_MECANICO, COD_COCHE, FECHA, PRECIO) ************/
insert into REPARA values (1, 7, 215, '2016-09-04', 2315.12);
insert into REPARA values (2, 1, 317, '2020-03-11', 4858.58);
insert into REPARA values (3, 1, 275, '2021-07-28', 4450.63);
insert into REPARA values (4, 9, 99, '2019-04-06', 4143.21);
insert into REPARA values (5, 4, 190, '2020-02-10', 4511.32);
insert into REPARA values (6, 10, 293, '2015-01-22', 1926.21);
insert into REPARA values (7, 2, 330, '2015-03-18', 471.69);
insert into REPARA values (8, 9, 276, '2017-04-30', 3483.32);
insert into REPARA values (9, 2, 79, '2020-07-11', 4642.69);
insert into REPARA values (10, 3, 98, '2019-01-03', 309.79);
insert into REPARA values (11, 1, 91, '2020-10-29', 4816.67);
insert into REPARA values (12, 5, 330, '2017-02-14', 1161.25);
insert into REPARA values (13, 9, 100, '2019-01-19', 2641.51);
insert into REPARA values (14, 7, 19, '2015-06-11', 4754.85);
insert into REPARA values (15, 3, 74, '2015-09-27', 1878.46);
insert into REPARA values (16, 4, 174, '2015-01-04', 4348.31);
insert into REPARA values (17, 2, 15, '2022-12-11', 2062.89);
insert into REPARA values (18, 9, 59, '2020-07-22', 4745.27);
insert into REPARA values (19, 4, 11, '2016-02-01', 1454.69);
insert into REPARA values (20, 7, 225, '2021-04-29', 1853.55);
insert into REPARA values (21, 4, 252, '2018-03-20', 2439.37);
insert into REPARA values (22, 5, 269, '2021-06-10', 1895.29);
insert into REPARA values (23, 3, 53, '2020-01-30', 4549.38);
insert into REPARA values (24, 9, 103, '2016-02-06', 1331.35);
insert into REPARA values (25, 6, 9, '2015-03-11', 1064.34);
insert into REPARA values (26, 10, 256, '2020-05-28', 3799.57);
insert into REPARA values (27, 6, 53, '2020-11-14', 1663.10);
insert into REPARA values (28, 7, 93, '2015-07-28', 4282.47);
insert into REPARA values (29, 2, 156, '2016-12-17', 179.66);
insert into REPARA values (30, 9, 173, '2017-10-13', 3015.71);
insert into REPARA values (31, 9, 181, '2020-10-15', 1513.91);
insert into REPARA values (32, 8, 157, '2022-02-03', 2149.29);
insert into REPARA values (33, 1, 40, '2016-03-15', 4690.72);
insert into REPARA values (34, 8, 264, '2016-01-17', 1826.78);
insert into REPARA values (35, 1, 303, '2015-10-30', 3935.34);
insert into REPARA values (36, 4, 322, '2017-03-11', 679.97);
insert into REPARA values (37, 6, 214, '2018-10-26', 4619.82);
insert into REPARA values (38, 7, 61, '2020-10-14', 2537.89);
insert into REPARA values (39, 8, 320, '2021-07-31', 2213.30);
insert into REPARA values (40, 8, 192, '2021-04-03', 1053.73);
insert into REPARA values (41, 9, 148, '2018-11-04', 4718.21);
insert into REPARA values (42, 7, 174, '2017-06-23', 1206.60);
insert into REPARA values (43, 4, 70, '2016-07-16', 4023.74);
insert into REPARA values (44, 1, 43, '2017-04-23', 3626.27);
insert into REPARA values (45, 5, 260, '2015-11-21', 4292.68);
insert into REPARA values (46, 5, 257, '2017-01-06', 4771.70);
insert into REPARA values (47, 2, 332, '2021-12-08', 4847.37);
insert into REPARA values (48, 9, 339, '2020-11-09', 1125.27);
insert into REPARA values (49, 1, 121, '2020-08-16', 1198.63);
insert into REPARA values (50, 8, 150, '2018-03-10', 3408.12);
insert into REPARA values (51, 9, 209, '2021-10-22', 4715.20);
insert into REPARA values (52, 3, 104, '2020-07-13', 593.61);
insert into REPARA values (53, 4, 29, '2017-01-28', 1278.08);
insert into REPARA values (54, 10, 248, '2021-08-01', 2035.33);
insert into REPARA values (55, 5, 274, '2017-04-28', 289.25);
insert into REPARA values (56, 5, 85, '2018-05-05', 1859.40);
insert into REPARA values (57, 10, 169, '2021-03-28', 2815.53);
insert into REPARA values (58, 9, 238, '2017-01-01', 998.82);
insert into REPARA values (59, 2, 223, '2015-05-14', 2425.59);
insert into REPARA values (60, 5, 87, '2022-04-18', 3999.30);
insert into REPARA values (61, 1, 173, '2021-07-11', 996.36);
insert into REPARA values (62, 2, 306, '2022-04-29', 1308.82);
insert into REPARA values (63, 3, 310, '2018-07-30', 151.90);
insert into REPARA values (64, 5, 54, '2019-11-02', 3579.28);
insert into REPARA values (65, 9, 192, '2015-03-17', 2496.53);
insert into REPARA values (66, 10, 303, '2020-11-24', 1075.64);
insert into REPARA values (67, 1, 314, '2020-10-30', 1009.43);
insert into REPARA values (68, 1, 181, '2018-08-23', 1245.48);
insert into REPARA values (69, 1, 180, '2018-09-28', 259.45);
insert into REPARA values (70, 5, 219, '2017-08-01', 2824.72);
insert into REPARA values (71, 6, 334, '2015-12-21', 3039.74);
insert into REPARA values (72, 8, 73, '2015-01-06', 558.77);
insert into REPARA values (73, 7, 226, '2022-05-16', 1207.06);
insert into REPARA values (74, 9, 280, '2021-05-15', 763.55);
insert into REPARA values (75, 4, 262, '2022-09-18', 3062.25);
insert into REPARA values (76, 9, 183, '2019-05-02', 4991.34);
insert into REPARA values (77, 1, 177, '2015-05-30', 222.44);
insert into REPARA values (78, 10, 101, '2015-12-08', 4370.64);
insert into REPARA values (79, 10, 284, '2020-08-06', 3990.38);
insert into REPARA values (80, 5, 209, '2023-03-09', 3738.86);
insert into REPARA values (81, 9, 276, '2020-10-25', 1273.28);
insert into REPARA values (82, 2, 9, '2018-04-22', 2623.93);
insert into REPARA values (83, 9, 123, '2016-09-25', 2271.25);
insert into REPARA values (84, 4, 280, '2016-07-31', 2926.88);
insert into REPARA values (85, 8, 157, '2021-12-17', 674.94);
insert into REPARA values (86, 4, 326, '2018-01-13', 2299.04);
insert into REPARA values (87, 8, 3, '2018-07-23', 1186.34);
insert into REPARA values (88, 3, 293, '2020-04-10', 4698.76);
insert into REPARA values (89, 2, 135, '2022-09-25', 383.74);
insert into REPARA values (90, 7, 180, '2022-03-09', 869.61);
insert into REPARA values (91, 5, 215, '2015-01-11', 2233.99);
insert into REPARA values (92, 8, 157, '2017-11-04', 1186.96);
insert into REPARA values (93, 1, 144, '2021-03-05', 2845.94);
insert into REPARA values (94, 7, 101, '2018-06-02', 4124.55);
insert into REPARA values (95, 7, 148, '2015-07-13', 2497.50);
insert into REPARA values (96, 4, 80, '2021-06-03', 4551.93);
insert into REPARA values (97, 1, 16, '2016-08-19', 4104.16);
insert into REPARA values (98, 1, 87, '2015-07-20', 4007.10);
insert into REPARA values (99, 5, 270, '2018-11-18', 232.04);
insert into REPARA values (100, 1, 237, '2018-02-11', 273.93);
insert into REPARA values (101, 5, 46, '2017-11-30', 589.33);
insert into REPARA values (102, 8, 280, '2021-01-14', 1755.43);
insert into REPARA values (103, 2, 234, '2016-02-28', 4556.10);
insert into REPARA values (104, 10, 251, '2022-08-15', 4528.06);
insert into REPARA values (105, 10, 327, '2016-12-22', 4032.24);
insert into REPARA values (106, 4, 325, '2021-05-10', 1351.55);
insert into REPARA values (107, 4, 279, '2017-08-13', 3968.59);
insert into REPARA values (108, 6, 190, '2015-12-14', 1108.97);
insert into REPARA values (109, 3, 329, '2022-03-05', 3444.46);
insert into REPARA values (110, 9, 209, '2023-03-06', 567.34);
insert into REPARA values (111, 9, 107, '2023-01-28', 115.97);
insert into REPARA values (112, 2, 350, '2018-09-15', 1027.94);
insert into REPARA values (113, 4, 287, '2022-11-18', 4644.56);
insert into REPARA values (114, 2, 105, '2023-03-13', 4079.71);
insert into REPARA values (115, 3, 159, '2015-05-05', 2568.16);
insert into REPARA values (116, 5, 146, '2017-05-27', 2042.65);
insert into REPARA values (117, 8, 22, '2020-04-02', 3911.22);
insert into REPARA values (118, 7, 65, '2018-01-28', 2516.89);
insert into REPARA values (119, 1, 45, '2018-08-12', 3768.09);
insert into REPARA values (120, 10, 308, '2019-01-28', 2309.13);
insert into REPARA values (121, 3, 345, '2022-10-11', 528.62);
insert into REPARA values (122, 7, 345, '2018-09-23', 2732.41);
insert into REPARA values (123, 4, 198, '2020-08-30', 4623.98);
insert into REPARA values (124, 5, 264, '2021-05-09', 4259.23);
insert into REPARA values (125, 6, 281, '2019-09-30', 4414.76);
insert into REPARA values (126, 7, 153, '2020-01-14', 3410.00);
insert into REPARA values (127, 3, 25, '2018-11-11', 3293.60);
insert into REPARA values (128, 9, 312, '2015-03-15', 607.12);
insert into REPARA values (129, 6, 258, '2015-06-04', 2601.03);
insert into REPARA values (130, 8, 184, '2019-06-24', 2689.82);
insert into REPARA values (131, 1, 313, '2016-05-16', 1845.60);
insert into REPARA values (132, 10, 271, '2018-04-09', 3896.55);
insert into REPARA values (133, 7, 20, '2016-12-11', 4404.62);
insert into REPARA values (134, 6, 157, '2018-08-15', 1950.72);
insert into REPARA values (135, 1, 349, '2023-01-20', 2231.80);
insert into REPARA values (136, 9, 296, '2016-05-31', 241.47);
insert into REPARA values (137, 3, 260, '2015-12-18', 4915.20);
insert into REPARA values (138, 10, 275, '2022-08-17', 1844.54);
insert into REPARA values (139, 9, 148, '2022-11-15', 667.23);
insert into REPARA values (140, 7, 161, '2018-05-27', 4595.78);
insert into REPARA values (141, 8, 299, '2023-02-21', 1464.31);
insert into REPARA values (142, 8, 52, '2015-10-20', 663.35);
insert into REPARA values (143, 5, 261, '2022-12-12', 3527.40);
insert into REPARA values (144, 3, 47, '2015-11-03', 2538.64);
insert into REPARA values (145, 9, 317, '2017-05-12', 1700.92);
insert into REPARA values (146, 6, 14, '2022-01-15', 3398.44);
insert into REPARA values (147, 8, 43, '2023-01-15', 2824.97);
insert into REPARA values (148, 3, 280, '2017-05-07', 624.93);
insert into REPARA values (149, 2, 120, '2022-09-21', 609.15);
insert into REPARA values (150, 5, 313, '2021-03-30', 3113.79);
insert into REPARA values (151, 3, 20, '2023-02-19', 2535.78);
insert into REPARA values (152, 3, 47, '2016-01-26', 267.91);
insert into REPARA values (153, 5, 283, '2017-11-02', 4366.37);
insert into REPARA values (154, 10, 48, '2017-08-03', 3751.72);
insert into REPARA values (155, 7, 104, '2015-01-11', 4888.82);
insert into REPARA values (156, 2, 278, '2018-07-30', 471.78);
insert into REPARA values (157, 3, 202, '2020-03-03', 1095.97);
insert into REPARA values (158, 10, 139, '2018-10-22', 3628.67);
insert into REPARA values (159, 2, 33, '2021-05-24', 2744.00);
insert into REPARA values (160, 4, 181, '2021-11-20', 972.31);
insert into REPARA values (161, 9, 164, '2022-01-27', 1473.96);
insert into REPARA values (162, 4, 130, '2015-03-03', 2042.09);
insert into REPARA values (163, 4, 165, '2020-09-12', 4118.78);
insert into REPARA values (164, 8, 98, '2020-02-18', 524.77);
insert into REPARA values (165, 10, 349, '2023-01-22', 3365.28);
insert into REPARA values (166, 2, 260, '2015-02-12', 2722.66);
insert into REPARA values (167, 8, 253, '2017-12-22', 2653.06);
insert into REPARA values (168, 3, 273, '2017-11-22', 3954.49);
insert into REPARA values (169, 5, 76, '2015-12-02', 1858.61);
insert into REPARA values (170, 8, 133, '2018-03-11', 2491.47);
insert into REPARA values (171, 6, 64, '2021-11-04', 674.90);
insert into REPARA values (172, 3, 154, '2016-10-09', 4032.00);
insert into REPARA values (173, 4, 244, '2021-03-15', 691.95);
insert into REPARA values (174, 5, 237, '2017-10-01', 1269.35);
insert into REPARA values (175, 2, 169, '2019-08-24', 2034.22);
insert into REPARA values (176, 3, 327, '2021-05-17', 722.18);
insert into REPARA values (177, 5, 131, '2017-04-26', 3177.92);
insert into REPARA values (178, 5, 338, '2018-08-15', 2857.64);
insert into REPARA values (179, 2, 169, '2022-09-27', 291.20);
insert into REPARA values (180, 9, 281, '2018-02-14', 2062.25);
insert into REPARA values (181, 1, 100, '2016-08-02', 3893.01);
insert into REPARA values (182, 5, 218, '2017-10-07', 783.66);
insert into REPARA values (183, 2, 30, '2015-12-08', 2788.95);
insert into REPARA values (184, 10, 339, '2019-11-16', 2235.81);
insert into REPARA values (185, 5, 126, '2018-12-29', 4379.96);
insert into REPARA values (186, 3, 114, '2022-12-27', 4294.11);
insert into REPARA values (187, 5, 122, '2017-07-12', 4154.16);
insert into REPARA values (188, 2, 320, '2022-05-16', 929.35);
insert into REPARA values (189, 8, 190, '2019-03-08', 2192.80);
insert into REPARA values (190, 8, 208, '2019-01-20', 2355.83);
insert into REPARA values (191, 7, 248, '2018-09-06', 3908.82);
insert into REPARA values (192, 2, 346, '2021-11-24', 4623.77);
insert into REPARA values (193, 1, 321, '2019-08-28', 295.00);
insert into REPARA values (194, 10, 103, '2018-12-02', 1582.81);
insert into REPARA values (195, 6, 188, '2017-03-13', 894.58);
insert into REPARA values (196, 6, 111, '2017-06-09', 1187.41);
insert into REPARA values (197, 1, 313, '2016-06-26', 4230.53);
insert into REPARA values (198, 5, 268, '2015-05-22', 3243.07);
insert into REPARA values (199, 6, 344, '2022-11-30', 292.02);
insert into REPARA values (200, 3, 209, '2016-09-21', 2525.28);
insert into REPARA values (201, 9, 313, '2020-09-30', 2408.80);
insert into REPARA values (202, 9, 180, '2019-05-17', 1526.44);
insert into REPARA values (203, 3, 30, '2021-07-06', 4356.78);
insert into REPARA values (204, 6, 52, '2020-07-12', 4743.65);
insert into REPARA values (205, 8, 106, '2016-09-09', 1047.16);
insert into REPARA values (206, 8, 174, '2022-04-08', 2560.55);
insert into REPARA values (207, 6, 104, '2019-11-03', 3207.72);
insert into REPARA values (208, 2, 215, '2015-06-10', 193.03);
insert into REPARA values (209, 5, 15, '2017-06-29', 1928.99);
insert into REPARA values (210, 2, 324, '2018-10-15', 4034.49);
insert into REPARA values (211, 4, 277, '2017-03-18', 3300.66);
insert into REPARA values (212, 1, 39, '2017-07-31', 3644.12);
insert into REPARA values (213, 1, 258, '2018-01-31', 3639.37);
insert into REPARA values (214, 7, 17, '2017-11-04', 600.67);
insert into REPARA values (215, 9, 241, '2021-12-12', 577.54);
insert into REPARA values (216, 5, 301, '2019-07-27', 3045.13);
insert into REPARA values (217, 3, 68, '2016-11-25', 669.70);
insert into REPARA values (218, 6, 165, '2018-12-26', 3380.28);
insert into REPARA values (219, 10, 154, '2022-05-10', 4522.09);
insert into REPARA values (220, 2, 346, '2016-12-29', 716.70);
insert into REPARA values (221, 10, 308, '2015-05-14', 1322.48);
insert into REPARA values (222, 6, 59, '2017-09-10', 3075.26);
insert into REPARA values (223, 2, 71, '2022-03-17', 1336.34);
insert into REPARA values (224, 10, 68, '2017-02-14', 4268.75);
insert into REPARA values (225, 7, 203, '2018-12-01', 333.43);
insert into REPARA values (226, 10, 289, '2015-09-02', 1521.24);
insert into REPARA values (227, 6, 351, '2016-10-05', 3957.06);
insert into REPARA values (228, 7, 211, '2019-12-27', 3866.93);
insert into REPARA values (229, 10, 347, '2023-01-25', 1724.32);
insert into REPARA values (230, 6, 35, '2015-05-12', 4638.14);
insert into REPARA values (231, 1, 1, '2020-03-25', 541.98);
insert into REPARA values (232, 8, 94, '2018-08-12', 3878.48);
insert into REPARA values (233, 1, 155, '2022-04-03', 195.06);
insert into REPARA values (234, 10, 346, '2021-12-12', 645.30);
insert into REPARA values (235, 9, 40, '2022-06-05', 2241.35);
insert into REPARA values (236, 6, 298, '2018-04-22', 483.72);
insert into REPARA values (237, 5, 348, '2016-12-09', 2862.46);
insert into REPARA values (238, 5, 135, '2022-08-13', 2184.14);
insert into REPARA values (239, 7, 121, '2015-07-15', 1935.09);
insert into REPARA values (240, 6, 80, '2016-07-20', 2874.03);
insert into REPARA values (241, 6, 104, '2020-02-28', 4503.62);
insert into REPARA values (242, 7, 350, '2016-11-20', 1048.69);
insert into REPARA values (243, 9, 67, '2020-04-05', 2984.64);
insert into REPARA values (244, 3, 73, '2017-09-16', 3412.10);
insert into REPARA values (245, 5, 99, '2017-11-22', 2133.78);
insert into REPARA values (246, 9, 286, '2017-01-14', 4853.64);
insert into REPARA values (247, 1, 273, '2015-03-20', 4475.26);
insert into REPARA values (248, 2, 94, '2017-05-22', 221.45);
insert into REPARA values (249, 9, 264, '2015-04-22', 1865.17);
insert into REPARA values (250, 1, 70, '2020-10-12', 1907.92);
insert into REPARA values (251, 4, 203, '2017-08-03', 1334.55);
insert into REPARA values (252, 3, 353, '2017-07-18', 4634.08);
insert into REPARA values (253, 8, 53, '2017-07-30', 4777.98);
insert into REPARA values (254, 8, 258, '2020-06-23', 4214.10);
insert into REPARA values (255, 7, 260, '2023-01-31', 4334.86);
insert into REPARA values (256, 4, 171, '2017-03-30', 2945.13);
insert into REPARA values (257, 4, 299, '2022-02-16', 4539.50);
insert into REPARA values (258, 6, 107, '2019-02-05', 2422.62);
insert into REPARA values (259, 3, 293, '2020-04-21', 4471.03);
insert into REPARA values (260, 1, 46, '2021-02-10', 3408.55);
insert into REPARA values (261, 3, 136, '2018-02-12', 2317.64);
insert into REPARA values (262, 5, 2, '2022-02-05', 4104.56);
insert into REPARA values (263, 6, 325, '2017-10-31', 826.77);
insert into REPARA values (264, 6, 133, '2021-06-10', 1095.40);
insert into REPARA values (265, 10, 145, '2020-05-05', 2453.61);
insert into REPARA values (266, 2, 38, '2018-05-11', 2953.48);
insert into REPARA values (267, 5, 324, '2021-02-14', 4539.96);
insert into REPARA values (268, 6, 264, '2018-07-03', 4353.00);
insert into REPARA values (269, 5, 116, '2020-10-06', 2582.67);
insert into REPARA values (270, 5, 193, '2019-11-11', 1070.87);
insert into REPARA values (271, 2, 6, '2017-09-16', 1657.78);
insert into REPARA values (272, 9, 266, '2015-08-07', 1659.78);
insert into REPARA values (273, 1, 129, '2020-12-05', 1842.76);
insert into REPARA values (274, 5, 141, '2019-12-04', 1356.75);
insert into REPARA values (275, 3, 109, '2016-07-04', 4177.91);
insert into REPARA values (276, 5, 176, '2022-09-26', 2589.03);
insert into REPARA values (277, 9, 212, '2017-07-14', 144.20);
insert into REPARA values (278, 6, 319, '2019-09-23', 3447.64);
insert into REPARA values (279, 9, 105, '2019-05-14', 1207.75);
insert into REPARA values (280, 9, 177, '2018-06-27', 1451.81);
insert into REPARA values (281, 3, 55, '2020-03-06', 3139.73);
insert into REPARA values (282, 1, 207, '2020-10-08', 1233.36);
insert into REPARA values (283, 3, 56, '2019-08-07', 3867.33);
insert into REPARA values (284, 4, 315, '2016-10-07', 3833.52);
insert into REPARA values (285, 6, 144, '2015-08-22', 4062.15);
insert into REPARA values (286, 4, 161, '2022-05-17', 928.13);
insert into REPARA values (287, 9, 240, '2022-04-11', 4896.84);
insert into REPARA values (288, 4, 207, '2017-01-30', 2984.07);
insert into REPARA values (289, 7, 232, '2023-01-16', 3789.20);
insert into REPARA values (290, 1, 116, '2020-12-16', 4441.71);
insert into REPARA values (291, 10, 204, '2021-02-25', 4541.89);
insert into REPARA values (292, 8, 172, '2018-01-28', 1772.55);
insert into REPARA values (293, 10, 33, '2021-10-21', 4752.46);
insert into REPARA values (294, 10, 36, '2016-06-26', 4617.06);
insert into REPARA values (295, 9, 114, '2019-09-29', 2256.24);
insert into REPARA values (296, 6, 278, '2021-07-31', 1165.72);
insert into REPARA values (297, 2, 137, '2016-02-03', 4976.48);
insert into REPARA values (298, 2, 229, '2022-03-25', 1603.83);
insert into REPARA values (299, 2, 159, '2018-05-23', 2147.67);
insert into REPARA values (300, 7, 274, '2020-12-22', 3530.52);
insert into REPARA values (301, 9, 31, '2015-10-06', 337.04);
insert into REPARA values (302, 4, 50, '2016-01-15', 1860.99);
insert into REPARA values (303, 9, 175, '2016-12-13', 4798.32);
insert into REPARA values (304, 9, 93, '2022-07-31', 4780.29);
insert into REPARA values (305, 4, 276, '2016-12-27', 2748.74);
insert into REPARA values (306, 1, 204, '2016-04-26', 1718.82);
insert into REPARA values (307, 3, 252, '2019-11-22', 3563.26);
insert into REPARA values (308, 5, 211, '2020-06-15', 1552.30);
insert into REPARA values (309, 7, 281, '2019-03-18', 2397.99);
insert into REPARA values (310, 3, 102, '2020-07-15', 2379.51);
insert into REPARA values (311, 7, 70, '2022-05-06', 4104.49);
insert into REPARA values (312, 1, 64, '2017-10-19', 3358.97);
insert into REPARA values (313, 4, 68, '2018-07-29', 3371.02);
insert into REPARA values (314, 9, 302, '2019-01-04', 310.07);
insert into REPARA values (315, 10, 251, '2015-12-08', 2174.36);
insert into REPARA values (316, 4, 351, '2018-08-07', 1909.05);
insert into REPARA values (317, 8, 280, '2020-10-21', 3120.85);
insert into REPARA values (318, 8, 33, '2021-05-05', 218.61);
insert into REPARA values (319, 10, 228, '2015-11-12', 3857.02);
insert into REPARA values (320, 4, 329, '2018-10-28', 1784.23);
insert into REPARA values (321, 8, 17, '2020-01-20', 1166.85);
insert into REPARA values (322, 8, 170, '2016-02-28', 946.30);
insert into REPARA values (323, 5, 192, '2021-09-11', 3443.65);
insert into REPARA values (324, 1, 209, '2022-11-20', 2691.78);
insert into REPARA values (325, 3, 51, '2020-07-05', 4126.43);
insert into REPARA values (326, 10, 261, '2020-06-17', 2158.24);
insert into REPARA values (327, 9, 308, '2019-02-06', 2114.73);
insert into REPARA values (328, 10, 67, '2020-02-17', 4985.57);
insert into REPARA values (329, 6, 312, '2019-02-14', 4601.67);
insert into REPARA values (330, 5, 52, '2018-12-17', 2748.66);
insert into REPARA values (331, 3, 242, '2015-10-12', 3744.89);
insert into REPARA values (332, 6, 252, '2015-04-11', 4932.27);
insert into REPARA values (333, 4, 37, '2017-06-10', 1935.95);
insert into REPARA values (334, 9, 158, '2021-02-19', 684.58);
insert into REPARA values (335, 7, 58, '2016-02-27', 4335.13);
insert into REPARA values (336, 9, 57, '2021-04-05', 4012.32);
insert into REPARA values (337, 3, 195, '2022-05-28', 4415.09);
insert into REPARA values (338, 6, 62, '2022-04-22', 870.03);
insert into REPARA values (339, 6, 51, '2015-07-12', 2343.39);
insert into REPARA values (340, 2, 152, '2019-11-19', 3710.43);
insert into REPARA values (341, 10, 89, '2020-02-23', 1006.08);
insert into REPARA values (342, 6, 298, '2015-10-30', 111.59);
insert into REPARA values (343, 5, 274, '2016-01-07', 465.08);
insert into REPARA values (344, 5, 174, '2015-07-15', 3121.20);
insert into REPARA values (345, 5, 283, '2021-02-17', 1892.83);
insert into REPARA values (346, 6, 326, '2023-03-06', 448.10);
insert into REPARA values (347, 7, 81, '2022-03-13', 3568.83);
insert into REPARA values (348, 9, 138, '2017-09-27', 2957.80);
insert into REPARA values (349, 6, 70, '2021-12-30', 346.87);
insert into REPARA values (350, 4, 211, '2018-02-02', 3715.62);
insert into REPARA values (351, 10, 189, '2020-03-28', 3849.20);
insert into REPARA values (352, 4, 295, '2017-01-26', 1737.16);
insert into REPARA values (353, 2, 345, '2022-03-28', 3371.77);
insert into REPARA values (354, 8, 240, '2020-05-02', 364.72);
insert into REPARA values (355, 8, 141, '2016-08-11', 4467.54);
insert into REPARA values (356, 8, 18, '2021-01-04', 2621.85);
insert into REPARA values (357, 4, 100, '2022-09-10', 4858.00);
insert into REPARA values (358, 8, 338, '2021-08-03', 4905.74);
insert into REPARA values (359, 8, 289, '2022-11-30', 1203.54);
insert into REPARA values (360, 7, 329, '2019-08-05', 2681.17);
insert into REPARA values (361, 2, 53, '2022-02-06', 3262.02);
insert into REPARA values (362, 1, 224, '2018-04-20', 3284.47);
insert into REPARA values (363, 10, 252, '2020-11-04', 479.20);
insert into REPARA values (364, 6, 100, '2017-12-24', 2482.65);
insert into REPARA values (365, 4, 145, '2015-09-27', 1992.86);
insert into REPARA values (366, 1, 340, '2015-05-27', 2045.98);
insert into REPARA values (367, 8, 292, '2022-06-24', 457.80);
insert into REPARA values (368, 9, 321, '2019-08-26', 2994.43);
insert into REPARA values (369, 10, 320, '2018-01-29', 1831.58);
insert into REPARA values (370, 10, 136, '2020-05-10', 1498.33);
insert into REPARA values (371, 7, 182, '2019-04-10', 2851.59);
insert into REPARA values (372, 1, 16, '2015-10-03', 1221.61);
insert into REPARA values (373, 1, 213, '2019-10-15', 4081.04);
insert into REPARA values (374, 8, 75, '2020-03-16', 3094.41);
insert into REPARA values (375, 3, 235, '2015-05-14', 1701.16);
insert into REPARA values (376, 9, 226, '2020-03-01', 3428.47);
insert into REPARA values (377, 5, 148, '2021-02-05', 4986.56);
insert into REPARA values (378, 2, 323, '2015-08-30', 4546.75);
insert into REPARA values (379, 4, 85, '2022-08-08', 2265.76);
insert into REPARA values (380, 1, 16, '2016-07-25', 2871.58);
insert into REPARA values (381, 9, 351, '2021-03-16', 1549.35);
insert into REPARA values (382, 9, 238, '2020-02-03', 2021.29);
insert into REPARA values (383, 1, 269, '2022-11-10', 1923.29);
insert into REPARA values (384, 1, 277, '2020-03-17', 234.57);
insert into REPARA values (385, 10, 150, '2023-02-11', 3595.46);
insert into REPARA values (386, 10, 93, '2022-07-23', 2433.15);
insert into REPARA values (387, 3, 183, '2017-03-15', 4916.11);
insert into REPARA values (388, 3, 17, '2021-04-26', 4007.85);
insert into REPARA values (389, 2, 157, '2017-04-06', 1260.57);
insert into REPARA values (390, 4, 325, '2015-03-15', 4723.80);
insert into REPARA values (391, 8, 255, '2020-06-13', 3892.66);
insert into REPARA values (392, 3, 149, '2019-07-20', 4515.87);
insert into REPARA values (393, 10, 66, '2021-09-20', 4288.10);
insert into REPARA values (394, 5, 75, '2021-04-16', 1917.65);
insert into REPARA values (395, 7, 187, '2021-04-25', 1163.74);
insert into REPARA values (396, 10, 278, '2020-01-07', 2243.39);
insert into REPARA values (397, 5, 190, '2021-12-24', 4776.57);
insert into REPARA values (398, 7, 180, '2020-04-27', 1607.15);
insert into REPARA values (399, 3, 2, '2017-12-15', 401.58);
insert into REPARA values (400, 7, 260, '2021-08-19', 212.52);
insert into REPARA values (401, 3, 232, '2016-10-20', 1131.61);
insert into REPARA values (402, 4, 234, '2020-11-08', 1192.14);
insert into REPARA values (403, 2, 231, '2015-05-26', 1089.18);
insert into REPARA values (404, 3, 288, '2016-11-02', 3640.15);
insert into REPARA values (405, 4, 179, '2021-11-24', 4040.84);
insert into REPARA values (406, 3, 320, '2020-11-10', 3172.48);
insert into REPARA values (407, 3, 79, '2017-03-17', 3541.63);
insert into REPARA values (408, 8, 89, '2017-04-13', 2098.13);
insert into REPARA values (409, 3, 33, '2019-11-10', 4499.74);
insert into REPARA values (410, 5, 192, '2021-09-26', 1620.10);
insert into REPARA values (411, 5, 86, '2022-03-29', 3110.08);
insert into REPARA values (412, 9, 261, '2021-09-17', 1858.51);
insert into REPARA values (413, 8, 168, '2018-12-27', 3076.41);
insert into REPARA values (414, 2, 315, '2021-10-11', 406.55);
insert into REPARA values (415, 7, 167, '2018-07-11', 3154.98);
insert into REPARA values (416, 10, 208, '2017-11-27', 1262.90);
insert into REPARA values (417, 8, 153, '2019-10-23', 4221.13);
insert into REPARA values (418, 3, 120, '2017-10-13', 4536.29);
insert into REPARA values (419, 2, 159, '2015-08-28', 1911.62);
insert into REPARA values (420, 6, 39, '2018-01-24', 3756.88);
insert into REPARA values (421, 3, 206, '2022-09-24', 2139.45);
insert into REPARA values (422, 6, 101, '2021-12-14', 2529.42);
insert into REPARA values (423, 2, 47, '2022-04-13', 2033.21);
insert into REPARA values (424, 3, 153, '2023-01-13', 4667.14);
insert into REPARA values (425, 3, 150, '2017-05-16', 4672.59);
insert into REPARA values (426, 9, 127, '2020-02-12', 560.16);
insert into REPARA values (427, 1, 236, '2021-04-24', 869.05);
insert into REPARA values (428, 2, 153, '2019-05-15', 1858.47);
insert into REPARA values (429, 3, 325, '2022-01-18', 1384.03);
insert into REPARA values (430, 9, 342, '2023-01-26', 3829.96);
insert into REPARA values (431, 5, 128, '2016-05-23', 1790.98);
insert into REPARA values (432, 5, 108, '2019-02-17', 3883.71);
insert into REPARA values (433, 4, 39, '2018-11-21', 949.93);
insert into REPARA values (434, 9, 46, '2017-01-17', 2474.67);
insert into REPARA values (435, 5, 279, '2018-08-04', 3866.42);
insert into REPARA values (436, 6, 2, '2017-06-03', 3680.24);
insert into REPARA values (437, 4, 191, '2015-12-31', 1933.62);
insert into REPARA values (438, 10, 283, '2022-11-14', 4300.80);
insert into REPARA values (439, 7, 2, '2021-11-11', 4590.80);
insert into REPARA values (440, 7, 258, '2019-01-10', 2649.26);
insert into REPARA values (441, 6, 352, '2015-10-07', 4563.88);
insert into REPARA values (442, 7, 29, '2020-01-05', 1250.26);
insert into REPARA values (443, 2, 160, '2017-12-06', 2308.48);
insert into REPARA values (444, 10, 140, '2022-01-07', 3638.01);
insert into REPARA values (445, 10, 321, '2020-11-03', 4952.71);
insert into REPARA values (446, 8, 277, '2018-02-24', 4551.16);
insert into REPARA values (447, 3, 205, '2022-06-16', 3488.31);
insert into REPARA values (448, 10, 199, '2020-12-16', 1483.95);
insert into REPARA values (449, 2, 213, '2017-03-31', 843.49);
insert into REPARA values (450, 4, 35, '2015-12-02', 906.32);


/************ CARGA DE LA TABLA CONCESIONARIO (CODIGO, LOCALIDAD, HORA_APERTURA, HORA_CIERRE) ************/
insert into CONCESIONARIO values (1, 'Madrid', '09:00:00', '21:00:00');
insert into CONCESIONARIO values (2, 'Barcelona', '09:00:00', '19:30:00');
insert into CONCESIONARIO values (3, 'Valencia', '09:30:00', '19:00:00');
insert into CONCESIONARIO values (4, 'Sevilla', '10:00:00', '18:00:00');
insert into CONCESIONARIO values (5, 'Zaragoza', '08:00:00', '20:30:00');
insert into CONCESIONARIO values (6, 'Málaga', '10:00:00', '19:00:00');
insert into CONCESIONARIO values (7, 'Murcia', '10:00:00', '19:00:00');
insert into CONCESIONARIO values (8, 'Palma', '09:00:00', '20:00:00');
insert into CONCESIONARIO values (9, 'Las Palmas de Gran Canaria', '09:30:00', '19:30:00');
insert into CONCESIONARIO values (10, 'Bilbao', '09:30:00', '19:30:00');
insert into CONCESIONARIO values (11, 'Alicante', '11:00:00', '19:30:00');
insert into CONCESIONARIO values (12, 'Córdoba', '10:30:00', '19:00:00');
insert into CONCESIONARIO values (13, 'Valladolid', '10:00:00', '18:30:00');
insert into CONCESIONARIO values (14, 'Vigo', '11:30:00', '21:30:00');
insert into CONCESIONARIO values (15, 'Gijón', '09:00:00', '20:30:00');


/************ CARGA DE LA TABLA OFRECE (COD_COCHE, COD_CONCESIONARIO, CANTIDAD) ************/
insert into OFRECE values (218, 1, 36);
insert into OFRECE values (210, 2, 27);
insert into OFRECE values (24, 3, 21);
insert into OFRECE values (150, 4, 28);
insert into OFRECE values (182, 5, 37);
insert into OFRECE values (78, 6, 10);
insert into OFRECE values (11, 7, 10);
insert into OFRECE values (42, 8, 32);
insert into OFRECE values (277, 9, 27);
insert into OFRECE values (135, 10, 21);
insert into OFRECE values (24, 11, 18);
insert into OFRECE values (182, 12, 25);
insert into OFRECE values (196, 13, 22);
insert into OFRECE values (34, 14, 31);
insert into OFRECE values (3, 15, 25);
insert into OFRECE values (1, 2, 22);
insert into OFRECE values (2, 5, 30);
insert into OFRECE values (3, 5, 19);
insert into OFRECE values (4, 14, 20);
insert into OFRECE values (5, 13, 17);
insert into OFRECE values (6, 6, 23);
insert into OFRECE values (7, 15, 33);
insert into OFRECE values (8, 8, 16);
insert into OFRECE values (9, 2, 31);
insert into OFRECE values (10, 3, 35);
insert into OFRECE values (11, 15, 34);
insert into OFRECE values (12, 8, 25);
insert into OFRECE values (13, 2, 34);
insert into OFRECE values (14, 15, 14);
insert into OFRECE values (15, 8, 22);
insert into OFRECE values (16, 12, 25);
insert into OFRECE values (17, 11, 24);
insert into OFRECE values (18, 11, 15);
insert into OFRECE values (19, 11, 15);
insert into OFRECE values (20, 2, 32);
insert into OFRECE values (21, 1, 37);
insert into OFRECE values (22, 11, 10);
insert into OFRECE values (23, 8, 10);
insert into OFRECE values (24, 2, 32);
insert into OFRECE values (25, 4, 19);
insert into OFRECE values (26, 12, 20);
insert into OFRECE values (27, 4, 16);
insert into OFRECE values (28, 12, 12);
insert into OFRECE values (29, 4, 32);
insert into OFRECE values (30, 15, 21);
insert into OFRECE values (31, 3, 28);
insert into OFRECE values (32, 6, 38);
insert into OFRECE values (33, 8, 35);
insert into OFRECE values (34, 13, 20);
insert into OFRECE values (35, 13, 10);
insert into OFRECE values (36, 11, 17);
insert into OFRECE values (37, 8, 39);
insert into OFRECE values (38, 5, 23);
insert into OFRECE values (39, 7, 37);
insert into OFRECE values (40, 5, 21);
insert into OFRECE values (41, 8, 37);
insert into OFRECE values (42, 14, 18);
insert into OFRECE values (43, 12, 30);
insert into OFRECE values (44, 12, 32);
insert into OFRECE values (45, 4, 38);
insert into OFRECE values (46, 4, 35);
insert into OFRECE values (47, 4, 23);
insert into OFRECE values (48, 13, 39);
insert into OFRECE values (49, 12, 23);
insert into OFRECE values (50, 13, 11);
insert into OFRECE values (51, 13, 23);
insert into OFRECE values (52, 3, 37);
insert into OFRECE values (53, 2, 23);
insert into OFRECE values (54, 5, 10);
insert into OFRECE values (55, 4, 13);
insert into OFRECE values (56, 11, 21);
insert into OFRECE values (57, 10, 37);
insert into OFRECE values (58, 7, 19);
insert into OFRECE values (59, 14, 21);
insert into OFRECE values (60, 14, 11);
insert into OFRECE values (61, 3, 30);
insert into OFRECE values (62, 2, 33);
insert into OFRECE values (63, 12, 20);
insert into OFRECE values (64, 9, 11);
insert into OFRECE values (65, 2, 12);
insert into OFRECE values (66, 3, 38);
insert into OFRECE values (67, 13, 23);
insert into OFRECE values (68, 8, 23);
insert into OFRECE values (69, 15, 18);
insert into OFRECE values (70, 1, 29);
insert into OFRECE values (71, 15, 28);
insert into OFRECE values (72, 7, 33);
insert into OFRECE values (73, 5, 35);
insert into OFRECE values (74, 15, 28);
insert into OFRECE values (75, 12, 37);
insert into OFRECE values (76, 4, 38);
insert into OFRECE values (77, 2, 18);
insert into OFRECE values (78, 3, 31);
insert into OFRECE values (79, 15, 24);
insert into OFRECE values (80, 12, 29);
insert into OFRECE values (81, 3, 40);
insert into OFRECE values (82, 9, 30);
insert into OFRECE values (83, 12, 23);
insert into OFRECE values (84, 13, 10);
insert into OFRECE values (85, 7, 32);
insert into OFRECE values (86, 8, 30);
insert into OFRECE values (87, 4, 38);
insert into OFRECE values (88, 1, 17);
insert into OFRECE values (89, 14, 18);
insert into OFRECE values (90, 5, 14);
insert into OFRECE values (91, 13, 19);
insert into OFRECE values (92, 10, 21);
insert into OFRECE values (93, 1, 30);
insert into OFRECE values (94, 2, 23);
insert into OFRECE values (95, 12, 40);
insert into OFRECE values (96, 15, 24);
insert into OFRECE values (97, 15, 28);
insert into OFRECE values (98, 12, 19);
insert into OFRECE values (99, 7, 21);
insert into OFRECE values (100, 14, 36);
insert into OFRECE values (101, 9, 17);
insert into OFRECE values (102, 3, 33);
insert into OFRECE values (103, 14, 11);
insert into OFRECE values (104, 4, 31);
insert into OFRECE values (105, 6, 40);
insert into OFRECE values (106, 1, 22);
insert into OFRECE values (107, 9, 19);
insert into OFRECE values (108, 12, 14);
insert into OFRECE values (109, 7, 24);
insert into OFRECE values (110, 5, 40);
insert into OFRECE values (111, 4, 28);
insert into OFRECE values (112, 13, 31);
insert into OFRECE values (113, 10, 11);
insert into OFRECE values (114, 15, 34);
insert into OFRECE values (115, 11, 12);
insert into OFRECE values (116, 8, 33);
insert into OFRECE values (117, 9, 38);
insert into OFRECE values (118, 12, 24);
insert into OFRECE values (119, 1, 28);
insert into OFRECE values (120, 8, 35);
insert into OFRECE values (121, 2, 34);
insert into OFRECE values (122, 3, 39);
insert into OFRECE values (123, 14, 14);
insert into OFRECE values (124, 4, 38);
insert into OFRECE values (125, 14, 19);
insert into OFRECE values (126, 14, 17);
insert into OFRECE values (127, 7, 13);
insert into OFRECE values (128, 6, 39);
insert into OFRECE values (129, 9, 14);
insert into OFRECE values (130, 8, 33);
insert into OFRECE values (131, 8, 33);
insert into OFRECE values (132, 11, 10);
insert into OFRECE values (133, 1, 13);
insert into OFRECE values (134, 14, 33);
insert into OFRECE values (135, 4, 16);
insert into OFRECE values (136, 15, 13);
insert into OFRECE values (137, 10, 37);
insert into OFRECE values (138, 13, 20);
insert into OFRECE values (139, 1, 35);
insert into OFRECE values (140, 5, 14);
insert into OFRECE values (141, 1, 14);
insert into OFRECE values (142, 7, 15);
insert into OFRECE values (143, 12, 18);
insert into OFRECE values (144, 2, 35);
insert into OFRECE values (145, 2, 36);
insert into OFRECE values (146, 3, 35);
insert into OFRECE values (147, 13, 39);
insert into OFRECE values (148, 15, 21);
insert into OFRECE values (149, 5, 39);
insert into OFRECE values (150, 14, 15);
insert into OFRECE values (151, 8, 13);
insert into OFRECE values (152, 10, 14);
insert into OFRECE values (153, 3, 40);
insert into OFRECE values (154, 1, 22);
insert into OFRECE values (155, 15, 38);
insert into OFRECE values (156, 11, 37);
insert into OFRECE values (157, 15, 28);
insert into OFRECE values (158, 5, 21);
insert into OFRECE values (159, 8, 39);
insert into OFRECE values (160, 14, 37);
insert into OFRECE values (161, 3, 33);
insert into OFRECE values (162, 12, 25);
insert into OFRECE values (163, 6, 27);
insert into OFRECE values (164, 7, 11);
insert into OFRECE values (165, 15, 27);
insert into OFRECE values (166, 3, 37);
insert into OFRECE values (167, 13, 36);
insert into OFRECE values (168, 8, 20);
insert into OFRECE values (169, 12, 15);
insert into OFRECE values (170, 2, 13);
insert into OFRECE values (171, 8, 21);
insert into OFRECE values (172, 10, 40);
insert into OFRECE values (173, 5, 28);
insert into OFRECE values (174, 3, 30);
insert into OFRECE values (175, 5, 30);
insert into OFRECE values (176, 10, 30);
insert into OFRECE values (177, 2, 24);
insert into OFRECE values (178, 6, 30);
insert into OFRECE values (179, 6, 35);
insert into OFRECE values (180, 3, 27);
insert into OFRECE values (181, 5, 10);
insert into OFRECE values (182, 15, 39);
insert into OFRECE values (183, 7, 17);
insert into OFRECE values (184, 1, 38);
insert into OFRECE values (185, 12, 12);
insert into OFRECE values (186, 8, 11);
insert into OFRECE values (187, 9, 18);
insert into OFRECE values (188, 4, 39);
insert into OFRECE values (189, 10, 23);
insert into OFRECE values (190, 7, 27);
insert into OFRECE values (191, 8, 12);
insert into OFRECE values (192, 1, 19);
insert into OFRECE values (193, 7, 32);
insert into OFRECE values (194, 10, 16);
insert into OFRECE values (195, 4, 19);
insert into OFRECE values (196, 9, 32);
insert into OFRECE values (197, 12, 30);
insert into OFRECE values (198, 3, 33);
insert into OFRECE values (199, 6, 19);
insert into OFRECE values (200, 9, 29);
insert into OFRECE values (201, 15, 33);
insert into OFRECE values (202, 6, 25);
insert into OFRECE values (203, 7, 25);
insert into OFRECE values (204, 10, 15);
insert into OFRECE values (205, 1, 35);
insert into OFRECE values (206, 13, 10);
insert into OFRECE values (207, 11, 38);
insert into OFRECE values (208, 15, 26);
insert into OFRECE values (209, 8, 28);
insert into OFRECE values (210, 15, 26);
insert into OFRECE values (211, 1, 23);
insert into OFRECE values (212, 1, 19);
insert into OFRECE values (213, 15, 33);
insert into OFRECE values (214, 1, 30);
insert into OFRECE values (215, 6, 11);
insert into OFRECE values (216, 6, 21);
insert into OFRECE values (217, 11, 34);
insert into OFRECE values (218, 2, 33);
insert into OFRECE values (219, 2, 40);
insert into OFRECE values (220, 11, 22);
insert into OFRECE values (221, 14, 10);
insert into OFRECE values (222, 4, 30);
insert into OFRECE values (223, 13, 32);
insert into OFRECE values (224, 8, 13);
insert into OFRECE values (225, 4, 16);
insert into OFRECE values (226, 4, 21);
insert into OFRECE values (227, 14, 15);
insert into OFRECE values (228, 4, 11);
insert into OFRECE values (229, 1, 39);
insert into OFRECE values (230, 9, 21);
insert into OFRECE values (231, 4, 34);
insert into OFRECE values (232, 4, 21);
insert into OFRECE values (233, 5, 27);
insert into OFRECE values (234, 5, 40);
insert into OFRECE values (235, 2, 15);
insert into OFRECE values (236, 2, 18);
insert into OFRECE values (237, 14, 40);
insert into OFRECE values (238, 8, 29);
insert into OFRECE values (239, 15, 26);
insert into OFRECE values (240, 14, 30);
insert into OFRECE values (241, 1, 14);
insert into OFRECE values (242, 13, 31);
insert into OFRECE values (243, 12, 15);
insert into OFRECE values (244, 3, 12);
insert into OFRECE values (245, 12, 30);
insert into OFRECE values (246, 13, 30);
insert into OFRECE values (247, 12, 25);
insert into OFRECE values (248, 12, 40);
insert into OFRECE values (249, 2, 19);
insert into OFRECE values (250, 11, 38);
insert into OFRECE values (251, 10, 36);
insert into OFRECE values (252, 14, 26);
insert into OFRECE values (253, 12, 22);
insert into OFRECE values (254, 12, 19);
insert into OFRECE values (255, 5, 10);
insert into OFRECE values (256, 9, 13);
insert into OFRECE values (257, 14, 35);
insert into OFRECE values (258, 10, 32);
insert into OFRECE values (259, 10, 14);
insert into OFRECE values (260, 14, 21);
insert into OFRECE values (261, 6, 39);
insert into OFRECE values (262, 15, 26);
insert into OFRECE values (263, 1, 23);
insert into OFRECE values (264, 11, 39);
insert into OFRECE values (265, 5, 36);
insert into OFRECE values (266, 6, 30);
insert into OFRECE values (267, 11, 39);
insert into OFRECE values (268, 8, 18);
insert into OFRECE values (269, 13, 40);
insert into OFRECE values (270, 3, 37);
insert into OFRECE values (271, 15, 30);
insert into OFRECE values (272, 12, 19);
insert into OFRECE values (273, 8, 34);
insert into OFRECE values (274, 4, 21);
insert into OFRECE values (275, 8, 21);
insert into OFRECE values (276, 11, 16);
insert into OFRECE values (277, 11, 23);
insert into OFRECE values (278, 12, 15);
insert into OFRECE values (279, 2, 31);
insert into OFRECE values (280, 3, 14);
insert into OFRECE values (281, 1, 10);
insert into OFRECE values (282, 2, 19);
insert into OFRECE values (283, 5, 25);
insert into OFRECE values (284, 3, 37);
insert into OFRECE values (285, 13, 29);
insert into OFRECE values (286, 14, 14);
insert into OFRECE values (287, 4, 21);
insert into OFRECE values (288, 1, 38);
insert into OFRECE values (289, 7, 17);
insert into OFRECE values (290, 5, 18);
insert into OFRECE values (291, 4, 19);
insert into OFRECE values (292, 15, 25);
insert into OFRECE values (293, 3, 39);
insert into OFRECE values (294, 2, 23);
insert into OFRECE values (295, 14, 31);
insert into OFRECE values (296, 4, 13);
insert into OFRECE values (297, 9, 32);
insert into OFRECE values (298, 14, 36);
insert into OFRECE values (299, 14, 29);
insert into OFRECE values (300, 4, 25);
insert into OFRECE values (301, 10, 36);
insert into OFRECE values (302, 9, 21);
insert into OFRECE values (303, 1, 25);
insert into OFRECE values (304, 4, 16);
insert into OFRECE values (305, 1, 39);
insert into OFRECE values (306, 10, 10);
insert into OFRECE values (307, 14, 23);
insert into OFRECE values (308, 5, 21);
insert into OFRECE values (309, 4, 33);
insert into OFRECE values (310, 8, 27);
insert into OFRECE values (311, 9, 37);
insert into OFRECE values (312, 10, 26);
insert into OFRECE values (313, 3, 15);
insert into OFRECE values (314, 9, 12);
insert into OFRECE values (315, 3, 21);
insert into OFRECE values (316, 10, 22);
insert into OFRECE values (317, 9, 14);
insert into OFRECE values (318, 7, 40);
insert into OFRECE values (319, 13, 40);
insert into OFRECE values (320, 11, 19);
insert into OFRECE values (321, 8, 13);
insert into OFRECE values (322, 12, 25);
insert into OFRECE values (323, 10, 34);
insert into OFRECE values (324, 14, 34);
insert into OFRECE values (325, 3, 30);
insert into OFRECE values (326, 5, 31);
insert into OFRECE values (327, 14, 25);
insert into OFRECE values (328, 2, 17);
insert into OFRECE values (329, 11, 20);
insert into OFRECE values (330, 14, 29);
insert into OFRECE values (331, 1, 33);
insert into OFRECE values (332, 14, 15);
insert into OFRECE values (333, 13, 38);
insert into OFRECE values (334, 9, 36);
insert into OFRECE values (335, 5, 20);
insert into OFRECE values (336, 11, 24);
insert into OFRECE values (337, 12, 25);
insert into OFRECE values (338, 8, 16);
insert into OFRECE values (339, 15, 31);
insert into OFRECE values (340, 12, 11);
insert into OFRECE values (341, 2, 36);
insert into OFRECE values (342, 2, 27);
insert into OFRECE values (343, 3, 15);
insert into OFRECE values (344, 10, 25);
insert into OFRECE values (345, 7, 16);
insert into OFRECE values (346, 12, 29);
insert into OFRECE values (347, 10, 13);
insert into OFRECE values (348, 14, 27);
insert into OFRECE values (349, 10, 27);
insert into OFRECE values (350, 13, 18);
insert into OFRECE values (351, 10, 18);
insert into OFRECE values (352, 11, 36);
insert into OFRECE values (353, 11, 20);
insert into OFRECE values (137, 3, 37);
insert into OFRECE values (332, 8, 16);
insert into OFRECE values (155, 14, 28);
insert into OFRECE values (291, 1, 26);
insert into OFRECE values (88, 3, 36);
insert into OFRECE values (156, 13, 23);
insert into OFRECE values (104, 5, 26);
insert into OFRECE values (85, 1, 16);
insert into OFRECE values (85, 14, 12);
insert into OFRECE values (187, 10, 15);
insert into OFRECE values (310, 12, 29);
insert into OFRECE values (329, 15, 39);
insert into OFRECE values (166, 12, 28);
insert into OFRECE values (94, 6, 17);
insert into OFRECE values (41, 4, 12);
insert into OFRECE values (302, 7, 38);
insert into OFRECE values (353, 12, 40);
insert into OFRECE values (254, 4, 37);
insert into OFRECE values (284, 6, 15);
insert into OFRECE values (165, 9, 26);
insert into OFRECE values (300, 10, 37);
insert into OFRECE values (204, 7, 29);
insert into OFRECE values (242, 15, 11);
insert into OFRECE values (111, 3, 36);
insert into OFRECE values (118, 7, 11);
insert into OFRECE values (23, 1, 40);
insert into OFRECE values (39, 8, 30);
insert into OFRECE values (227, 9, 40);
insert into OFRECE values (102, 1, 10);
insert into OFRECE values (196, 11, 11);
insert into OFRECE values (99, 2, 35);
insert into OFRECE values (290, 10, 37);
insert into OFRECE values (320, 9, 21);
insert into OFRECE values (71, 9, 36);
insert into OFRECE values (302, 4, 24);
insert into OFRECE values (134, 9, 20);
insert into OFRECE values (222, 15, 32);
insert into OFRECE values (304, 15, 16);
insert into OFRECE values (221, 15, 37);
insert into OFRECE values (316, 12, 25);
insert into OFRECE values (333, 5, 19);
insert into OFRECE values (200, 11, 30);
insert into OFRECE values (153, 7, 36);
insert into OFRECE values (209, 5, 33);
insert into OFRECE values (209, 14, 23);
insert into OFRECE values (45, 11, 39);
insert into OFRECE values (288, 10, 14);
insert into OFRECE values (247, 14, 40);
insert into OFRECE values (281, 13, 29);
insert into OFRECE values (73, 6, 21);
insert into OFRECE values (21, 11, 20);
insert into OFRECE values (153, 4, 39);
insert into OFRECE values (105, 5, 29);
insert into OFRECE values (176, 14, 37);
insert into OFRECE values (235, 6, 19);
insert into OFRECE values (189, 15, 33);
insert into OFRECE values (34, 6, 19);
insert into OFRECE values (348, 7, 11);
insert into OFRECE values (116, 7, 17);
insert into OFRECE values (349, 15, 23);
insert into OFRECE values (254, 9, 19);
insert into OFRECE values (48, 11, 32);
insert into OFRECE values (32, 14, 29);
insert into OFRECE values (4, 4, 37);
insert into OFRECE values (35, 8, 26);
insert into OFRECE values (27, 1, 13);
insert into OFRECE values (244, 6, 11);
insert into OFRECE values (274, 10, 33);
insert into OFRECE values (305, 2, 18);
insert into OFRECE values (295, 1, 19);
insert into OFRECE values (228, 11, 21);
insert into OFRECE values (188, 11, 13);
insert into OFRECE values (310, 13, 19);
insert into OFRECE values (33, 7, 32);
insert into OFRECE values (58, 2, 40);
insert into OFRECE values (346, 7, 14);
insert into OFRECE values (145, 7, 37);
insert into OFRECE values (133, 12, 35);
insert into OFRECE values (293, 7, 22);
insert into OFRECE values (16, 6, 34);
insert into OFRECE values (166, 4, 40);
insert into OFRECE values (119, 5, 11);
insert into OFRECE values (154, 8, 20);
insert into OFRECE values (202, 9, 40);
insert into OFRECE values (110, 7, 24);
insert into OFRECE values (315, 4, 32);
insert into OFRECE values (265, 10, 23);
insert into OFRECE values (144, 14, 13);
insert into OFRECE values (82, 15, 39);
insert into OFRECE values (170, 9, 33);
insert into OFRECE values (131, 4, 16);
insert into OFRECE values (72, 8, 18);
insert into OFRECE values (38, 9, 13);
insert into OFRECE values (135, 8, 16);
insert into OFRECE values (243, 6, 11);
insert into OFRECE values (199, 10, 24);
insert into OFRECE values (203, 1, 27);
insert into OFRECE values (200, 5, 34);
insert into OFRECE values (334, 6, 10);
insert into OFRECE values (329, 10, 36);
insert into OFRECE values (307, 2, 13);
insert into OFRECE values (171, 6, 33);
insert into OFRECE values (19, 3, 18);
insert into OFRECE values (53, 14, 33);
insert into OFRECE values (277, 14, 27);
insert into OFRECE values (122, 10, 30);
insert into OFRECE values (54, 13, 27);
insert into OFRECE values (60, 11, 29);
insert into OFRECE values (10, 7, 34);
insert into OFRECE values (153, 1, 39);
insert into OFRECE values (111, 14, 33);
insert into OFRECE values (108, 2, 37);
insert into OFRECE values (290, 14, 19);
insert into OFRECE values (306, 8, 37);
insert into OFRECE values (139, 15, 37);
insert into OFRECE values (19, 7, 26);
insert into OFRECE values (251, 12, 23);
insert into OFRECE values (346, 14, 25);
insert into OFRECE values (175, 2, 23);
insert into OFRECE values (108, 7, 29);
insert into OFRECE values (318, 3, 40);
insert into OFRECE values (211, 5, 32);
insert into OFRECE values (47, 9, 39);
insert into OFRECE values (99, 12, 26);
insert into OFRECE values (20, 10, 26);
insert into OFRECE values (41, 9, 26);
insert into OFRECE values (216, 11, 32);
insert into OFRECE values (284, 13, 38);
insert into OFRECE values (127, 13, 35);
insert into OFRECE values (94, 5, 34);
insert into OFRECE values (307, 4, 25);
insert into OFRECE values (126, 13, 20);
insert into OFRECE values (99, 9, 15);
insert into OFRECE values (251, 5, 16);
insert into OFRECE values (295, 13, 40);
insert into OFRECE values (91, 8, 31);
insert into OFRECE values (43, 14, 34);
insert into OFRECE values (348, 15, 10);
insert into OFRECE values (317, 2, 37);
insert into OFRECE values (77, 4, 38);
insert into OFRECE values (42, 15, 34);
insert into OFRECE values (180, 9, 15);
insert into OFRECE values (313, 6, 19);
insert into OFRECE values (122, 2, 37);
insert into OFRECE values (173, 11, 32);
insert into OFRECE values (303, 10, 35);
insert into OFRECE values (80, 14, 39);
insert into OFRECE values (328, 3, 14);
insert into OFRECE values (175, 12, 10);
insert into OFRECE values (174, 7, 22);
insert into OFRECE values (243, 13, 24);
insert into OFRECE values (122, 8, 20);
insert into OFRECE values (154, 9, 34);
insert into OFRECE values (305, 13, 33);
insert into OFRECE values (160, 1, 26);
insert into OFRECE values (65, 9, 32);
insert into OFRECE values (176, 4, 18);
insert into OFRECE values (120, 5, 34);
insert into OFRECE values (227, 7, 25);
insert into OFRECE values (205, 13, 40);
insert into OFRECE values (104, 11, 29);
insert into OFRECE values (353, 7, 33);
insert into OFRECE values (157, 5, 39);
insert into OFRECE values (316, 13, 35);
insert into OFRECE values (230, 13, 12);
insert into OFRECE values (61, 4, 36);
insert into OFRECE values (144, 15, 40);
insert into OFRECE values (54, 11, 33);
insert into OFRECE values (5, 7, 38);
insert into OFRECE values (209, 3, 21);
insert into OFRECE values (114, 9, 23);
insert into OFRECE values (90, 1, 20);
insert into OFRECE values (297, 3, 11);
insert into OFRECE values (74, 1, 36);
insert into OFRECE values (277, 2, 38);
insert into OFRECE values (173, 8, 35);
insert into OFRECE values (159, 15, 11);
insert into OFRECE values (270, 4, 11);
insert into OFRECE values (320, 12, 32);
insert into OFRECE values (109, 6, 34);
insert into OFRECE values (319, 7, 33);
insert into OFRECE values (303, 7, 12);
insert into OFRECE values (216, 14, 12);
insert into OFRECE values (262, 11, 35);
insert into OFRECE values (129, 3, 36);
insert into OFRECE values (278, 13, 23);
insert into OFRECE values (52, 4, 17);
insert into OFRECE values (219, 14, 36);
insert into OFRECE values (59, 1, 11);
insert into OFRECE values (131, 14, 16);
insert into OFRECE values (296, 11, 37);
insert into OFRECE values (302, 15, 28);
insert into OFRECE values (336, 4, 37);
insert into OFRECE values (298, 3, 12);
insert into OFRECE values (95, 7, 33);
insert into OFRECE values (179, 7, 11);
insert into OFRECE values (242, 5, 32);
insert into OFRECE values (230, 3, 12);
insert into OFRECE values (98, 3, 36);
insert into OFRECE values (275, 14, 40);
insert into OFRECE values (97, 10, 34);
insert into OFRECE values (51, 12, 26);
insert into OFRECE values (336, 2, 11);
insert into OFRECE values (76, 3, 27);
insert into OFRECE values (351, 11, 25);
insert into OFRECE values (229, 5, 39);
insert into OFRECE values (181, 4, 24);
insert into OFRECE values (248, 6, 32);
insert into OFRECE values (8, 14, 36);
insert into OFRECE values (266, 13, 37);
insert into OFRECE values (23, 5, 20);
insert into OFRECE values (199, 9, 11);
insert into OFRECE values (225, 10, 15);
insert into OFRECE values (261, 13, 22);
insert into OFRECE values (16, 15, 24);
insert into OFRECE values (327, 7, 34);
insert into OFRECE values (81, 11, 30);
insert into OFRECE values (334, 3, 20);
insert into OFRECE values (238, 1, 23);
insert into OFRECE values (17, 14, 40);
insert into OFRECE values (283, 3, 16);
insert into OFRECE values (236, 1, 28);
insert into OFRECE values (56, 3, 38);
insert into OFRECE values (315, 11, 39);
insert into OFRECE values (284, 8, 22);
insert into OFRECE values (260, 1, 10);
insert into OFRECE values (332, 6, 33);
insert into OFRECE values (194, 5, 26);
insert into OFRECE values (203, 12, 33);
insert into OFRECE values (104, 6, 33);
insert into OFRECE values (149, 8, 37);
insert into OFRECE values (278, 1, 19);
insert into OFRECE values (166, 5, 39);
insert into OFRECE values (91, 5, 23);
insert into OFRECE values (348, 8, 11);
insert into OFRECE values (151, 11, 27);
insert into OFRECE values (266, 15, 31);
insert into OFRECE values (138, 7, 29);
insert into OFRECE values (52, 10, 26);
insert into OFRECE values (330, 1, 24);
insert into OFRECE values (209, 7, 10);
insert into OFRECE values (206, 1, 30);
insert into OFRECE values (147, 6, 13);
insert into OFRECE values (138, 1, 24);
insert into OFRECE values (304, 6, 11);
insert into OFRECE values (46, 11, 24);
insert into OFRECE values (167, 14, 23);
insert into OFRECE values (104, 10, 25);
insert into OFRECE values (188, 10, 36);
insert into OFRECE values (238, 3, 34);
insert into OFRECE values (255, 3, 23);
insert into OFRECE values (247, 6, 25);
insert into OFRECE values (268, 1, 26);
insert into OFRECE values (22, 5, 38);
insert into OFRECE values (276, 1, 19);
insert into OFRECE values (183, 9, 14);
insert into OFRECE values (55, 7, 11);
insert into OFRECE values (119, 7, 37);
insert into OFRECE values (152, 5, 23);
insert into OFRECE values (338, 13, 25);
insert into OFRECE values (114, 2, 37);
insert into OFRECE values (262, 2, 15);
insert into OFRECE values (328, 10, 40);
insert into OFRECE values (167, 2, 16);
insert into OFRECE values (178, 7, 19);
insert into OFRECE values (138, 5, 14);
insert into OFRECE values (322, 8, 37);
insert into OFRECE values (241, 7, 27);
insert into OFRECE values (88, 6, 21);
insert into OFRECE values (254, 14, 33);
insert into OFRECE values (5, 14, 36);
insert into OFRECE values (310, 10, 30);
insert into OFRECE values (123, 1, 13);
insert into OFRECE values (245, 4, 10);
insert into OFRECE values (128, 12, 29);
insert into OFRECE values (204, 11, 40);
insert into OFRECE values (344, 8, 40);
insert into OFRECE values (251, 11, 27);
insert into OFRECE values (322, 6, 38);
insert into OFRECE values (302, 5, 28);
insert into OFRECE values (146, 15, 17);
insert into OFRECE values (95, 8, 39);
insert into OFRECE values (312, 8, 23);
insert into OFRECE values (26, 1, 24);
insert into OFRECE values (80, 9, 31);
insert into OFRECE values (304, 8, 10);
insert into OFRECE values (233, 12, 27);
insert into OFRECE values (115, 5, 10);
insert into OFRECE values (132, 13, 22);
insert into OFRECE values (187, 7, 37);
insert into OFRECE values (29, 1, 16);
insert into OFRECE values (86, 4, 39);
insert into OFRECE values (295, 4, 14);
insert into OFRECE values (65, 3, 11);
insert into OFRECE values (154, 11, 10);
insert into OFRECE values (350, 8, 30);
insert into OFRECE values (219, 6, 10);
insert into OFRECE values (158, 11, 25);
insert into OFRECE values (19, 10, 20);
insert into OFRECE values (267, 15, 37);
insert into OFRECE values (40, 9, 38);
insert into OFRECE values (25, 13, 32);
insert into OFRECE values (325, 14, 37);
insert into OFRECE values (248, 13, 31);
insert into OFRECE values (131, 2, 36);
insert into OFRECE values (133, 14, 26);
insert into OFRECE values (186, 15, 40);
insert into OFRECE values (82, 12, 36);
insert into OFRECE values (253, 3, 17);
insert into OFRECE values (328, 13, 26);
insert into OFRECE values (282, 5, 15);
insert into OFRECE values (339, 1, 40);
insert into OFRECE values (275, 1, 30);
insert into OFRECE values (9, 3, 10);
insert into OFRECE values (105, 15, 13);
insert into OFRECE values (303, 8, 19);
insert into OFRECE values (103, 1, 21);
insert into OFRECE values (208, 7, 15);
insert into OFRECE values (223, 15, 20);
insert into OFRECE values (118, 1, 27);
insert into OFRECE values (199, 14, 12);
insert into OFRECE values (90, 8, 20);
insert into OFRECE values (297, 12, 30);
insert into OFRECE values (233, 3, 30);
insert into OFRECE values (15, 9, 12);
insert into OFRECE values (65, 12, 35);
insert into OFRECE values (228, 12, 38);
insert into OFRECE values (141, 4, 37);
insert into OFRECE values (326, 9, 23);
insert into OFRECE values (283, 1, 15);
insert into OFRECE values (253, 6, 32);
insert into OFRECE values (98, 7, 22);
insert into OFRECE values (133, 3, 33);
insert into OFRECE values (65, 14, 10);
insert into OFRECE values (16, 11, 15);
insert into OFRECE values (237, 4, 24);
insert into OFRECE values (248, 5, 20);
insert into OFRECE values (303, 14, 15);
insert into OFRECE values (328, 11, 32);
insert into OFRECE values (137, 14, 21);
insert into OFRECE values (291, 10, 36);
insert into OFRECE values (310, 1, 19);
insert into OFRECE values (98, 10, 19);
insert into OFRECE values (200, 8, 22);
insert into OFRECE values (168, 15, 31);
insert into OFRECE values (230, 15, 32);
insert into OFRECE values (300, 14, 13);
insert into OFRECE values (37, 2, 13);
insert into OFRECE values (148, 14, 38);
insert into OFRECE values (135, 11, 30);
insert into OFRECE values (243, 2, 19);
insert into OFRECE values (104, 3, 15);
insert into OFRECE values (54, 2, 12);
insert into OFRECE values (343, 14, 37);
insert into OFRECE values (90, 14, 35);
insert into OFRECE values (107, 8, 39);
insert into OFRECE values (215, 9, 33);
insert into OFRECE values (235, 8, 33);
insert into OFRECE values (330, 10, 14);
insert into OFRECE values (295, 11, 22);
insert into OFRECE values (255, 13, 37);
insert into OFRECE values (239, 2, 33);
insert into OFRECE values (173, 9, 31);
insert into OFRECE values (189, 5, 37);
insert into OFRECE values (193, 14, 21);
insert into OFRECE values (139, 9, 37);
insert into OFRECE values (226, 6, 20);
insert into OFRECE values (351, 8, 31);
insert into OFRECE values (162, 7, 31);
insert into OFRECE values (289, 4, 31);
insert into OFRECE values (181, 11, 28);
insert into OFRECE values (164, 15, 12);
insert into OFRECE values (315, 15, 32);
insert into OFRECE values (296, 15, 35);
insert into OFRECE values (176, 9, 22);
insert into OFRECE values (5, 5, 40);
insert into OFRECE values (33, 11, 12);
insert into OFRECE values (147, 9, 12);
insert into OFRECE values (61, 2, 31);
insert into OFRECE values (192, 6, 24);
insert into OFRECE values (253, 13, 20);
insert into OFRECE values (128, 9, 31);
insert into OFRECE values (164, 13, 40);
insert into OFRECE values (226, 2, 29);
insert into OFRECE values (337, 10, 19);
insert into OFRECE values (297, 14, 40);
insert into OFRECE values (175, 8, 34);
insert into OFRECE values (325, 15, 40);
insert into OFRECE values (39, 1, 29);
insert into OFRECE values (211, 4, 38);
insert into OFRECE values (350, 5, 21);
insert into OFRECE values (275, 5, 33);
insert into OFRECE values (214, 6, 15);
insert into OFRECE values (68, 10, 19);
insert into OFRECE values (283, 8, 21);
insert into OFRECE values (79, 12, 35);
insert into OFRECE values (184, 6, 40);
insert into OFRECE values (161, 6, 13);
insert into OFRECE values (153, 11, 12);
insert into OFRECE values (7, 7, 39);
insert into OFRECE values (167, 3, 31);
insert into OFRECE values (79, 10, 38);
insert into OFRECE values (11, 3, 38);
insert into OFRECE values (211, 6, 28);
insert into OFRECE values (83, 9, 16);
insert into OFRECE values (218, 4, 34);
insert into OFRECE values (134, 3, 27);
insert into OFRECE values (339, 7, 35);
insert into OFRECE values (7, 4, 39);
insert into OFRECE values (81, 7, 32);
insert into OFRECE values (179, 8, 27);
insert into OFRECE values (206, 9, 15);
insert into OFRECE values (10, 15, 10);
insert into OFRECE values (300, 8, 33);
insert into OFRECE values (257, 1, 26);
insert into OFRECE values (77, 8, 27);
insert into OFRECE values (67, 4, 37);
insert into OFRECE values (339, 12, 20);
insert into OFRECE values (252, 4, 30);
insert into OFRECE values (330, 11, 12);
insert into OFRECE values (261, 15, 26);
insert into OFRECE values (209, 6, 37);
insert into OFRECE values (221, 8, 32);
insert into OFRECE values (338, 4, 39);
insert into OFRECE values (27, 3, 23);
insert into OFRECE values (15, 13, 33);
insert into OFRECE values (76, 12, 27);
insert into OFRECE values (212, 5, 10);
insert into OFRECE values (78, 10, 27);
insert into OFRECE values (36, 10, 32);
insert into OFRECE values (343, 5, 37);
insert into OFRECE values (34, 8, 33);


/************ CARGA DE LA TABLA CLIENTE (DNI, NOMBRE, FECHA_NAC, TELEFONO) ************/
insert into CLIENTE values ('61657871A', 'Lucas Hernández Ortiz', '1977-11-27', '911451523');
insert into CLIENTE values ('01985186L', 'Javier Vidal Marín', '1972-05-21', '913179070');
insert into CLIENTE values ('10349617J', 'Natalia López Lozano', '1989-10-21', '600667443');
insert into CLIENTE values ('19833829K', 'Hugo López Pérez', '1969-08-05', '679730533');
insert into CLIENTE values ('11690165B', 'Rosa Cano Morales', '1968-07-19', '627658597');
insert into CLIENTE values ('37008481K', 'Guillermo Alonso Castillo', '1984-06-12', '682069910');
insert into CLIENTE values ('90650688G', 'Javier Martínez Ramírez', '1975-07-24', '938943368');
insert into CLIENTE values ('85139829S', 'Mateo Prieto Suárez', '1976-11-07', '639166663');
insert into CLIENTE values ('51838237K', 'Andrea Cortés Martín', '1967-06-17', '624844091');
insert into CLIENTE values ('40388532D', 'Jorge Gómez González', '1996-05-19', '967122994');
insert into CLIENTE values ('45418763W', 'Miguel Sánchez Ruiz', '1970-02-15', '608370078');
insert into CLIENTE values ('99778723J', 'José Antonio Ramos López', '1976-06-26', '990799181');
insert into CLIENTE values ('00497592L', 'Pedro Romero Cortés', '1965-10-26', '931069951');
insert into CLIENTE values ('72914589P', 'Mercedes Romero Fernández', '1992-06-22', '900994107');
insert into CLIENTE values ('82978385X', 'Javier Sánchez Navarro', '1998-03-11', '970278738');
insert into CLIENTE values ('73110034D', 'Francisco Castro Álvarez', '1974-07-04', '604357744');
insert into CLIENTE values ('58218319G', 'Patricia Ortega García', '1963-03-29', '648368672');
insert into CLIENTE values ('07555579L', 'Eva Prieto Fernández', '1964-02-24', '927605173');
insert into CLIENTE values ('61035729J', 'Carmen Cano Santos', '1983-12-09', '680162569');
insert into CLIENTE values ('99040611P', 'Beatriz Cano Ruiz', '1977-11-19', '908574227');
insert into CLIENTE values ('97310405E', 'Jaime Blanco Méndez', '1987-08-11', '976717176');
insert into CLIENTE values ('51324661A', 'Sara Lozano Romero', '1979-06-25', '653931751');
insert into CLIENTE values ('42136070B', 'Marina Gallego Prieto', '1971-12-29', '908278613');
insert into CLIENTE values ('54525077P', 'Carla Nuñez Muñoz', '1975-12-23', '936736597');
insert into CLIENTE values ('46034625L', 'Emma Cortés Calvo', '1961-08-14', '984668312');
insert into CLIENTE values ('25519018P', 'Diego Castro Morales', '1960-06-10', '905006954');
insert into CLIENTE values ('29407856L', 'Álvaro Alonso Castro', '1968-09-19', '615627053');
insert into CLIENTE values ('11717687R', 'Diego Guerrero Romero', '1960-12-17', '988504485');
insert into CLIENTE values ('52350448L', 'Alicia Lozano Morales', '1989-02-24', '666599757');
insert into CLIENTE values ('00623455T', 'Adriana Ramos Jiménez', '1986-11-28', '939597288');
insert into CLIENTE values ('40124719A', 'Jesús Alonso Gómez', '1964-08-04', '607460270');
insert into CLIENTE values ('84038107T', 'Guillermo Jiménez Guerrero', '1957-03-21', '942336218');
insert into CLIENTE values ('90387929Z', 'Patricia Vázquez Guerrero', '1998-12-07', '976798968');
insert into CLIENTE values ('69765328D', 'Enrique Sánchez Alonso', '1975-09-14', '967839091');
insert into CLIENTE values ('62269751M', 'Pablo López Díaz', '1960-04-12', '969502466');
insert into CLIENTE values ('42195886T', 'Joaquín Castillo Gallego', '1995-01-29', '904582150');
insert into CLIENTE values ('64822068V', 'Elena Moreno Morales', '1963-05-24', '620283520');
insert into CLIENTE values ('90634737T', 'Ignacio Prieto Hernández', '1997-07-30', '628132520');
insert into CLIENTE values ('83154237Q', 'Lucía López Santos', '1990-11-07', '659364939');
insert into CLIENTE values ('35039579Z', 'Carmen Muñoz Gil', '1960-02-11', '670839218');
insert into CLIENTE values ('64215808R', 'Pablo Nuñez Ramos', '1966-10-06', '941701176');
insert into CLIENTE values ('19143027P', 'Juan Méndez Suárez', '1958-09-18', '601847114');
insert into CLIENTE values ('70991527D', 'Laura González Ortiz', '1998-10-28', '670489270');
insert into CLIENTE values ('12628884Y', 'Juan Ramos Cano', '1985-05-19', '936660493');
insert into CLIENTE values ('22571989W', 'Laura López Cano', '1992-03-10', '660225286');
insert into CLIENTE values ('51259121L', 'Jesús Gil Sanz', '1958-04-25', '678030566');
insert into CLIENTE values ('55138895G', 'Andrea Rubio Iglesias', '1999-06-23', '696600813');
insert into CLIENTE values ('04329604R', 'Julia Blanco Ortiz', '1977-09-01', '916283385');
insert into CLIENTE values ('99657876D', 'Irene Gómez Moreno', '1969-04-30', '904818332');
insert into CLIENTE values ('49781375Q', 'Pablo Prieto Romero', '1965-09-06', '605151316');
insert into CLIENTE values ('02069253P', 'Carla Vidal Romero', '1980-11-28', '661766585');
insert into CLIENTE values ('41869595E', 'Pedro Guerrero Castro', '1979-12-28', '638741451');
insert into CLIENTE values ('37555992F', 'Elena González Romero', '1989-07-09', '636955604');
insert into CLIENTE values ('52385687N', 'Claudia Sánchez Castillo', '1965-08-29', '660386326');
insert into CLIENTE values ('57117689V', 'Claudia Sanz Torres', '1977-01-05', '949940206');
insert into CLIENTE values ('14742061E', 'Elena Jiménez Gil', '1966-01-08', '678177279');
insert into CLIENTE values ('35094393E', 'Mateo Molina Sanz', '1983-12-15', '668030619');
insert into CLIENTE values ('77025617X', 'Ángel Ortega Serrano', '1970-08-29', '639229560');
insert into CLIENTE values ('40177810H', 'Natalia López Cortés', '1970-07-02', '677273328');
insert into CLIENTE values ('10310554Z', 'Miriam Nuñez Santos', '1968-06-23', '684945735');
insert into CLIENTE values ('01366554K', 'Carlos Marín Domínguez', '1963-11-25', '946546272');
insert into CLIENTE values ('94096172Y', 'Laura Suárez Iglesias', '1992-01-27', '964767091');
insert into CLIENTE values ('34535308D', 'Sofía Alonso Gómez', '1956-08-23', '999551100');
insert into CLIENTE values ('30664309W', 'Lucía Ortega Jiménez', '1992-04-10', '992718947');
insert into CLIENTE values ('49148045P', 'Jorge Martín Martín', '1989-06-03', '651094684');
insert into CLIENTE values ('04121586K', 'Alejandro Suárez Calvo', '1983-02-05', '956578756');
insert into CLIENTE values ('51387879Q', 'Ignacio Iglesias Lozano', '1985-11-19', '962924818');
insert into CLIENTE values ('13694631T', 'Patricia Martín Calvo', '1987-01-01', '974030311');
insert into CLIENTE values ('64889868Q', 'Alba Hernández Molina', '1967-12-14', '689344541');
insert into CLIENTE values ('54029237G', 'Leo Muñoz Vázquez', '1993-12-11', '922075651');
insert into CLIENTE values ('97640470W', 'Javier Ortega Rodríguez', '1983-02-01', '978955545');
insert into CLIENTE values ('54495053D', 'Javier Cortés Vidal', '1989-06-17', '609586619');
insert into CLIENTE values ('99316051E', 'Patricia Sánchez Gil', '1991-05-31', '678761376');
insert into CLIENTE values ('66254413R', 'Óscar Martín Díaz', '1974-09-01', '916683010');
insert into CLIENTE values ('08505180L', 'Julia Torres Gómez', '1957-02-27', '976798063');
insert into CLIENTE values ('08082008R', 'Carlos Cortés López', '1967-02-14', '651658091');
insert into CLIENTE values ('42552408S', 'Emma Suárez Cortés', '1977-12-30', '909559595');
insert into CLIENTE values ('77143343K', 'José Antonio Pérez Navarro', '1966-07-22', '949205170');
insert into CLIENTE values ('33631869E', 'Carmen Fernández García', '1998-09-14', '626514982');
insert into CLIENTE values ('85225313K', 'Ángel Muñoz Sanz', '1988-08-17', '959705348');
insert into CLIENTE values ('02862199L', 'Ignacio García Delgado', '1978-06-17', '619870635');
insert into CLIENTE values ('68253951C', 'Víctor Nuñez Ramos', '1979-12-28', '924598388');
insert into CLIENTE values ('04653931W', 'Marta Pérez Torres', '1998-10-14', '979403312');
insert into CLIENTE values ('75623701A', 'Mariano Ruiz Jiménez', '1990-02-20', '994380752');
insert into CLIENTE values ('32675356R', 'Raquel Lozano Jiménez', '1978-02-28', '691627852');
insert into CLIENTE values ('42344390L', 'Cristina Iglesias Díaz', '1997-01-16', '923222218');
insert into CLIENTE values ('37850733B', 'Ignacio Vidal Vidal', '1979-02-13', '918103088');
insert into CLIENTE values ('90262364Q', 'Lucía Iglesias Prieto', '1976-03-23', '640459859');
insert into CLIENTE values ('76614066J', 'Alicia Romero Morales', '1968-06-18', '622780786');
insert into CLIENTE values ('04489569R', 'Eva Torres Jiménez', '1957-11-26', '964141450');
insert into CLIENTE values ('66045894Q', 'Claudia Domínguez Romero', '1967-08-12', '676064519');
insert into CLIENTE values ('86024570S', 'Lucas Moreno Ramos', '1978-10-17', '679014940');
insert into CLIENTE values ('45174790H', 'Laura Nuñez Fernández', '1968-07-26', '941526873');
insert into CLIENTE values ('17784354V', 'Lucas Nuñez Gallego', '1975-01-16', '990693555');
insert into CLIENTE values ('32760005B', 'Beatriz Ortega Molina', '1968-10-02', '981567468');
insert into CLIENTE values ('88532446V', 'Jesús González Torres', '1977-04-18', '651233749');
insert into CLIENTE values ('81189112K', 'Fernando Romero Molina', '1984-04-20', '603449741');
insert into CLIENTE values ('61763309G', 'Valentina Martín Jiménez', '1970-06-30', '972770149');
insert into CLIENTE values ('62942722C', 'Manuel Rubio Martínez', '1984-09-12', '995698578');
insert into CLIENTE values ('95304821X', 'Mercedes García Gallego', '1999-12-08', '953812501');
insert into CLIENTE values ('62637730N', 'Ana Domínguez Muñoz', '1990-04-15', '956912954');
insert into CLIENTE values ('76285114C', 'Carmen María Delgado Marín', '1992-02-23', '980833755');
insert into CLIENTE values ('96023547W', 'Carla Navarro Torres', '1963-10-29', '653861045');
insert into CLIENTE values ('62505535Z', 'Mateo Medina Gallego', '1995-04-21', '646062073');
insert into CLIENTE values ('88828325C', 'Mariano Navarro Muñoz', '1995-03-30', '969272352');
insert into CLIENTE values ('25218791E', 'Laura Cano Blanco', '1977-01-16', '646032826');
insert into CLIENTE values ('24102625F', 'Pablo Navarro Méndez', '1994-04-27', '676047110');
insert into CLIENTE values ('22498646A', 'Carlos Castillo Delgado', '1997-04-17', '661614893');
insert into CLIENTE values ('36762747H', 'Andrea Muñoz Prieto', '1981-10-15', '608342767');
insert into CLIENTE values ('11507047K', 'Leo Fernández Blanco', '1955-05-02', '659714920');
insert into CLIENTE values ('37692275N', 'Paula Nuñez Martín', '1967-04-08', '667365065');
insert into CLIENTE values ('52048763S', 'Andrea Castillo Castro', '1964-05-06', '980266017');
insert into CLIENTE values ('01260268G', 'Rafael Vázquez Martínez', '1976-09-06', '971645397');
insert into CLIENTE values ('81727825S', 'Emma Pérez Ruiz', '1971-05-21', '936211421');
insert into CLIENTE values ('95355589E', 'Ana Fernández Santos', '1982-11-19', '651959823');
insert into CLIENTE values ('79023107G', 'Raúl Iglesias Gómez', '1985-10-25', '662034248');
insert into CLIENTE values ('55938902E', 'Diego Díaz García', '1955-03-07', '622554701');
insert into CLIENTE values ('06034959P', 'Alejandro Gil Ortiz', '1977-10-25', '669490305');
insert into CLIENTE values ('38813114S', 'Víctor Vázquez Vidal', '1984-06-23', '661987047');
insert into CLIENTE values ('45497987J', 'Mateo López Gallego', '1980-04-13', '944004222');
insert into CLIENTE values ('22673182P', 'Pedro Guerrero Rodríguez', '1958-05-10', '915829192');
insert into CLIENTE values ('29705841H', 'Rubén Cortés Vázquez', '1977-12-20', '977497651');
insert into CLIENTE values ('03603490M', 'Ignacio Gómez Jiménez', '1969-06-20', '991841341');
insert into CLIENTE values ('04267661M', 'Ana Iglesias Molina', '1958-03-09', '634256456');
insert into CLIENTE values ('98769818Y', 'Alicia Morales Sánchez', '1998-03-27', '962283223');
insert into CLIENTE values ('78833111N', 'Natalia Sánchez Iglesias', '1998-11-30', '928806253');
insert into CLIENTE values ('30861075X', 'Carla Delgado Ramos', '1982-04-07', '909298014');
insert into CLIENTE values ('01767692E', 'Juan Gutiérrez Méndez', '1986-08-31', '697358362');
insert into CLIENTE values ('42766292A', 'Miriam Morales Calvo', '1964-10-25', '987141797');
insert into CLIENTE values ('27967872L', 'Juan Calvo Rodríguez', '1985-06-12', '608964108');
insert into CLIENTE values ('50742583G', 'Claudia Iglesias Guerrero', '1977-03-28', '932414081');
insert into CLIENTE values ('27317557X', 'Raquel Vidal Méndez', '1992-11-12', '636332759');
insert into CLIENTE values ('73068449C', 'Javier Romero Prieto', '1960-02-04', '645468294');
insert into CLIENTE values ('08848615K', 'Raúl Delgado Ramírez', '1956-10-01', '627579747');
insert into CLIENTE values ('59221329K', 'Alejandro Díaz Suárez', '1960-08-22', '683870202');
insert into CLIENTE values ('90304072A', 'Alba Vázquez Jiménez', '1960-03-25', '963437536');
insert into CLIENTE values ('76989105K', 'Elena Gutiérrez Suárez', '1967-02-15', '673044999');
insert into CLIENTE values ('65362247W', 'Laura Pérez Álvarez', '1970-11-08', '684751307');
insert into CLIENTE values ('18149002B', 'Gloria Hernández Serrano', '1968-06-15', '652533077');
insert into CLIENTE values ('11763423E', 'Leo Gallego Martínez', '1989-04-29', '668442653');
insert into CLIENTE values ('29721686F', 'Leo Pérez Delgado', '1975-02-18', '685709315');
insert into CLIENTE values ('28179251W', 'Sofía Álvarez Ortega', '1971-09-14', '632117009');
insert into CLIENTE values ('37283023A', 'Francisco Nuñez Calvo', '1977-05-27', '949736142');
insert into CLIENTE values ('14519506X', 'Ignacio Sánchez Martín', '1987-02-18', '686379181');
insert into CLIENTE values ('13112937S', 'Ignacio Ortiz García', '1965-12-26', '957982422');
insert into CLIENTE values ('86565242E', 'Ángel Fernández Rodríguez', '1974-02-08', '950106588');
insert into CLIENTE values ('01766539B', 'Carlos Suárez Álvarez', '1966-01-28', '911158865');
insert into CLIENTE values ('85942149E', 'Miriam Sánchez Ortiz', '1972-06-01', '626678664');
insert into CLIENTE values ('04486726B', 'David Medina Ramírez', '1991-08-10', '930188153');
insert into CLIENTE values ('00902674S', 'Manuel Ortiz Ramírez', '1979-02-15', '993656365');
insert into CLIENTE values ('41772370A', 'Sofía González Ramos', '1980-10-28', '682182124');
insert into CLIENTE values ('08487384S', 'David Santos Martín', '1978-12-21', '603862237');
insert into CLIENTE values ('90507894W', 'Marta Medina Blanco', '1966-10-28', '642787726');
insert into CLIENTE values ('96209102L', 'Rafael Nuñez Nuñez', '1982-09-01', '617544008');
insert into CLIENTE values ('10946785E', 'Marta Ramírez Pérez', '1980-09-11', '678811014');
insert into CLIENTE values ('37993446Z', 'Patricia Molina Méndez', '1985-03-17', '694700379');
insert into CLIENTE values ('92744764B', 'Hugo Medina Álvarez', '1982-09-19', '957827720');
insert into CLIENTE values ('00468972C', 'Rosa Gutiérrez Torres', '1976-03-28', '976238228');
insert into CLIENTE values ('95009748Q', 'Miriam Rubio Rubio', '1961-04-09', '689325555');
insert into CLIENTE values ('66282277D', 'Alicia Ortega Gómez', '1985-01-07', '965852148');
insert into CLIENTE values ('43662308F', 'Miriam Romero Lozano', '1983-04-07', '956074894');
insert into CLIENTE values ('62535013Q', 'Carlos Gallego Rubio', '1982-05-18', '946301950');
insert into CLIENTE values ('66622724E', 'Pedro Blanco García', '1970-08-09', '624919101');
insert into CLIENTE values ('99081443W', 'Marina Ramos Gallego', '1982-04-14', '650310055');
insert into CLIENTE values ('35085957K', 'Enrique Castillo Ruiz', '1955-02-11', '668987190');
insert into CLIENTE values ('78753581T', 'Elena Santos Hernández', '1984-03-03', '989989414');
insert into CLIENTE values ('30774333M', 'Fernando Molina Alonso', '1972-08-17', '972364268');
insert into CLIENTE values ('15971796Y', 'Gloria Medina Ramos', '1981-07-01', '616978696');
insert into CLIENTE values ('29263738L', 'Carmen María Navarro Moreno', '1981-10-10', '929625835');
insert into CLIENTE values ('03944765P', 'Álvaro Sanz Molina', '1997-10-15', '918244740');
insert into CLIENTE values ('90567977D', 'Ángel Ortiz Sánchez', '1995-12-28', '967978442');
insert into CLIENTE values ('26922715W', 'Leo García Medina', '1973-09-28', '623748270');
insert into CLIENTE values ('39706967X', 'Carmen María Morales Castillo', '1976-03-17', '994735975');
insert into CLIENTE values ('55845985H', 'Raquel Lozano Gallego', '1988-08-31', '679133994');
insert into CLIENTE values ('57940639F', 'Juan Delgado Castro', '1964-12-10', '629803342');
insert into CLIENTE values ('84415037A', 'Mariano Gutiérrez Fernández', '1975-02-15', '693146358');
insert into CLIENTE values ('02119380Z', 'Mateo Calvo Lozano', '1970-01-03', '691914096');
insert into CLIENTE values ('04694109S', 'Mercedes Jiménez Torres', '1971-01-28', '650783363');
insert into CLIENTE values ('45830080E', 'Alicia Rubio López', '1998-05-08', '956010835');
insert into CLIENTE values ('34524342J', 'Leo Jiménez Medina', '1985-09-24', '977656056');
insert into CLIENTE values ('54558047A', 'Víctor Ramos Díaz', '1966-05-03', '628224150');
insert into CLIENTE values ('54862119P', 'Alba Gil Marín', '1970-06-21', '671249692');
insert into CLIENTE values ('14754767Q', 'Carmen María Ramírez Calvo', '1986-03-16', '674822025');
insert into CLIENTE values ('69402676R', 'Álvaro Blanco Nuñez', '1999-09-18', '651006690');
insert into CLIENTE values ('54763477T', 'Sara Nuñez Delgado', '1975-10-18', '604071158');
insert into CLIENTE values ('73236250V', 'Paula Méndez Morales', '1958-07-30', '688890618');
insert into CLIENTE values ('88704110L', 'Carla Gutiérrez Castillo', '1998-08-02', '997731787');
insert into CLIENTE values ('05270447X', 'María Ruiz Gil', '1972-01-24', '970769153');
insert into CLIENTE values ('87484932S', 'Jaime Moreno Torres', '1992-03-02', '939503512');
insert into CLIENTE values ('47476210B', 'Miguel Ortega Medina', '1982-07-05', '902256028');
insert into CLIENTE values ('91358256C', 'Jaime Ramos Torres', '1975-09-02', '949610093');
insert into CLIENTE values ('57086523T', 'Carla Sanz Lozano', '1957-03-09', '986093538');
insert into CLIENTE values ('55530584F', 'Elena Vázquez Martínez', '1963-06-26', '655594434');
insert into CLIENTE values ('70029361W', 'Óscar Delgado González', '1970-12-03', '911715104');
insert into CLIENTE values ('28237416T', 'Andrea Ruiz Vázquez', '1955-03-01', '976498072');
insert into CLIENTE values ('52657187Y', 'Elena Castro Fernández', '1979-07-15', '931745296');
insert into CLIENTE values ('00336473G', 'Carlos Gallego Suárez', '1975-08-20', '601391767');
insert into CLIENTE values ('75086781R', 'Pedro Sanz García', '1963-11-18', '625038934');
insert into CLIENTE values ('61361546H', 'Leo Díaz Lozano', '1990-11-14', '621728608');
insert into CLIENTE values ('02628135T', 'Mateo Calvo Jiménez', '1989-08-17', '610247911');
insert into CLIENTE values ('40974777B', 'Javier Iglesias Pérez', '1977-03-29', '930285901');
insert into CLIENTE values ('82150852E', 'David Ruiz Gil', '1956-07-21', '693251810');
insert into CLIENTE values ('90502927X', 'Rubén Domínguez Sánchez', '1992-05-20', '948115850');
insert into CLIENTE values ('42915558W', 'Guillermo Guerrero Nuñez', '1957-02-26', '958755270');
insert into CLIENTE values ('27583325A', 'Andrea García Fernández', '1959-12-14', '673512535');
insert into CLIENTE values ('17418908W', 'Álvaro Alonso Castillo', '1962-02-28', '699951883');
insert into CLIENTE values ('67187226T', 'Marta Gómez Martín', '1991-09-29', '661398059');
insert into CLIENTE values ('77320321C', 'Marina Ortiz Sanz', '1972-10-01', '935762993');
insert into CLIENTE values ('21744295D', 'Iván Navarro Ortega', '1990-11-15', '977070890');
insert into CLIENTE values ('32013389M', 'Adriana Gómez Martínez', '1962-06-17', '985198549');
insert into CLIENTE values ('86125424R', 'Natalia Lozano Iglesias', '1983-07-12', '670706849');
insert into CLIENTE values ('13430366Z', 'Álvaro Prieto Blanco', '1995-04-02', '917423074');
insert into CLIENTE values ('71584213C', 'Mercedes Calvo Moreno', '1975-04-29', '698503571');
insert into CLIENTE values ('81242395B', 'Laura Muñoz Cortés', '1991-12-22', '680320834');
insert into CLIENTE values ('79620754Y', 'Sara Molina Ruiz', '1986-09-14', '982749633');
insert into CLIENTE values ('15529242L', 'Jaime Gómez Hernández', '1975-10-06', '912013522');
insert into CLIENTE values ('26575008D', 'Guillermo Méndez Cano', '1960-02-14', '688423198');
insert into CLIENTE values ('62490351V', 'Manuel Sánchez Calvo', '1965-09-01', '987063382');
insert into CLIENTE values ('34633434M', 'Álvaro Medina Vázquez', '1984-05-16', '933551190');
insert into CLIENTE values ('34177061E', 'Claudia Suárez Gil', '1963-03-07', '937544518');
insert into CLIENTE values ('65766911Y', 'José Antonio López Martínez', '1976-01-05', '636920939');
insert into CLIENTE values ('66672850N', 'Isabel Ramírez Lozano', '1990-08-09', '952871697');
insert into CLIENTE values ('42759232B', 'Antonio Castillo Fernández', '1966-07-10', '906833126');
insert into CLIENTE values ('78229153P', 'Rubén Gómez Méndez', '1997-06-15', '959152911');
insert into CLIENTE values ('61708111J', 'Ángel Martínez González', '1973-03-25', '951019021');
insert into CLIENTE values ('59843799H', 'Mariano Prieto Nuñez', '1956-09-22', '984334603');
insert into CLIENTE values ('89547749K', 'Antonio Ruiz Jiménez', '1990-03-16', '639238505');
insert into CLIENTE values ('32408522E', 'Patricia Méndez Domínguez', '1967-04-19', '667086455');
insert into CLIENTE values ('66494437M', 'Pedro López Blanco', '1994-07-11', '654158645');
insert into CLIENTE values ('07023465B', 'Juan Ramos Martín', '1999-09-17', '918983375');
insert into CLIENTE values ('56685744N', 'Irene Alonso Muñoz', '1957-03-05', '628442370');
insert into CLIENTE values ('45847294Q', 'Raquel Gil Ortiz', '1965-09-17', '668040807');
insert into CLIENTE values ('65830652G', 'Manuel Alonso García', '1982-01-18', '988726788');
insert into CLIENTE values ('13293018H', 'David González Martín', '1956-09-24', '692855038');
insert into CLIENTE values ('33171688H', 'Óscar Marín Ramírez', '1974-01-29', '678542744');
insert into CLIENTE values ('47558159B', 'Marta Martín Alonso', '1974-03-19', '627893554');
insert into CLIENTE values ('77679230W', 'Alicia Martínez Prieto', '1973-10-24', '661340355');
insert into CLIENTE values ('08635237C', 'Carmen Morales Morales', '1959-09-06', '902838431');
insert into CLIENTE values ('50552404Q', 'Raquel Molina Alonso', '1986-10-10', '967752770');
insert into CLIENTE values ('57139578M', 'Eva Sánchez Molina', '1979-01-23', '915970594');
insert into CLIENTE values ('33326136L', 'Marina Delgado Torres', '1966-09-27', '965109519');
insert into CLIENTE values ('34883734C', 'Rosa Navarro Cano', '1956-05-08', '621932103');
insert into CLIENTE values ('15937501W', 'Rafael Castro Medina', '1962-11-30', '612051367');
insert into CLIENTE values ('05919223P', 'José Castro Alonso', '1995-11-20', '646758966');
insert into CLIENTE values ('55827743E', 'Enrique Gil Muñoz', '1994-04-25', '916829468');
insert into CLIENTE values ('35374524V', 'Julia Cano Serrano', '1966-08-30', '656281534');
insert into CLIENTE values ('24945511L', 'Rosa Prieto García', '1975-12-26', '969660409');
insert into CLIENTE values ('48444766E', 'María Muñoz Martínez', '1970-07-31', '972327637');
insert into CLIENTE values ('50581948D', 'Cristina Suárez López', '1984-09-18', '607758371');
insert into CLIENTE values ('65905813D', 'Mateo Gallego Iglesias', '1983-08-29', '696270449');
insert into CLIENTE values ('63929715W', 'Joaquín Cano Cortés', '1958-09-05', '699963139');
insert into CLIENTE values ('08108003X', 'Mateo Martínez Hernández', '1978-05-06', '966615516');
insert into CLIENTE values ('35026120V', 'Cristina Molina Torres', '1977-05-14', '971989395');
insert into CLIENTE values ('51436101F', 'Carmen María Sánchez Pérez', '1992-11-24', '955407274');
insert into CLIENTE values ('43900964N', 'Irene Méndez Rubio', '1996-05-27', '636161339');
insert into CLIENTE values ('51030036F', 'Mariano Moreno Castillo', '1975-09-29', '691977916');
insert into CLIENTE values ('38729392Q', 'Cristina Morales Castillo', '1967-01-05', '954157410');
insert into CLIENTE values ('52308448J', 'Laura Gutiérrez Álvarez', '1997-07-15', '659906706');
insert into CLIENTE values ('10124871V', 'Fernando Gil Gómez', '1960-07-28', '952438582');
insert into CLIENTE values ('95128243N', 'Víctor Pérez Delgado', '1993-08-09', '639187523');
insert into CLIENTE values ('97892851Y', 'Álvaro Santos Jiménez', '1976-03-28', '659327530');
insert into CLIENTE values ('58053730F', 'Jesús Iglesias Sánchez', '1992-10-29', '903333691');
insert into CLIENTE values ('39781889J', 'Silvia Ramos Iglesias', '1983-05-02', '993644441');
insert into CLIENTE values ('12359839H', 'Javier Nuñez Torres', '1973-01-19', '698993613');
insert into CLIENTE values ('84284801N', 'Carmen María Domínguez Gil', '1988-04-14', '922883120');
insert into CLIENTE values ('11778443F', 'Lucas Castillo Lozano', '1972-09-13', '996714624');
insert into CLIENTE values ('09773806C', 'Miguel Ramírez Jiménez', '1959-01-04', '928533934');
insert into CLIENTE values ('71115860Y', 'Pablo Sanz Serrano', '1977-10-19', '959383045');
insert into CLIENTE values ('85742679N', 'Carmen Gutiérrez Navarro', '1976-12-11', '987004098');
insert into CLIENTE values ('85115657T', 'Laura Ortega Ortiz', '1994-12-29', '608127297');
insert into CLIENTE values ('64499326P', 'Carmen María Vázquez Ramírez', '1996-10-27', '658039146');
insert into CLIENTE values ('43907805A', 'Luisa Castillo Gallego', '1974-09-22', '696739987');
insert into CLIENTE values ('78775090Y', 'Miguel Molina Álvarez', '1998-09-10', '915456790');
insert into CLIENTE values ('06217634Y', 'Lucas Gutiérrez Rodríguez', '1977-11-11', '999454227');
insert into CLIENTE values ('52543522Z', 'María Delgado Gómez', '1974-12-28', '954539130');
insert into CLIENTE values ('26064134F', 'Ignacio Navarro García', '1988-05-08', '900137767');
insert into CLIENTE values ('50086677Q', 'Diego Nuñez Ramírez', '1990-12-16', '658010522');
insert into CLIENTE values ('75373741E', 'Jorge Navarro Ortiz', '1966-07-23', '966697769');
insert into CLIENTE values ('81096048D', 'Guillermo Muñoz Martín', '1955-01-29', '919692791');
insert into CLIENTE values ('88205554C', 'Julia Cano Jiménez', '1988-07-27', '957513429');
insert into CLIENTE values ('37618729Y', 'Sofía Rubio Vázquez', '1956-06-22', '974301748');
insert into CLIENTE values ('25202179Y', 'Alejandro Fernández Nuñez', '1978-05-26', '919155401');
insert into CLIENTE values ('11293593V', 'Alba Marín Gallego', '1972-04-15', '655424181');
insert into CLIENTE values ('19399414V', 'Manuel Gil Medina', '1978-07-28', '694416860');
insert into CLIENTE values ('26336347N', 'Alejandro Gómez González', '1994-01-26', '686498784');
insert into CLIENTE values ('32007921T', 'Cristina Martínez Gallego', '1987-09-15', '685518564');
insert into CLIENTE values ('35804863E', 'Hugo Sanz Domínguez', '1963-12-04', '987479259');
insert into CLIENTE values ('42526318J', 'Rubén Delgado Vázquez', '1970-02-15', '698362447');
insert into CLIENTE values ('95895675E', 'David Vidal Cano', '1968-12-21', '983222405');
insert into CLIENTE values ('03715486X', 'Alejandro Ortiz Díaz', '1975-04-21', '631052921');
insert into CLIENTE values ('16847972P', 'Adriana Vázquez Santos', '1956-05-20', '934735267');
insert into CLIENTE values ('32004145N', 'Isabel González Marín', '1969-03-15', '642891217');
insert into CLIENTE values ('64526930S', 'Mariano Méndez Álvarez', '1966-06-20', '960992788');
insert into CLIENTE values ('85366330N', 'Víctor Vázquez García', '1981-05-06', '946681082');
insert into CLIENTE values ('06545443M', 'Sara Pérez Rubio', '1976-10-12', '687682110');
insert into CLIENTE values ('85424351F', 'Sara Guerrero Gil', '1961-02-20', '605999552');
insert into CLIENTE values ('54454973P', 'Lorena Pérez Calvo', '1955-07-31', '973119627');
insert into CLIENTE values ('41098498F', 'Mercedes Gallego Romero', '1967-04-08', '681376394');
insert into CLIENTE values ('48528289Q', 'Leo Molina Gallego', '1973-05-31', '677940012');
insert into CLIENTE values ('18878963M', 'Paula García Serrano', '1991-08-12', '633440082');
insert into CLIENTE values ('41585917J', 'Ignacio Medina Cortés', '1964-01-15', '647273515');
insert into CLIENTE values ('64188064K', 'José Antonio Martínez Romero', '1977-02-17', '658832963');
insert into CLIENTE values ('20657942K', 'Eva Jiménez Medina', '1981-08-23', '691040870');
insert into CLIENTE values ('35692663Y', 'Ignacio Serrano Ramírez', '1971-12-14', '681293673');
insert into CLIENTE values ('76288165T', 'Jorge Gómez Moreno', '1999-11-18', '916876143');
insert into CLIENTE values ('74950177J', 'Eva Vidal Álvarez', '1958-06-13', '695894815');
insert into CLIENTE values ('84590998M', 'Emma Serrano Serrano', '1976-03-17', '926291256');
insert into CLIENTE values ('84414135V', 'Marta Sanz Jiménez', '1978-01-09', '920373089');
insert into CLIENTE values ('20916070J', 'Pablo Moreno Romero', '1981-11-13', '603214867');
insert into CLIENTE values ('02730386L', 'Jaime Suárez Lozano', '1999-01-19', '938742409');
insert into CLIENTE values ('03597784K', 'Gloria Cano García', '1965-02-22', '654741557');
insert into CLIENTE values ('19428068Q', 'Isabel Díaz Lozano', '1978-11-03', '952277314');
insert into CLIENTE values ('31966938X', 'Isabel Jiménez Santos', '1964-07-05', '648055876');
insert into CLIENTE values ('95975978Q', 'Javier López Méndez', '1996-05-13', '994118735');
insert into CLIENTE values ('07772230B', 'Miriam García Muñoz', '1956-09-11', '952071585');
insert into CLIENTE values ('83424824G', 'Mariano Torres Méndez', '1979-03-03', '624419239');
insert into CLIENTE values ('31656456R', 'Beatriz Rodríguez Morales', '1994-02-19', '937729442');
insert into CLIENTE values ('41445140Q', 'Álvaro Domínguez Ruiz', '1972-11-23', '668885971');
insert into CLIENTE values ('27322622C', 'Pablo Méndez Vidal', '1976-07-02', '968796179');
insert into CLIENTE values ('39587563K', 'Irene Fernández Rubio', '1961-03-06', '682779048');
insert into CLIENTE values ('14636811C', 'Carmen María Suárez Guerrero', '1991-12-18', '922237306');
insert into CLIENTE values ('84891039T', 'Joaquín Gómez Ramírez', '1999-02-11', '954835851');
insert into CLIENTE values ('00505361F', 'Adriana Hernández Gallego', '1964-04-04', '682672159');
insert into CLIENTE values ('91727156F', 'Julia Ruiz Alonso', '1958-05-14', '693787839');
insert into CLIENTE values ('09710285H', 'Raúl Castillo Jiménez', '1970-06-24', '651385447');
insert into CLIENTE values ('93134907V', 'Jaime Medina Blanco', '1984-10-13', '914169805');
insert into CLIENTE values ('97534458Q', 'Valentina Ramírez Méndez', '1972-04-17', '645967080');
insert into CLIENTE values ('63512343F', 'Carla Serrano Lozano', '1996-01-30', '610210455');
insert into CLIENTE values ('92561244Y', 'Raúl Iglesias Morales', '1980-04-18', '676432069');
insert into CLIENTE values ('90169866Z', 'Lucía Gómez Ramírez', '1966-09-26', '693341552');
insert into CLIENTE values ('74979239Y', 'Raquel Gutiérrez Gutiérrez', '1978-06-20', '683367283');
insert into CLIENTE values ('73469772Y', 'Alba Alonso Lozano', '1967-10-06', '659188013');
insert into CLIENTE values ('40426219S', 'David Méndez Díaz', '1972-01-10', '617561790');
insert into CLIENTE values ('26201733V', 'Lorena Santos Medina', '2000-03-06', '984540837');
insert into CLIENTE values ('90188229J', 'Alicia Sanz Rodríguez', '1957-12-20', '972729870');
insert into CLIENTE values ('42644045Y', 'Laura Blanco Gutiérrez', '1985-11-28', '906072937');
insert into CLIENTE values ('30421789M', 'Irene Medina Díaz', '1983-12-25', '662929654');
insert into CLIENTE values ('25114616W', 'Andrea Lozano González', '1999-07-21', '965650369');
insert into CLIENTE values ('72884988P', 'Rosa Ortiz Moreno', '1960-06-06', '993324870');
insert into CLIENTE values ('77053874L', 'Marina Castillo Ortega', '1994-10-20', '602081186');
insert into CLIENTE values ('20624498H', 'Lorena Delgado Gutiérrez', '1973-04-09', '691414409');
insert into CLIENTE values ('91196251K', 'Juan Carlos Santos Castro', '1990-12-09', '965801706');
insert into CLIENTE values ('21114463D', 'Carla Álvarez Torres', '1955-11-21', '915946684');
insert into CLIENTE values ('12616964R', 'Joaquín García Vázquez', '1970-02-19', '634524661');
insert into CLIENTE values ('85823195G', 'Paula Santos Prieto', '1959-03-16', '643799712');
insert into CLIENTE values ('59312422Z', 'Claudia Sanz Pérez', '1983-12-04', '692587808');
insert into CLIENTE values ('07529104J', 'Guillermo García Romero', '1966-07-19', '913079932');
insert into CLIENTE values ('12415469A', 'Pedro Gómez Gil', '1978-06-03', '968261959');
insert into CLIENTE values ('46520007A', 'Manuel Santos Muñoz', '1987-10-04', '987769724');
insert into CLIENTE values ('37745121F', 'Marina Ruiz Santos', '1978-07-15', '690060817');
insert into CLIENTE values ('38009107X', 'Claudia Pérez Gutiérrez', '1986-03-26', '902702235');
insert into CLIENTE values ('82408310A', 'Gloria Medina Sanz', '1995-03-13', '958721975');
insert into CLIENTE values ('26527435T', 'Verónica Lozano Sánchez', '1988-02-16', '698466723');
insert into CLIENTE values ('33991221E', 'Adriana Gómez Martín', '1997-03-21', '951633878');
insert into CLIENTE values ('77159997M', 'Fernando Moreno Pérez', '1972-11-20', '697641443');
insert into CLIENTE values ('72294195X', 'Valentina Gutiérrez Vidal', '1967-06-23', '665666155');
insert into CLIENTE values ('40535444Q', 'Mateo Vázquez Martínez', '1973-07-18', '654571959');
insert into CLIENTE values ('50156510W', 'Diego Rubio Martín', '1982-08-14', '963999708');
insert into CLIENTE values ('76894093L', 'Manuel Domínguez Guerrero', '1988-04-21', '916477905');
insert into CLIENTE values ('76425103N', 'Lucía Santos Castro', '1982-06-21', '649937671');
insert into CLIENTE values ('25399358Y', 'Isabel Santos Medina', '1991-04-17', '988607675');
insert into CLIENTE values ('54455064M', 'Andrea Díaz Méndez', '1957-02-15', '673434158');
insert into CLIENTE values ('33212341W', 'Enrique Ramos Ortega', '1977-08-16', '916595955');
insert into CLIENTE values ('15882340P', 'Alejandro Marín González', '1969-06-03', '696607476');
insert into CLIENTE values ('33697215H', 'Hugo Morales Ruiz', '1999-12-08', '672222364');
insert into CLIENTE values ('99347855Z', 'Daniel Morales Lozano', '1960-05-09', '949221290');
insert into CLIENTE values ('33158763J', 'Patricia Ruiz González', '1960-12-04', '972492426');
insert into CLIENTE values ('15755888Q', 'Álvaro Ramírez Ramírez', '1987-10-05', '643107756');
insert into CLIENTE values ('07100931D', 'Raúl Torres Nuñez', '1965-03-06', '662502262');
insert into CLIENTE values ('93029940A', 'Luisa Fernández González', '1977-06-15', '975815369');
insert into CLIENTE values ('05069558N', 'Carmen María Cano Prieto', '1982-11-15', '675604626');
insert into CLIENTE values ('54704226Q', 'Juan Gil Sánchez', '1989-09-03', '926784720');
insert into CLIENTE values ('52185819R', 'Rubén Hernández Gutiérrez', '1977-05-01', '905293372');
insert into CLIENTE values ('51486802Q', 'Fernando Sanz Romero', '1960-11-13', '612358669');
insert into CLIENTE values ('11784068V', 'Sara Delgado Serrano', '1965-08-24', '677057126');
insert into CLIENTE values ('21668492J', 'Rosa Martínez Torres', '1985-04-12', '677742518');
insert into CLIENTE values ('11990058X', 'Luisa Castillo Calvo', '1970-12-10', '686732607');
insert into CLIENTE values ('42922173L', 'Natalia Romero Suárez', '1979-06-06', '993560390');
insert into CLIENTE values ('13073788N', 'Alicia Castro Guerrero', '1965-05-04', '676543621');
insert into CLIENTE values ('79902669C', 'Natalia Calvo Guerrero', '1974-11-15', '617613376');
insert into CLIENTE values ('88433384T', 'Claudia Gallego Ramírez', '1984-06-12', '981491739');
insert into CLIENTE values ('38752745Z', 'Javier Santos Pérez', '1991-11-25', '628427721');
insert into CLIENTE values ('09134096Q', 'Víctor González Suárez', '1975-06-07', '948447494');
insert into CLIENTE values ('97663716P', 'Verónica Blanco Blanco', '1980-11-12', '967097752');
insert into CLIENTE values ('44471416W', 'Gloria Gómez Morales', '1986-03-06', '992826961');
insert into CLIENTE values ('64857877S', 'Manuel Romero Gómez', '1992-11-19', '654238916');
insert into CLIENTE values ('81993571X', 'Claudia Medina Sánchez', '1971-07-20', '932337200');
insert into CLIENTE values ('75066564R', 'Francisco Navarro Gil', '1992-06-30', '657246538');
insert into CLIENTE values ('34318708T', 'Ignacio Álvarez Iglesias', '1962-11-07', '688726844');
insert into CLIENTE values ('44921594V', 'Diego Gallego Molina', '1975-11-10', '632218550');
insert into CLIENTE values ('94700211M', 'Cristina Vidal Ortiz', '1990-10-28', '980903693');
insert into CLIENTE values ('29821049J', 'Carlos Gutiérrez López', '1996-03-18', '647186533');
insert into CLIENTE values ('75137434Z', 'Sofía Alonso Vázquez', '1978-05-13', '991949812');
insert into CLIENTE values ('69224189J', 'Antonio Morales Cortés', '1962-02-10', '980274367');
insert into CLIENTE values ('83940502B', 'Guillermo Iglesias Blanco', '1992-09-26', '939686777');
insert into CLIENTE values ('13064818N', 'Joaquín Torres Cano', '1985-06-29', '602424327');
insert into CLIENTE values ('68984452A', 'Lucas Iglesias García', '1962-10-09', '985576525');
insert into CLIENTE values ('66195000M', 'Ángel Medina Cortés', '1985-01-10', '623525645');
insert into CLIENTE values ('49442190L', 'Alba Castro Santos', '1991-04-01', '915825843');
insert into CLIENTE values ('17572345A', 'Jaime Muñoz Serrano', '1994-08-07', '633625123');


/************ CARGA DE LA TABLA VENTA (NUM_FACTURA, COD_CLIENTE, COD_COCHE, COD_CONCESIONARIO, PRECIO, FECHA) ************/
insert into VENTA values (1, '61657871A', 188, 10, 29904.86, '2006-06-01');
insert into VENTA values (2, '01985186L', 104, 5, 19627.60, '2012-04-21');
insert into VENTA values (3, '10349617J', 178, 7, 25684.70, '2007-04-10');
insert into VENTA values (4, '19833829K', 339, 15, 47998.48, '2015-03-14');
insert into VENTA values (5, '11690165B', 65, 12, 25903.03, '2022-09-14');
insert into VENTA values (6, '37008481K', 263, 1, 40365.96, '2017-02-23');
insert into VENTA values (7, '90650688G', 336, 11, 33881.10, '2004-02-11');
insert into VENTA values (8, '85139829S', 200, 8, 48086.33, '2002-05-11');
insert into VENTA values (9, '51838237K', 302, 5, 46283.83, '2016-12-14');
insert into VENTA values (10, '40388532D', 278, 12, 25993.32, '2015-09-16');
insert into VENTA values (11, '45418763W', 5, 5, 31969.70, '2019-11-16');
insert into VENTA values (12, '99778723J', 269, 13, 30103.37, '2020-08-10');
insert into VENTA values (13, '00497592L', 120, 5, 21896.79, '2001-05-23');
insert into VENTA values (14, '72914589P', 337, 12, 35584.32, '2019-12-07');
insert into VENTA values (15, '82978385X', 90, 14, 21191.60, '2018-09-07');
insert into VENTA values (16, '73110034D', 192, 1, 39626.10, '2015-12-16');
insert into VENTA values (17, '58218319G', 167, 2, 46505.64, '2003-02-11');
insert into VENTA values (18, '07555579L', 108, 2, 21905.98, '2010-11-01');
insert into VENTA values (19, '61035729J', 227, 7, 23620.94, '2017-10-22');
insert into VENTA values (20, '99040611P', 266, 13, 45566.75, '2021-12-26');
insert into VENTA values (21, '97310405E', 281, 13, 49561.85, '2019-01-06');
insert into VENTA values (22, '51324661A', 33, 8, 33367.04, '2003-10-10');
insert into VENTA values (23, '42136070B', 245, 12, 22560.31, '2015-06-08');
insert into VENTA values (24, '54525077P', 274, 10, 20320.91, '2000-12-31');
insert into VENTA values (25, '46034625L', 303, 10, 22681.52, '2002-10-22');
insert into VENTA values (26, '25519018P', 297, 9, 42169.05, '2011-12-26');
insert into VENTA values (27, '29407856L', 281, 1, 33368.75, '2012-06-07');
insert into VENTA values (28, '11717687R', 346, 7, 32004.29, '2022-09-02');
insert into VENTA values (29, '52350448L', 330, 10, 44061.31, '2021-04-02');
insert into VENTA values (30, '00623455T', 325, 14, 44414.51, '2009-05-21');
insert into VENTA values (31, '40124719A', 6, 6, 37927.32, '2008-09-25');
insert into VENTA values (32, '84038107T', 77, 8, 48428.27, '2020-05-10');
insert into VENTA values (33, '90387929Z', 330, 14, 25709.97, '2008-07-08');
insert into VENTA values (34, '69765328D', 187, 10, 22066.95, '2002-07-26');
insert into VENTA values (35, '62269751M', 162, 12, 44923.06, '2004-07-14');
insert into VENTA values (36, '42195886T', 267, 11, 19625.85, '2012-02-25');
insert into VENTA values (37, '64822068V', 343, 5, 32348.23, '2014-06-17');
insert into VENTA values (38, '90634737T', 121, 2, 19315.85, '1998-08-22');
insert into VENTA values (39, '83154237Q', 34, 14, 22708.84, '2002-05-26');
insert into VENTA values (40, '35039579Z', 80, 9, 16928.58, '2010-05-28');
insert into VENTA values (41, '64215808R', 126, 14, 49536.57, '2015-11-29');
insert into VENTA values (42, '19143027P', 180, 3, 23405.29, '1995-05-17');
insert into VENTA values (43, '70991527D', 262, 2, 44576.45, '1999-04-26');
insert into VENTA values (44, '12628884Y', 151, 11, 16556.92, '2011-06-04');
insert into VENTA values (45, '22571989W', 33, 8, 36866.02, '2022-07-20');
insert into VENTA values (46, '51259121L', 76, 4, 47790.38, '2002-03-30');
insert into VENTA values (47, '55138895G', 115, 11, 38303.22, '2016-07-16');
insert into VENTA values (48, '04329604R', 29, 4, 35150.70, '2004-06-05');
insert into VENTA values (49, '99657876D', 328, 2, 36983.77, '2011-07-02');
insert into VENTA values (50, '49781375Q', 227, 7, 47003.99, '2016-04-07');
insert into VENTA values (51, '02069253P', 111, 14, 41727.23, '1999-08-20');
insert into VENTA values (52, '41869595E', 238, 8, 36906.07, '1995-07-06');
insert into VENTA values (53, '37555992F', 90, 5, 15844.03, '2005-12-12');
insert into VENTA values (54, '52385687N', 268, 8, 42172.06, '2022-04-25');
insert into VENTA values (55, '57117689V', 300, 8, 20731.58, '1997-11-22');
insert into VENTA values (56, '14742061E', 338, 8, 41089.05, '2022-10-21');
insert into VENTA values (57, '35094393E', 202, 9, 37264.15, '2002-03-22');
insert into VENTA values (58, '77025617X', 25, 13, 23226.87, '2008-03-04');
insert into VENTA values (59, '40177810H', 118, 7, 43753.60, '2000-03-31');
insert into VENTA values (60, '10310554Z', 206, 9, 34067.86, '2020-11-20');
insert into VENTA values (61, '01366554K', 126, 14, 27645.02, '2022-08-21');
insert into VENTA values (62, '94096172Y', 242, 5, 40324.95, '2009-02-08');
insert into VENTA values (63, '34535308D', 284, 13, 28195.20, '2006-10-22');
insert into VENTA values (64, '30664309W', 327, 7, 18419.28, '2016-06-21');
insert into VENTA values (65, '49148045P', 54, 5, 19687.84, '2016-02-14');
insert into VENTA values (66, '04121586K', 187, 7, 20203.49, '2008-07-19');
insert into VENTA values (67, '51387879Q', 65, 9, 39096.69, '2006-02-09');
insert into VENTA values (68, '13694631T', 48, 11, 15170.65, '2017-10-08');
insert into VENTA values (69, '64889868Q', 307, 4, 49850.79, '2001-09-25');
insert into VENTA values (70, '54029237G', 104, 4, 21529.74, '2014-02-03');
insert into VENTA values (71, '97640470W', 10, 15, 26486.82, '2002-04-30');
insert into VENTA values (72, '54495053D', 310, 10, 25102.86, '1995-11-04');
insert into VENTA values (73, '99316051E', 79, 15, 16726.72, '2013-05-08');
insert into VENTA values (74, '66254413R', 312, 10, 27877.22, '1998-06-18');
insert into VENTA values (75, '08505180L', 11, 3, 18762.89, '2006-06-14');
insert into VENTA values (76, '08082008R', 122, 10, 22248.58, '2004-03-06');
insert into VENTA values (77, '42552408S', 183, 9, 23028.58, '2017-03-06');
insert into VENTA values (78, '77143343K', 248, 6, 42035.48, '1996-11-01');
insert into VENTA values (79, '33631869E', 112, 13, 16927.80, '1995-10-28');
insert into VENTA values (80, '85225313K', 196, 13, 48184.96, '2020-01-06');
insert into VENTA values (81, '02862199L', 187, 9, 24248.66, '2002-12-09');
insert into VENTA values (82, '68253951C', 317, 9, 19271.01, '2008-12-14');
insert into VENTA values (83, '04653931W', 26, 12, 36783.71, '2001-12-04');
insert into VENTA values (84, '75623701A', 322, 8, 29774.89, '2007-12-23');
insert into VENTA values (85, '32675356R', 189, 10, 22856.49, '2009-01-20');
insert into VENTA values (86, '42344390L', 45, 4, 34902.14, '2022-03-20');
insert into VENTA values (87, '37850733B', 99, 9, 17995.03, '2022-07-28');
insert into VENTA values (88, '90262364Q', 325, 15, 32288.41, '2009-08-23');
insert into VENTA values (89, '76614066J', 46, 11, 42985.56, '2017-05-12');
insert into VENTA values (90, '04489569R', 5, 7, 32314.88, '2008-07-27');
insert into VENTA values (91, '66045894Q', 8, 8, 20817.81, '2008-01-24');
insert into VENTA values (92, '86024570S', 268, 1, 45630.37, '1996-07-01');
insert into VENTA values (93, '45174790H', 275, 5, 22660.33, '2001-01-27');
insert into VENTA values (94, '17784354V', 211, 5, 45068.58, '2006-03-04');
insert into VENTA values (95, '32760005B', 1, 2, 41244.83, '2013-02-18');
insert into VENTA values (96, '88532446V', 307, 2, 43623.05, '2008-03-21');
insert into VENTA values (97, '81189112K', 267, 11, 39184.78, '2019-07-21');
insert into VENTA values (98, '61763309G', 173, 8, 27123.16, '2006-01-05');
insert into VENTA values (99, '62942722C', 31, 3, 38836.68, '2014-04-21');
insert into VENTA values (100, '95304821X', 349, 10, 26631.44, '2007-02-09');
insert into VENTA values (101, '62637730N', 288, 10, 34298.32, '2019-10-20');
insert into VENTA values (102, '76285114C', 197, 12, 27496.84, '2009-01-05');
insert into VENTA values (103, '96023547W', 257, 1, 38969.05, '2019-02-11');
insert into VENTA values (104, '62505535Z', 297, 12, 31168.35, '2016-06-14');
insert into VENTA values (105, '88828325C', 61, 4, 39496.18, '2013-07-23');
insert into VENTA values (106, '25218791E', 296, 15, 45770.49, '1999-04-27');
insert into VENTA values (107, '24102625F', 8, 8, 27659.39, '2013-12-31');
insert into VENTA values (108, '22498646A', 91, 13, 36072.61, '2012-02-26');
insert into VENTA values (109, '36762747H', 41, 8, 35370.86, '2014-04-21');
insert into VENTA values (110, '11507047K', 99, 2, 29440.21, '2007-11-18');
insert into VENTA values (111, '37692275N', 115, 5, 22397.05, '2006-09-06');
insert into VENTA values (112, '52048763S', 76, 4, 16469.66, '1997-12-27');
insert into VENTA values (113, '01260268G', 217, 11, 27450.68, '2013-05-10');
insert into VENTA values (114, '81727825S', 284, 8, 27358.79, '1996-12-24');
insert into VENTA values (115, '95355589E', 73, 6, 32709.59, '2014-03-10');
insert into VENTA values (116, '79023107G', 338, 13, 46456.30, '2015-12-11');
insert into VENTA values (117, '55938902E', 190, 7, 21167.65, '2008-12-01');
insert into VENTA values (118, '06034959P', 166, 3, 43865.02, '2017-09-09');
insert into VENTA values (119, '38813114S', 184, 6, 47946.91, '2001-03-07');
insert into VENTA values (120, '45497987J', 243, 2, 21537.12, '2009-11-09');
insert into VENTA values (121, '22673182P', 120, 5, 24589.88, '2001-05-22');
insert into VENTA values (122, '29705841H', 132, 11, 21654.30, '1997-08-06');
insert into VENTA values (123, '03603490M', 74, 1, 38988.51, '1998-01-18');
insert into VENTA values (124, '04267661M', 146, 3, 43516.86, '2008-12-16');
insert into VENTA values (125, '98769818Y', 282, 2, 27941.61, '2006-01-18');
insert into VENTA values (126, '78833111N', 81, 7, 49051.04, '2008-02-13');
insert into VENTA values (127, '30861075X', 32, 6, 17876.39, '2006-12-01');
insert into VENTA values (128, '01767692E', 29, 4, 40189.94, '2010-05-28');
insert into VENTA values (129, '42766292A', 135, 8, 15334.03, '2015-08-26');
insert into VENTA values (130, '27967872L', 338, 4, 41554.47, '2016-05-20');
insert into VENTA values (131, '50742583G', 187, 9, 20905.17, '2009-03-29');
insert into VENTA values (132, '27317557X', 111, 3, 29891.97, '2010-12-17');
insert into VENTA values (133, '73068449C', 81, 7, 36489.33, '2008-10-27');
insert into VENTA values (134, '08848615K', 228, 4, 45303.97, '1999-01-18');
insert into VENTA values (135, '59221329K', 245, 4, 19653.30, '2000-06-24');
insert into VENTA values (136, '90304072A', 215, 6, 48688.29, '2002-11-13');
insert into VENTA values (137, '76989105K', 16, 15, 45102.10, '2020-01-04');
insert into VENTA values (138, '65362247W', 218, 4, 49073.27, '2006-03-09');
insert into VENTA values (139, '18149002B', 353, 11, 19266.14, '2020-10-27');
insert into VENTA values (140, '11763423E', 302, 5, 17525.64, '1996-12-20');
insert into VENTA values (141, '29721686F', 209, 8, 33746.50, '2014-08-11');
insert into VENTA values (142, '28179251W', 173, 9, 25409.21, '2008-06-15');
insert into VENTA values (143, '37283023A', 180, 9, 18249.43, '2000-08-31');
insert into VENTA values (144, '14519506X', 162, 7, 27419.64, '2022-09-05');
insert into VENTA values (145, '13112937S', 221, 14, 28922.18, '2021-04-30');
insert into VENTA values (146, '86565242E', 209, 7, 49687.61, '1999-12-10');
insert into VENTA values (147, '01766539B', 303, 7, 45409.91, '2001-02-01');
insert into VENTA values (148, '85942149E', 221, 14, 34653.29, '2013-10-29');
insert into VENTA values (149, '04486726B', 238, 3, 25241.12, '2019-10-11');
insert into VENTA values (150, '00902674S', 26, 12, 43862.90, '2009-08-23');
insert into VENTA values (151, '41772370A', 93, 1, 41205.67, '2003-11-14');
insert into VENTA values (152, '08487384S', 104, 11, 34383.71, '2019-09-09');
insert into VENTA values (153, '90507894W', 212, 5, 30792.34, '2001-02-25');
insert into VENTA values (154, '96209102L', 10, 7, 27655.59, '2003-01-21');
insert into VENTA values (155, '10946785E', 243, 13, 30904.41, '2018-07-17');
insert into VENTA values (156, '37993446Z', 162, 12, 42911.24, '2000-02-04');
insert into VENTA values (157, '92744764B', 348, 14, 27543.76, '2021-02-07');
insert into VENTA values (158, '00468972C', 83, 12, 22229.78, '2016-11-12');
insert into VENTA values (159, '95009748Q', 144, 14, 40358.22, '2021-03-14');
insert into VENTA values (160, '66282277D', 48, 13, 20533.27, '2017-07-07');
insert into VENTA values (161, '43662308F', 102, 3, 48583.12, '1997-08-05');
insert into VENTA values (162, '62535013Q', 319, 7, 21129.05, '1999-06-14');
insert into VENTA values (163, '66622724E', 11, 15, 33296.23, '2018-01-11');
insert into VENTA values (164, '99081443W', 32, 6, 29545.37, '2017-01-03');
insert into VENTA values (165, '35085957K', 11, 15, 21089.29, '2022-06-15');
insert into VENTA values (166, '78753581T', 116, 8, 28480.15, '2014-12-18');
insert into VENTA values (167, '30774333M', 329, 11, 49156.57, '2004-01-28');
insert into VENTA values (168, '15971796Y', 328, 2, 25786.66, '1999-12-22');
insert into VENTA values (169, '29263738L', 17, 14, 42850.72, '2012-09-22');
insert into VENTA values (170, '03944765P', 272, 12, 41520.91, '1998-11-28');
insert into VENTA values (171, '90567977D', 74, 15, 16007.15, '2011-03-02');
insert into VENTA values (172, '26922715W', 245, 12, 39144.81, '2013-06-21');
insert into VENTA values (173, '39706967X', 349, 15, 46066.31, '2014-06-02');
insert into VENTA values (174, '55845985H', 120, 8, 37581.41, '2021-01-28');
insert into VENTA values (175, '57940639F', 78, 10, 16959.77, '2006-12-22');
insert into VENTA values (176, '84415037A', 145, 7, 37382.10, '2016-09-10');
insert into VENTA values (177, '02119380Z', 205, 13, 35550.52, '2006-12-12');
insert into VENTA values (178, '04694109S', 310, 12, 43010.19, '2021-08-16');
insert into VENTA values (179, '45830080E', 231, 4, 16764.60, '1997-04-17');
insert into VENTA values (180, '34524342J', 206, 1, 41300.38, '2009-10-03');
insert into VENTA values (181, '54558047A', 73, 6, 34644.57, '2010-12-14');
insert into VENTA values (182, '54862119P', 315, 15, 24289.93, '2014-10-05');
insert into VENTA values (183, '14754767Q', 281, 1, 27541.77, '2012-09-13');
insert into VENTA values (184, '69402676R', 172, 10, 42259.09, '2004-03-11');
insert into VENTA values (185, '54763477T', 25, 13, 39233.81, '2004-11-10');
insert into VENTA values (186, '73236250V', 326, 9, 32884.48, '2013-09-26');
insert into VENTA values (187, '88704110L', 305, 2, 18466.49, '2003-09-08');
insert into VENTA values (188, '05270447X', 286, 14, 41983.51, '2006-08-16');
insert into VENTA values (189, '87484932S', 353, 11, 34576.14, '2006-09-22');
insert into VENTA values (190, '47476210B', 302, 15, 18984.76, '2003-09-12');
insert into VENTA values (191, '91358256C', 129, 9, 39955.42, '2005-10-21');
insert into VENTA values (192, '57086523T', 156, 13, 28190.58, '2001-12-26');
insert into VENTA values (193, '55530584F', 34, 13, 36515.55, '2002-06-14');
insert into VENTA values (194, '70029361W', 295, 1, 29343.41, '2006-11-22');
insert into VENTA values (195, '28237416T', 164, 13, 27094.38, '2010-02-09');
insert into VENTA values (196, '52657187Y', 10, 3, 43310.72, '2016-12-31');
insert into VENTA values (197, '00336473G', 194, 10, 49673.05, '2016-05-01');
insert into VENTA values (198, '75086781R', 268, 1, 35702.65, '2007-10-14');
insert into VENTA values (199, '61361546H', 181, 5, 35425.67, '2003-03-15');
insert into VENTA values (200, '02628135T', 22, 11, 38444.12, '1997-09-17');
insert into VENTA values (201, '40974777B', 129, 9, 22085.05, '2016-05-11');
insert into VENTA values (202, '82150852E', 174, 7, 26456.77, '2004-07-11');
insert into VENTA values (203, '90502927X', 15, 8, 25667.14, '2006-02-27');
insert into VENTA values (204, '42915558W', 294, 2, 35923.38, '2008-11-21');
insert into VENTA values (205, '27583325A', 286, 14, 38412.22, '2013-10-09');
insert into VENTA values (206, '17418908W', 62, 2, 38537.20, '2022-01-30');
insert into VENTA values (207, '67187226T', 212, 5, 24756.65, '1995-11-26');
insert into VENTA values (208, '77320321C', 149, 5, 46830.73, '1999-06-06');
insert into VENTA values (209, '21744295D', 115, 11, 47473.97, '1999-06-24');
insert into VENTA values (210, '32013389M', 238, 8, 32347.60, '2005-10-22');
insert into VENTA values (211, '86125424R', 297, 9, 44211.37, '1996-01-01');
insert into VENTA values (212, '13430366Z', 179, 7, 48098.74, '2018-01-16');
insert into VENTA values (213, '71584213C', 67, 13, 44241.79, '2015-06-10');
insert into VENTA values (214, '81242395B', 84, 13, 34791.15, '2020-09-30');
insert into VENTA values (215, '79620754Y', 298, 3, 27539.98, '2015-07-31');
insert into VENTA values (216, '15529242L', 328, 10, 24352.79, '1999-06-08');
insert into VENTA values (217, '26575008D', 350, 5, 20205.50, '2017-08-18');
insert into VENTA values (218, '62490351V', 257, 1, 41030.47, '2019-10-05');
insert into VENTA values (219, '34633434M', 264, 11, 26312.80, '2017-07-17');
insert into VENTA values (220, '34177061E', 138, 5, 38324.55, '2002-11-19');
insert into VENTA values (221, '65766911Y', 167, 3, 31362.28, '1995-11-20');
insert into VENTA values (222, '66672850N', 348, 14, 26866.51, '2004-06-12');
insert into VENTA values (223, '42759232B', 104, 11, 20471.62, '2011-06-25');
insert into VENTA values (224, '78229153P', 279, 2, 47050.27, '1999-11-10');
insert into VENTA values (225, '61708111J', 271, 15, 35452.99, '2000-03-31');
insert into VENTA values (226, '59843799H', 242, 13, 22012.28, '2014-05-29');
insert into VENTA values (227, '89547749K', 216, 11, 45430.84, '2016-06-11');
insert into VENTA values (228, '32408522E', 82, 15, 17857.41, '1995-02-07');
insert into VENTA values (229, '66494437M', 256, 9, 37897.33, '2012-11-13');
insert into VENTA values (230, '07023465B', 52, 10, 43515.53, '2015-12-13');
insert into VENTA values (231, '56685744N', 102, 3, 22279.79, '1998-11-14');
insert into VENTA values (232, '45847294Q', 309, 4, 35942.83, '1995-05-09');
insert into VENTA values (233, '65830652G', 330, 10, 40584.17, '2016-04-12');
insert into VENTA values (234, '13293018H', 61, 4, 21815.20, '1996-11-05');
insert into VENTA values (235, '33171688H', 165, 15, 35320.04, '2002-05-07');
insert into VENTA values (236, '47558159B', 52, 3, 48912.40, '2005-03-27');
insert into VENTA values (237, '77679230W', 248, 5, 17433.36, '1997-01-10');
insert into VENTA values (238, '08635237C', 137, 14, 26227.22, '2014-04-15');
insert into VENTA values (239, '50552404Q', 65, 9, 15699.82, '2005-08-31');
insert into VENTA values (240, '57139578M', 304, 6, 30522.05, '2022-02-15');
insert into VENTA values (241, '33326136L', 37, 2, 27973.96, '2020-03-07');
insert into VENTA values (242, '34883734C', 122, 8, 45779.89, '2010-03-18');
insert into VENTA values (243, '15937501W', 81, 7, 34099.16, '2006-04-27');
insert into VENTA values (244, '05919223P', 147, 6, 27901.99, '2004-08-28');
insert into VENTA values (245, '55827743E', 74, 1, 29799.74, '2011-05-15');
insert into VENTA values (246, '35374524V', 194, 10, 45103.45, '2008-10-11');
insert into VENTA values (247, '24945511L', 5, 14, 20886.33, '2017-04-18');
insert into VENTA values (248, '48444766E', 59, 1, 18039.15, '2009-03-29');
insert into VENTA values (249, '50581948D', 298, 14, 25507.11, '2008-05-08');
insert into VENTA values (250, '65905813D', 220, 11, 42972.10, '2014-05-08');
insert into VENTA values (251, '63929715W', 277, 14, 43864.90, '2020-08-11');
insert into VENTA values (252, '08108003X', 192, 6, 38218.68, '2013-04-28');
insert into VENTA values (253, '35026120V', 346, 7, 22722.59, '2018-04-21');
insert into VENTA values (254, '51436101F', 49, 12, 46841.16, '1996-07-22');
insert into VENTA values (255, '43900964N', 158, 11, 48359.86, '2007-03-17');
insert into VENTA values (256, '51030036F', 23, 1, 24220.74, '2014-09-23');
insert into VENTA values (257, '38729392Q', 103, 14, 17533.20, '2010-03-13');
insert into VENTA values (258, '52308448J', 6, 6, 32976.60, '2013-01-10');
insert into VENTA values (259, '10124871V', 83, 9, 21354.32, '2002-11-16');
insert into VENTA values (260, '95128243N', 343, 14, 17473.75, '2000-08-20');
insert into VENTA values (261, '97892851Y', 214, 1, 44306.79, '2003-08-27');
insert into VENTA values (262, '58053730F', 241, 1, 20666.11, '2021-02-17');
insert into VENTA values (263, '39781889J', 61, 4, 47141.14, '1997-07-08');
insert into VENTA values (264, '12359839H', 322, 8, 18379.63, '2021-03-06');
insert into VENTA values (265, '84284801N', 175, 5, 23638.00, '2018-05-18');
insert into VENTA values (266, '11778443F', 119, 1, 39767.47, '2009-09-07');
insert into VENTA values (267, '09773806C', 160, 14, 45684.65, '2012-02-05');
insert into VENTA values (268, '71115860Y', 79, 15, 21073.21, '1995-01-25');
insert into VENTA values (269, '85742679N', 77, 8, 32306.27, '2011-01-22');
insert into VENTA values (270, '85115657T', 170, 2, 46030.91, '1998-07-11');
insert into VENTA values (271, '64499326P', 21, 11, 25339.16, '2004-03-23');
insert into VENTA values (272, '43907805A', 348, 15, 25557.25, '2000-06-21');
insert into VENTA values (273, '78775090Y', 322, 6, 15070.75, '2014-04-28');
insert into VENTA values (274, '06217634Y', 174, 3, 24100.31, '2013-09-18');
insert into VENTA values (275, '52543522Z', 5, 14, 36254.62, '2021-09-06');
insert into VENTA values (276, '26064134F', 131, 14, 45092.61, '2015-07-24');
insert into VENTA values (277, '50086677Q', 243, 12, 34284.68, '2005-09-20');
insert into VENTA values (278, '75373741E', 147, 9, 32301.60, '2022-05-06');
insert into VENTA values (279, '81096048D', 152, 10, 26627.08, '2016-09-05');
insert into VENTA values (280, '88205554C', 138, 5, 15861.15, '2022-06-03');
insert into VENTA values (281, '37618729Y', 155, 15, 42130.77, '2009-12-20');
insert into VENTA values (282, '25202179Y', 8, 8, 16205.04, '2006-07-30');
insert into VENTA values (283, '11293593V', 67, 4, 48710.38, '2012-10-15');
insert into VENTA values (284, '19399414V', 104, 11, 29275.47, '2008-01-27');
insert into VENTA values (285, '26336347N', 42, 15, 27686.91, '2012-06-26');
insert into VENTA values (286, '32007921T', 224, 8, 21855.51, '1995-12-17');
insert into VENTA values (287, '35804863E', 204, 10, 26840.02, '2001-03-20');
insert into VENTA values (288, '42526318J', 112, 13, 16018.06, '2012-06-09');
insert into VENTA values (289, '95895675E', 353, 11, 30178.71, '2019-01-05');
insert into VENTA values (290, '03715486X', 140, 5, 33223.83, '2001-10-05');
insert into VENTA values (291, '16847972P', 131, 14, 38921.61, '2020-12-14');
insert into VENTA values (292, '32004145N', 50, 13, 33621.16, '2002-05-29');
insert into VENTA values (293, '64526930S', 125, 14, 38568.60, '2002-01-08');
insert into VENTA values (294, '85366330N', 104, 10, 32818.65, '2000-11-15');
insert into VENTA values (295, '06545443M', 68, 8, 46388.76, '2011-07-09');
insert into VENTA values (296, '85424351F', 219, 14, 29050.44, '1996-02-25');
insert into VENTA values (297, '54454973P', 144, 14, 26173.14, '2007-06-05');
insert into VENTA values (298, '41098498F', 285, 13, 28494.01, '1997-10-03');
insert into VENTA values (299, '48528289Q', 284, 8, 15266.63, '2019-09-04');
insert into VENTA values (300, '18878963M', 176, 14, 18516.45, '2004-12-13');
insert into VENTA values (301, '41585917J', 349, 15, 36695.44, '2015-09-25');
insert into VENTA values (302, '64188064K', 105, 6, 46628.39, '2017-12-22');
insert into VENTA values (303, '20657942K', 82, 9, 49112.63, '2006-08-21');
insert into VENTA values (304, '35692663Y', 139, 1, 47611.64, '2020-02-19');
insert into VENTA values (305, '76288165T', 322, 6, 24605.41, '2007-06-02');
insert into VENTA values (306, '74950177J', 242, 5, 27646.53, '2010-01-22');
insert into VENTA values (307, '84590998M', 90, 14, 37075.53, '2019-04-30');
insert into VENTA values (308, '84414135V', 138, 13, 49228.85, '2005-12-16');
insert into VENTA values (309, '20916070J', 46, 4, 42258.87, '2014-01-21');
insert into VENTA values (310, '02730386L', 310, 8, 16287.85, '2004-02-10');
insert into VENTA values (311, '03597784K', 352, 11, 37834.80, '1996-12-17');
insert into VENTA values (312, '19428068Q', 176, 4, 35844.68, '2017-07-30');
insert into VENTA values (313, '31966938X', 215, 6, 47103.14, '2018-06-17');
insert into VENTA values (314, '95975978Q', 328, 11, 32491.41, '1997-07-05');
insert into VENTA values (315, '07772230B', 133, 14, 15753.49, '2012-08-13');
insert into VENTA values (316, '83424824G', 104, 4, 39891.94, '2009-12-04');
insert into VENTA values (317, '31656456R', 133, 14, 42710.37, '2018-08-24');
insert into VENTA values (318, '41445140Q', 303, 10, 45274.01, '1996-04-24');
insert into VENTA values (319, '27322622C', 327, 14, 35938.76, '1996-04-15');
insert into VENTA values (320, '39587563K', 199, 14, 30202.72, '2011-05-08');
insert into VENTA values (321, '14636811C', 66, 3, 49190.73, '2022-08-29');
insert into VENTA values (322, '84891039T', 296, 4, 44245.53, '1999-11-10');
insert into VENTA values (323, '00505361F', 320, 11, 46707.65, '2002-08-02');
insert into VENTA values (324, '91727156F', 179, 7, 24180.22, '2022-04-12');
insert into VENTA values (325, '09710285H', 109, 7, 27356.50, '2012-07-26');
insert into VENTA values (326, '93134907V', 316, 13, 24550.64, '2016-03-11');
insert into VENTA values (327, '97534458Q', 166, 12, 34058.81, '2006-02-01');
insert into VENTA values (328, '63512343F', 71, 15, 41958.33, '2012-12-14');
insert into VENTA values (329, '92561244Y', 297, 3, 37542.74, '2022-08-24');
insert into VENTA values (330, '90169866Z', 51, 12, 30937.65, '2013-04-12');
insert into VENTA values (331, '74979239Y', 20, 2, 26376.19, '2003-10-21');
insert into VENTA values (332, '73469772Y', 303, 14, 44428.32, '1997-03-03');
insert into VENTA values (333, '40426219S', 334, 9, 27430.00, '2018-08-03');
insert into VENTA values (334, '26201733V', 8, 14, 40804.84, '1996-06-26');
insert into VENTA values (335, '90188229J', 283, 3, 44703.28, '2014-06-10');
insert into VENTA values (336, '42644045Y', 307, 14, 49718.40, '2015-12-13');
insert into VENTA values (337, '30421789M', 15, 13, 16526.26, '2011-11-21');
insert into VENTA values (338, '25114616W', 342, 2, 48560.81, '1997-02-01');
insert into VENTA values (339, '72884988P', 228, 11, 42811.41, '2019-11-24');
insert into VENTA values (340, '77053874L', 241, 1, 18287.46, '2003-07-26');
insert into VENTA values (341, '20624498H', 121, 2, 42267.84, '1999-05-29');
insert into VENTA values (342, '91196251K', 99, 7, 34858.64, '2006-04-30');
insert into VENTA values (343, '21114463D', 298, 14, 26300.50, '2018-05-26');
insert into VENTA values (344, '12616964R', 19, 7, 37020.27, '2011-08-17');
insert into VENTA values (345, '85823195G', 274, 10, 24156.52, '1998-01-13');
insert into VENTA values (346, '59312422Z', 215, 6, 18026.64, '2001-03-15');
insert into VENTA values (347, '07529104J', 316, 12, 16534.13, '2006-12-02');
insert into VENTA values (348, '12415469A', 332, 14, 27777.17, '2012-12-22');
insert into VENTA values (349, '46520007A', 193, 14, 47330.22, '2020-07-31');
insert into VENTA values (350, '37745121F', 86, 4, 19300.80, '2011-10-01');
insert into VENTA values (351, '38009107X', 206, 1, 25765.38, '2008-02-04');
insert into VENTA values (352, '82408310A', 236, 1, 31247.50, '2009-06-08');
insert into VENTA values (353, '26527435T', 36, 10, 38951.85, '2014-06-17');
insert into VENTA values (354, '33991221E', 112, 13, 48431.33, '2005-06-07');
insert into VENTA values (355, '77159997M', 169, 12, 20856.16, '2017-07-24');
insert into VENTA values (356, '72294195X', 205, 1, 34614.96, '2011-04-27');
insert into VENTA values (357, '40535444Q', 16, 6, 42224.20, '2000-04-10');
insert into VENTA values (358, '50156510W', 52, 3, 21687.78, '2002-03-18');
insert into VENTA values (359, '76894093L', 291, 4, 22404.73, '2018-04-08');
insert into VENTA values (360, '76425103N', 199, 10, 47189.95, '1996-06-13');
insert into VENTA values (361, '25399358Y', 339, 12, 35482.92, '2009-08-18');
insert into VENTA values (362, '54455064M', 90, 8, 26833.73, '2010-07-06');
insert into VENTA values (363, '33212341W', 352, 11, 32107.32, '2013-08-21');
insert into VENTA values (364, '15882340P', 329, 11, 19982.25, '2009-10-01');
insert into VENTA values (365, '33697215H', 42, 8, 19992.34, '2005-01-28');
insert into VENTA values (366, '99347855Z', 161, 3, 35592.24, '2015-03-24');
insert into VENTA values (367, '33158763J', 353, 7, 19683.00, '2002-07-07');
insert into VENTA values (368, '15755888Q', 248, 12, 15639.74, '2008-11-21');
insert into VENTA values (369, '07100931D', 223, 13, 38668.05, '2017-06-28');
insert into VENTA values (370, '93029940A', 164, 13, 37901.22, '2010-02-13');
insert into VENTA values (371, '05069558N', 151, 11, 26346.47, '1996-09-13');
insert into VENTA values (372, '54704226Q', 133, 1, 17307.33, '1997-06-30');
insert into VENTA values (373, '52185819R', 252, 14, 40984.97, '1995-10-12');
insert into VENTA values (374, '51486802Q', 169, 12, 32471.95, '1995-12-28');
insert into VENTA values (375, '11784068V', 139, 9, 40344.17, '1996-12-24');
insert into VENTA values (376, '21668492J', 119, 7, 39003.40, '2009-09-11');
insert into VENTA values (377, '11990058X', 222, 15, 24017.99, '2001-08-09');
insert into VENTA values (378, '42922173L', 42, 14, 22504.12, '2008-11-13');
insert into VENTA values (379, '13073788N', 19, 11, 16619.76, '2014-06-08');
insert into VENTA values (380, '79902669C', 23, 8, 22432.29, '2022-09-19');
insert into VENTA values (381, '88433384T', 54, 13, 35882.55, '2018-10-15');
insert into VENTA values (382, '38752745Z', 169, 12, 39667.66, '2006-04-19');
insert into VENTA values (383, '09134096Q', 110, 7, 34225.35, '2009-02-24');
insert into VENTA values (384, '97663716P', 29, 1, 31261.15, '2011-06-24');
insert into VENTA values (385, '44471416W', 303, 10, 19953.70, '2020-10-27');
insert into VENTA values (386, '64857877S', 78, 6, 19624.78, '2007-12-16');
insert into VENTA values (387, '81993571X', 281, 1, 36532.71, '2009-01-24');
insert into VENTA values (388, '75066564R', 211, 6, 27541.22, '2020-10-06');
insert into VENTA values (389, '34318708T', 266, 6, 21140.53, '1995-09-12');
insert into VENTA values (390, '44921594V', 252, 14, 23663.84, '1999-11-11');
insert into VENTA values (391, '94700211M', 50, 13, 31943.31, '2007-02-10');
insert into VENTA values (392, '29821049J', 98, 12, 22113.79, '2011-09-02');
insert into VENTA values (393, '75137434Z', 182, 5, 20638.90, '2017-09-18');
insert into VENTA values (394, '69224189J', 328, 10, 28197.42, '2020-12-29');
insert into VENTA values (395, '83940502B', 223, 15, 36664.28, '2020-10-01');
insert into VENTA values (396, '13064818N', 139, 9, 44158.07, '2011-05-20');
insert into VENTA values (397, '68984452A', 137, 14, 27607.02, '2016-05-05');
insert into VENTA values (398, '66195000M', 156, 11, 33671.74, '1998-06-20');
insert into VENTA values (399, '49442190L', 158, 11, 49566.55, '2000-07-15');
insert into VENTA values (400, '17572345A', 277, 11, 31812.46, '1996-02-22');
insert into VENTA values (401, '99316051E', 25, 4, 28107.58, '2001-02-16');
insert into VENTA values (402, '99316051E', 348, 14, 48101.62, '2009-01-13');
insert into VENTA values (403, '38009107X', 181, 11, 43241.77, '2012-09-19');
insert into VENTA values (404, '93134907V', 211, 5, 27568.05, '2020-11-23');
insert into VENTA values (405, '05270447X', 23, 8, 48686.17, '2017-02-14');
insert into VENTA values (406, '41869595E', 266, 13, 16519.04, '1995-11-15');
insert into VENTA values (407, '19143027P', 329, 10, 21775.12, '2011-04-14');
insert into VENTA values (408, '75066564R', 28, 12, 30825.21, '2000-01-08');
insert into VENTA values (409, '34883734C', 235, 6, 36440.92, '2011-04-25');
insert into VENTA values (410, '22571989W', 5, 14, 48835.81, '2012-04-18');
insert into VENTA values (411, '72914589P', 275, 8, 22287.79, '2013-01-23');
insert into VENTA values (412, '26527435T', 186, 15, 41661.80, '2015-09-24');
insert into VENTA values (413, '08487384S', 206, 13, 36308.69, '2019-05-18');
insert into VENTA values (414, '42644045Y', 101, 9, 19157.64, '2015-05-23');
insert into VENTA values (415, '13293018H', 348, 14, 31583.66, '2010-05-30');
insert into VENTA values (416, '02069253P', 51, 13, 24278.71, '2016-01-21');
insert into VENTA values (417, '14742061E', 253, 12, 26726.56, '2002-08-09');
insert into VENTA values (418, '18149002B', 94, 2, 36815.45, '2014-05-25');
insert into VENTA values (419, '26527435T', 167, 2, 17735.35, '1997-01-03');
insert into VENTA values (420, '90387929Z', 50, 13, 18603.50, '2009-08-30');
insert into VENTA values (421, '52385687N', 11, 3, 16749.48, '2021-10-11');
insert into VENTA values (422, '00497592L', 9, 3, 23683.59, '2007-04-15');
insert into VENTA values (423, '26201733V', 281, 1, 46273.80, '2015-07-02');
insert into VENTA values (424, '40426219S', 188, 11, 44274.53, '2004-03-09');
insert into VENTA values (425, '11690165B', 155, 14, 41714.27, '2008-09-17');
insert into VENTA values (426, '33697215H', 123, 14, 20971.06, '2008-12-23');
insert into VENTA values (427, '40388532D', 230, 3, 22944.24, '2016-03-10');
insert into VENTA values (428, '65905813D', 95, 7, 40522.86, '2007-08-26');
insert into VENTA values (429, '52385687N', 304, 6, 44161.40, '2016-11-18');
insert into VENTA values (430, '81727825S', 328, 2, 19929.69, '2008-03-30');
insert into VENTA values (431, '97310405E', 255, 5, 46881.14, '1998-05-12');
insert into VENTA values (432, '33212341W', 235, 6, 37613.51, '2016-10-16');
insert into VENTA values (433, '85225313K', 158, 11, 49318.76, '2006-07-08');
insert into VENTA values (434, '04267661M', 325, 3, 24484.98, '2013-08-17');
insert into VENTA values (435, '33158763J', 290, 14, 23866.35, '2004-08-23');
insert into VENTA values (436, '39706967X', 194, 10, 31656.72, '2003-04-14');
insert into VENTA values (437, '90169866Z', 351, 8, 27720.84, '2005-09-21');
insert into VENTA values (438, '18878963M', 168, 15, 46652.48, '2014-03-24');
insert into VENTA values (439, '01260268G', 279, 2, 35341.47, '2009-03-15');
insert into VENTA values (440, '22571989W', 134, 3, 39714.46, '2011-10-07');
insert into VENTA values (441, '02069253P', 219, 2, 46428.44, '2011-12-15');
insert into VENTA values (442, '54763477T', 24, 11, 26602.31, '2010-01-30');
insert into VENTA values (443, '82408310A', 65, 14, 19520.99, '2003-03-02');
insert into VENTA values (444, '81189112K', 22, 5, 40744.70, '2018-09-29');
insert into VENTA values (445, '26527435T', 138, 7, 39301.13, '1999-09-15');
insert into VENTA values (446, '06217634Y', 334, 3, 15585.05, '2007-03-13');
insert into VENTA values (447, '34524342J', 138, 7, 16055.49, '2000-07-18');
insert into VENTA values (448, '83154237Q', 207, 11, 33909.26, '2017-06-16');
insert into VENTA values (449, '86125424R', 302, 5, 38130.50, '2008-03-15');
insert into VENTA values (450, '76285114C', 330, 1, 37175.17, '2019-08-06');
insert into VENTA values (451, '64188064K', 73, 6, 45710.00, '2000-08-31');
insert into VENTA values (452, '90567977D', 32, 6, 22891.27, '2011-08-24');
insert into VENTA values (453, '12359839H', 276, 11, 46450.94, '2013-09-07');
insert into VENTA values (454, '55845985H', 160, 1, 33272.41, '2005-09-01');
insert into VENTA values (455, '34177061E', 23, 1, 49271.62, '2006-04-26');
insert into VENTA values (456, '20916070J', 238, 3, 16689.05, '2012-01-02');
insert into VENTA values (457, '11778443F', 304, 4, 24378.50, '2010-01-04');
insert into VENTA values (458, '04486726B', 51, 13, 17686.98, '2008-04-02');
insert into VENTA values (459, '91358256C', 135, 8, 21006.82, '1995-06-18');
insert into VENTA values (460, '15529242L', 335, 5, 47978.88, '2001-05-24');
insert into VENTA values (461, '52385687N', 118, 1, 16669.28, '2008-11-12');
insert into VENTA values (462, '94700211M', 67, 4, 34028.75, '1999-10-10');
insert into VENTA values (463, '37008481K', 236, 1, 22066.41, '1998-09-15');
insert into VENTA values (464, '97892851Y', 109, 7, 19347.08, '2007-11-28');
insert into VENTA values (465, '11784068V', 282, 2, 42100.37, '2001-06-26');
insert into VENTA values (466, '99347855Z', 289, 7, 46270.14, '1996-05-31');
insert into VENTA values (467, '15971796Y', 330, 14, 26185.43, '2016-12-24');
insert into VENTA values (468, '15882340P', 243, 6, 17555.89, '2020-06-04');
insert into VENTA values (469, '76894093L', 172, 10, 49207.04, '2003-09-21');
insert into VENTA values (470, '52385687N', 296, 11, 25950.76, '2018-11-10');
insert into VENTA values (471, '07023465B', 52, 3, 27038.28, '2007-07-27');
insert into VENTA values (472, '76288165T', 24, 3, 17006.70, '2007-08-29');
insert into VENTA values (473, '42344390L', 116, 8, 27061.41, '2003-06-30');
insert into VENTA values (474, '66282277D', 71, 15, 32353.88, '2021-11-01');
insert into VENTA values (475, '09134096Q', 3, 5, 39262.88, '2016-08-23');
insert into VENTA values (476, '05270447X', 351, 10, 31062.56, '2011-05-11');
insert into VENTA values (477, '93134907V', 138, 5, 26942.04, '2016-10-05');
insert into VENTA values (478, '07555579L', 342, 2, 36376.20, '1997-05-17');
insert into VENTA values (479, '21114463D', 130, 8, 29513.55, '1995-03-25');
insert into VENTA values (480, '96209102L', 135, 8, 48784.60, '2018-04-01');
insert into VENTA values (481, '95128243N', 305, 2, 47761.73, '2016-06-07');
insert into VENTA values (482, '91196251K', 349, 15, 40820.16, '2017-07-02');
insert into VENTA values (483, '81189112K', 145, 7, 48793.04, '2011-10-09');
insert into VENTA values (484, '26064134F', 113, 10, 33052.05, '2008-10-22');
insert into VENTA values (485, '25202179Y', 109, 7, 47481.82, '2003-09-11');
insert into VENTA values (486, '22498646A', 133, 3, 17381.35, '2020-03-19');
insert into VENTA values (487, '61763309G', 71, 15, 26691.06, '2015-12-18');
insert into VENTA values (488, '94096172Y', 278, 12, 22725.84, '2019-09-27');
insert into VENTA values (489, '32408522E', 90, 1, 45455.06, '2012-09-03');
insert into VENTA values (490, '20624498H', 18, 11, 43992.55, '2007-08-12');
insert into VENTA values (491, '10124871V', 143, 12, 45026.94, '2021-06-20');
insert into VENTA values (492, '49442190L', 353, 12, 32001.60, '2001-11-04');
insert into VENTA values (493, '70991527D', 254, 9, 31417.93, '2022-10-01');
insert into VENTA values (494, '48444766E', 242, 5, 40018.97, '2000-02-29');
insert into VENTA values (495, '54704226Q', 191, 8, 26288.63, '2004-02-16');
insert into VENTA values (496, '88828325C', 95, 12, 17235.45, '2000-01-03');
insert into VENTA values (497, '76288165T', 88, 6, 22605.10, '1998-03-28');
insert into VENTA values (498, '90650688G', 350, 5, 15835.60, '2008-11-29');
insert into VENTA values (499, '19399414V', 322, 6, 21921.50, '2017-06-19');
insert into VENTA values (500, '76989105K', 22, 5, 28200.27, '1997-07-14');
insert into VENTA values (501, '35039579Z', 247, 6, 21157.00, '2012-07-07');
insert into VENTA values (502, '12359839H', 123, 1, 23489.84, '1996-01-20');
insert into VENTA values (503, '59312422Z', 139, 9, 38936.02, '2005-06-02');
insert into VENTA values (504, '74979239Y', 88, 3, 47813.42, '2003-07-14');
insert into VENTA values (505, '93134907V', 336, 4, 24440.48, '1996-02-26');
insert into VENTA values (506, '78229153P', 55, 7, 33537.36, '2016-09-27');
insert into VENTA values (507, '08082008R', 113, 10, 37402.79, '2008-01-13');
insert into VENTA values (508, '94700211M', 89, 14, 48005.95, '2007-11-16');
insert into VENTA values (509, '29721686F', 278, 12, 46602.05, '1995-05-24');
insert into VENTA values (510, '54525077P', 338, 13, 45250.08, '2013-05-18');
insert into VENTA values (511, '14636811C', 40, 5, 37080.30, '2012-10-07');
insert into VENTA values (512, '09134096Q', 247, 12, 40177.89, '2002-06-26');
insert into VENTA values (513, '32007921T', 159, 8, 45737.71, '2018-02-18');
insert into VENTA values (514, '84414135V', 302, 7, 38467.11, '2009-07-21');
insert into VENTA values (515, '11763423E', 332, 8, 35929.29, '1997-11-26');
insert into VENTA values (516, '38752745Z', 228, 12, 44499.23, '2015-07-13');
insert into VENTA values (517, '97892851Y', 139, 1, 24431.92, '2011-11-23');
insert into VENTA values (518, '68253951C', 248, 6, 15679.69, '1997-08-13');
insert into VENTA values (519, '99347855Z', 48, 11, 41247.21, '2015-04-06');
insert into VENTA values (520, '35692663Y', 351, 11, 17293.63, '2002-03-29');
insert into VENTA values (521, '72294195X', 288, 10, 41817.50, '2006-05-02');
insert into VENTA values (522, '64188064K', 166, 12, 19872.90, '2013-05-31');
insert into VENTA values (523, '01766539B', 295, 11, 44489.65, '2008-10-24');
insert into VENTA values (524, '67187226T', 314, 9, 36412.72, '2008-07-31');
insert into VENTA values (525, '08505180L', 135, 10, 45992.67, '2019-10-20');
insert into VENTA values (526, '44471416W', 339, 7, 46357.58, '2015-07-13');
insert into VENTA values (527, '85366330N', 158, 5, 17633.44, '2016-01-03');
insert into VENTA values (528, '48444766E', 143, 12, 25567.46, '1999-04-04');
insert into VENTA values (529, '07023465B', 108, 12, 25564.02, '2002-04-26');
insert into VENTA values (530, '33212341W', 123, 1, 25668.57, '2016-02-06');
insert into VENTA values (531, '42195886T', 131, 4, 37238.84, '2020-01-25');
insert into VENTA values (532, '89547749K', 77, 8, 15369.82, '2001-07-19');
insert into VENTA values (533, '55938902E', 348, 8, 16003.62, '2015-01-29');
insert into VENTA values (534, '11784068V', 228, 12, 23915.45, '2016-03-17');
insert into VENTA values (535, '62637730N', 3, 15, 29113.89, '1998-05-03');
insert into VENTA values (536, '63929715W', 292, 15, 36820.26, '1995-06-23');
insert into VENTA values (537, '19428068Q', 135, 10, 26471.47, '2006-11-16');
insert into VENTA values (538, '65766911Y', 239, 2, 41736.85, '2015-08-25');
insert into VENTA values (539, '52350448L', 309, 4, 20600.09, '2009-12-25');
insert into VENTA values (540, '15882340P', 303, 1, 35389.50, '2009-08-22');
insert into VENTA values (541, '70991527D', 353, 12, 34113.49, '2005-05-25');
insert into VENTA values (542, '25399358Y', 328, 10, 29415.51, '2012-05-16');
insert into VENTA values (543, '96209102L', 161, 3, 39222.05, '2008-11-01');
insert into VENTA values (544, '39706967X', 348, 15, 36875.66, '2009-03-22');
insert into VENTA values (545, '61361546H', 220, 11, 29371.04, '2013-07-05');
insert into VENTA values (546, '15971796Y', 49, 12, 26283.00, '2022-09-30');
insert into VENTA values (547, '50156510W', 147, 13, 46427.51, '2017-07-29');
insert into VENTA values (548, '27583325A', 188, 11, 42699.61, '2020-05-11');
insert into VENTA values (549, '82150852E', 348, 7, 28650.08, '2006-10-18');
insert into VENTA values (550, '42526318J', 113, 10, 22235.24, '2004-04-06');
insert into VENTA values (551, '40974777B', 121, 2, 42275.53, '2004-06-06');
insert into VENTA values (552, '77025617X', 116, 7, 48309.87, '2004-12-22');
insert into VENTA values (553, '66254413R', 41, 8, 19529.96, '2000-05-06');
insert into VENTA values (554, '73110034D', 291, 1, 18856.33, '2002-03-16');
insert into VENTA values (555, '45418763W', 260, 1, 39023.17, '2020-10-14');
insert into VENTA values (556, '52657187Y', 200, 11, 18424.98, '1996-07-01');
insert into VENTA values (557, '73236250V', 25, 13, 48357.19, '2008-07-28');
insert into VENTA values (558, '40426219S', 262, 2, 24731.26, '2008-12-12');
insert into VENTA values (559, '64215808R', 49, 12, 45647.97, '2019-09-27');
insert into VENTA values (560, '64889868Q', 236, 1, 27652.27, '1997-06-24');
insert into VENTA values (561, '19399414V', 80, 14, 20777.31, '2021-10-23');
insert into VENTA values (562, '14519506X', 148, 15, 34120.26, '2007-02-26');
insert into VENTA values (563, '62535013Q', 188, 10, 47694.50, '2020-03-17');
insert into VENTA values (564, '76894093L', 310, 12, 47532.30, '1999-07-22');
insert into VENTA values (565, '75086781R', 343, 5, 43163.58, '2020-05-15');
insert into VENTA values (566, '26922715W', 329, 10, 26158.32, '2007-05-17');
insert into VENTA values (567, '78229153P', 91, 8, 33363.86, '2014-03-06');
insert into VENTA values (568, '74979239Y', 155, 15, 46971.87, '2021-05-26');
insert into VENTA values (569, '22571989W', 351, 8, 22057.30, '1997-10-22');
insert into VENTA values (570, '90634737T', 248, 5, 36118.92, '2019-07-26');
insert into VENTA values (571, '28237416T', 77, 4, 41562.95, '1997-09-28');
insert into VENTA values (572, '84891039T', 275, 14, 24745.66, '1997-08-25');
insert into VENTA values (573, '24945511L', 134, 9, 23099.66, '2022-03-20');
insert into VENTA values (574, '40426219S', 65, 9, 48415.21, '2010-02-24');
insert into VENTA values (575, '22673182P', 305, 2, 40487.64, '2008-02-16');
insert into VENTA values (576, '77053874L', 7, 4, 45587.36, '2003-05-30');
insert into VENTA values (577, '76285114C', 295, 11, 24276.92, '2016-11-09');
insert into VENTA values (578, '88828325C', 91, 8, 37921.81, '2013-06-14');
insert into VENTA values (579, '71584213C', 153, 4, 17281.10, '2001-05-26');
insert into VENTA values (580, '42644045Y', 275, 5, 31385.80, '2001-02-22');
insert into VENTA values (581, '34318708T', 122, 8, 32725.42, '2020-02-26');
insert into VENTA values (582, '99778723J', 248, 12, 39060.73, '1996-07-16');
insert into VENTA values (583, '11690165B', 72, 7, 36056.77, '2002-03-03');
insert into VENTA values (584, '64499326P', 24, 11, 25535.31, '2002-05-28');
insert into VENTA values (585, '15882340P', 105, 15, 21528.91, '1999-04-26');
insert into VENTA values (586, '82150852E', 78, 10, 40581.50, '2022-06-09');
insert into VENTA values (587, '38009107X', 206, 1, 29608.92, '2000-07-05');
insert into VENTA values (588, '90387929Z', 242, 13, 27497.39, '1996-03-05');
insert into VENTA values (589, '88433384T', 15, 9, 33802.06, '2002-07-21');
insert into VENTA values (590, '13073788N', 96, 15, 17187.34, '1999-07-27');
insert into VENTA values (591, '11293593V', 179, 6, 28144.56, '2018-07-01');
insert into VENTA values (592, '47476210B', 175, 8, 30180.29, '1998-10-09');
insert into VENTA values (593, '42344390L', 166, 12, 40123.68, '2009-02-09');
insert into VENTA values (594, '45497987J', 11, 3, 29840.49, '2012-10-14');
insert into VENTA values (595, '95895675E', 104, 6, 37131.61, '2002-05-07');
insert into VENTA values (596, '49148045P', 282, 5, 19310.80, '2011-09-18');
insert into VENTA values (597, '65362247W', 276, 1, 37579.44, '2012-11-10');
insert into VENTA values (598, '64526930S', 74, 1, 15240.23, '1996-03-30');
insert into VENTA values (599, '34883734C', 315, 11, 48493.12, '2022-05-25');
insert into VENTA values (600, '10349617J', 224, 8, 35195.30, '2016-12-11');
